CAL0014,14/10/2026,2026-10-14,Qua,1,ART0602,KW0010,por que os cães abanam o rabo,Por que os cães abanam o rabo?,Animais,animais,1049,44,KW0193; KW0194; KW0195; KW0196; KW0197; KW0198; KW0199; KW0200,por que os cães abanam o rabo explicado de forma simples; por que os cães abanam o rabo entenda como funciona; por que os cães abanam o rabo causas e explicação; por que os cães abanam o rabo perguntas e respostas; por que os cães abanam o rabo o que a ciência sabe; por que os cães abanam o rabo curiosidades e fatos; por que os cães abanam o rabo exemplos do dia a dia; por que os cães abanam o rabo mitos e verdades,por-que-os-caes-abanam-o-rabo,planejado,,a conferir,,,,
CAL0186,01/01/2027,2027-01-01,Sex,2,ART0012,KW0067,por que sentimos déjà vu,Por que sentimos déjà vu?,Psicologia e comportamento,psicologia-e-comportamento,1051,27,KW0649; KW0650; KW0651; KW0652; KW0653; KW0654; KW0655; KW0656,por que sentimos déjà vu explicado de forma simples; por que sentimos déjà vu entenda como funciona; por que sentimos déjà vu causas e explicação; por que sentimos déjà vu perguntas e respostas; por que sentimos déjà vu o que a ciência sabe; por que sentimos déjà vu curiosidades e fatos; por que sentimos déjà vu exemplos do dia a dia; por que sentimos déjà vu mitos e verdades,por-que-sentimos-deja-vu,planejado,,a conferir,,,,
CAL0042,06/11/2026,2026-11-06,Sex,1,ART0610,KW0058,como as aranhas fazem teias,Como as aranhas fazem teias?,Animais,animais,1053,36,KW0577; KW0578; KW0579; KW0580; KW0581; KW0582; KW0583; KW0584,como as aranhas fazem teias explicado de forma simples; como as aranhas fazem teias entenda como funciona; como as aranhas fazem teias causas e explicação; como as aranhas fazem teias perguntas e respostas; como as aranhas fazem teias o que a ciência sabe; como as aranhas fazem teias curiosidades e fatos; como as aranhas fazem teias exemplos do dia a dia; como as aranhas fazem teias mitos e verdades,como-as-aranhas-fazem-teias,planejado,,a conferir,,,,
CAL0180,30/12/2026,2026-12-30,Qua,2,ART0011,KW0061,por que sonhamos acordados,Por que sonhamos acordados?,Psicologia e comportamento,psicologia-e-comportamento,1061,35,KW0601; KW0602; KW0603; KW0604; KW0605; KW0606; KW0607; KW0608,por que sonhamos acordados explicado de forma simples; por que sonhamos acordados entenda como funciona; por que sonhamos acordados causas e explicação; por que sonhamos acordados perguntas e respostas; por que sonhamos acordados o que a ciência sabe; por que sonhamos acordados curiosidades e fatos; por que sonhamos acordados exemplos do dia a dia; por que sonhamos acordados mitos e verdades,por-que-sonhamos-acordados,planejado,,a conferir,,,,
CAL0018,18/10/2026,2026-10-18,Dom,1,ART0603,KW0016,como as abelhas se comunicam,Como as abelhas se comunicam?,Animais,animais,1068,34,KW0241; KW0242; KW0243; KW0244; KW0245; KW0246; KW0247; KW0248,como as abelhas se comunicam explicado de forma simples; como as abelhas se comunicam entenda como funciona; como as abelhas se comunicam causas e explicação; como as abelhas se comunicam perguntas e respostas; como as abelhas se comunicam o que a ciência sabe; como as abelhas se comunicam curiosidades e fatos; como as abelhas se comunicam exemplos do dia a dia; como as abelhas se comunicam mitos e verdades,como-as-abelhas-se-comunicam,planejado,,a conferir,,,,
CAL0109,06/12/2026,2026-12-06,Dom,3,ART0920,KW0120,como a IA gera vídeos,Como a ia gera vídeos?,"Tecnologia, IA e ciência",tecnologia-ia-e-ciencia,1069,35,KW3441; KW3442; KW3443; KW3444; KW3445; KW3446; KW3447; KW3448,como a IA gera vídeos explicado de forma simples; como a IA gera vídeos entenda como funciona; como a IA gera vídeos causas e explicação; como a IA gera vídeos perguntas e respostas; como a IA gera vídeos o que a ciência sabe; como a IA gera vídeos curiosidades e fatos; como a IA gera vídeos exemplos do dia a dia; como a IA gera vídeos mitos e verdades,como-a-ia-gera-videos,planejado,,a conferir,,,,
CAL0141,17/12/2026,2026-12-17,Qui,2,ART0257,KW0038,por que sentimos fome,Por que sentimos fome?,Corpo humano,corpo-humano,1070,41,KW0417; KW0418; KW0419; KW0420; KW0421; KW0422; KW0423; KW0424,por que sentimos fome explicado de forma simples; por que sentimos fome entenda como funciona; por que sentimos fome causas e explicação; por que sentimos fome perguntas e respostas; por que sentimos fome o que a ciência sabe; por que sentimos fome curiosidades e fatos; por que sentimos fome exemplos do dia a dia; por que sentimos fome mitos e verdades,por-que-sentimos-fome,planejado,,a conferir,,,,
CAL0062,16/11/2026,2026-11-16,Seg,1,ART0615,KW0088,como os peixes respiram,Como os peixes respiram?,Animais,animais,1078,28,KW0817; KW0818; KW0819; KW0820; KW0821; KW0822; KW0823; KW0824,como os peixes respiram explicado de forma simples; como os peixes respiram entenda como funciona; como os peixes respiram causas e explicação; como os peixes respiram perguntas e respostas; como os peixes respiram o que a ciência sabe; como os peixes respiram curiosidades e fatos; como os peixes respiram exemplos do dia a dia; como os peixes respiram mitos e verdades,como-os-peixes-respiram,planejado,,a conferir,,,,
CAL0031,31/10/2026,2026-10-31,Sab,1,ART0754,KW0023,por que o mar é salgado,Por que o mar é salgado?,Ciência e fenômenos,ciencia-e-fenomenos,1090,44,KW0297; KW0298; KW0299; KW0300; KW0301; KW0302; KW0303; KW0304,por que o mar é salgado explicado de forma simples; por que o mar é salgado entenda como funciona; por que o mar é salgado causas e explicação; por que o mar é salgado perguntas e respostas; por que o mar é salgado o que a ciência sabe; por que o mar é salgado curiosidades e fatos; por que o mar é salgado exemplos do dia a dia; por que o mar é salgado mitos e verdades,por-que-o-mar-e-salgado,planejado,,a conferir,,,,
CAL0144,18/12/2026,2026-12-18,Sex,2,ART0004,KW0019,por que sentimos nostalgia,Por que sentimos nostalgia?,Psicologia e comportamento,psicologia-e-comportamento,1096,46,KW0265; KW0266; KW0267; KW0268; KW0269; KW0270; KW0271; KW0272,por que sentimos nostalgia explicado de forma simples; por que sentimos nostalgia entenda como funciona; por que sentimos nostalgia causas e explicação; por que sentimos nostalgia perguntas e respostas; por que sentimos nostalgia o que a ciência sabe; por que sentimos nostalgia curiosidades e fatos; por que sentimos nostalgia exemplos do dia a dia; por que sentimos nostalgia mitos e verdades,por-que-sentimos-nostalgia,planejado,,a conferir,,,,
CAL0084,27/11/2026,2026-11-27,Sex,1,ART0916,KW0096,como os robôs aprendem,Como os robôs aprendem?,"Tecnologia, IA e ciência",tecnologia-ia-e-ciencia,1102,42,KW0881; KW0882; KW0883; KW0884; KW0885; KW0886; KW0887; KW0888,como os robôs aprendem explicado de forma simples; como os robôs aprendem entenda como funciona; como os robôs aprendem causas e explicação; como os robôs aprendem perguntas e respostas; como os robôs aprendem o que a ciência sabe; como os robôs aprendem curiosidades e fatos; como os robôs aprendem exemplos do dia a dia; como os robôs aprendem mitos e verdades,como-os-robos-aprendem,planejado,,a conferir,,,,
CAL0158,23/12/2026,2026-12-23,Qua,1,ART0466,KW0093,como funciona um telescópio,Como funciona um telescópio?,Universo e espaço,universo-e-espaco,1111,35,KW0857; KW0858; KW0859; KW0860; KW0861; KW0862; KW0863; KW0864,como funciona um telescópio explicado de forma simples; como funciona um telescópio entenda como funciona; como funciona um telescópio causas e explicação; como funciona um telescópio perguntas e respostas; como funciona um telescópio o que a ciência sabe; como funciona um telescópio curiosidades e fatos; como funciona um telescópio exemplos do dia a dia; como funciona um telescópio mitos e verdades,como-funciona-um-telescopio,planejado,,a conferir,,,,
CAL0168,26/12/2026,2026-12-26,Sab,2,ART0009,KW0049,por que buscamos aprovação,Por que buscamos aprovação?,Psicologia e comportamento,psicologia-e-comportamento,1133,41,KW0505; KW0506; KW0507; KW0508; KW0509; KW0510; KW0511; KW0512,por que buscamos aprovação explicado de forma simples; por que buscamos aprovação entenda como funciona; por que buscamos aprovação causas e explicação; por que buscamos aprovação perguntas e respostas; por que buscamos aprovação o que a ciência sabe; por que buscamos aprovação curiosidades e fatos; por que buscamos aprovação exemplos do dia a dia; por que buscamos aprovação mitos e verdades,por-que-buscamos-aprovacao,planejado,,a conferir,,,,
CAL0140,17/12/2026,2026-12-17,Qui,1,ART0463,KW0075,por que o espaço é escuro,Por que o espaço é escuro?,Universo e espaço,universo-e-espaco,1144,34,KW0713; KW0714; KW0715; KW0716; KW0717; KW0718; KW0719; KW0720,por que o espaço é escuro explicado de forma simples; por que o espaço é escuro entenda como funciona; por que o espaço é escuro causas e explicação; por que o espaço é escuro perguntas e respostas; por que o espaço é escuro o que a ciência sabe; por que o espaço é escuro curiosidades e fatos; por que o espaço é escuro exemplos do dia a dia; por que o espaço é escuro mitos e verdades,por-que-o-espaco-e-escuro,planejado,,a conferir,,,,
CAL0222,13/01/2027,2027-01-13,Qua,2,ART0018,KW0103,por que gostamos de rotina,Por que gostamos de rotina?,Psicologia e comportamento,psicologia-e-comportamento,1148,32,KW0937; KW0938; KW0939; KW0940; KW0941; KW0942; KW0943; KW0944,por que gostamos de rotina explicado de forma simples; por que gostamos de rotina entenda como funciona; por que gostamos de rotina causas e explicação; por que gostamos de rotina perguntas e respostas; por que gostamos de rotina o que a ciência sabe; por que gostamos de rotina curiosidades e fatos; por que gostamos de rotina exemplos do dia a dia; por que gostamos de rotina mitos e verdades,por-que-gostamos-de-rotina,planejado,,a conferir,,,,
CAL0176,29/12/2026,2026-12-29,Ter,1,ART0469,KW0111,o que é matéria escura,O que é matéria escura?,Universo e espaço,universo-e-espaco,1154,32,KW3737; KW3738; KW3739; KW3740; KW3741; KW3742; KW3743; KW3744,o que é matéria escura explicado de forma simples; o que é matéria escura entenda como funciona; o que é matéria escura causas e explicação; o que é matéria escura perguntas e respostas; o que é matéria escura o que a ciência sabe; o que é matéria escura curiosidades e fatos; o que é matéria escura exemplos do dia a dia; o que é matéria escura mitos e verdades,o-que-e-materia-escura,planejado,,a conferir,,,,
CAL0210,09/01/2027,2027-01-09,Sab,2,ART0016,KW0091,por que mudamos de opinião,Por que mudamos de opinião?,Psicologia e comportamento,psicologia-e-comportamento,1163,36,KW0841; KW0842; KW0843; KW0844; KW0845; KW0846; KW0847; KW0848,por que mudamos de opinião explicado de forma simples; por que mudamos de opinião entenda como funciona; por que mudamos de opinião causas e explicação; por que mudamos de opinião perguntas e respostas; por que mudamos de opinião o que a ciência sabe; por que mudamos de opinião curiosidades e fatos; por que mudamos de opinião exemplos do dia a dia; por que mudamos de opinião mitos e verdades,por-que-mudamos-de-opiniao,planejado,,a conferir,,,,
CAL0164,25/12/2026,2026-12-25,Sex,1,ART0467,KW0099,o que são ondas gravitacionais,O que são ondas gravitacionais?,Universo e espaço,universo-e-espaco,1204,39,KW0905; KW0906; KW0907; KW0908; KW0909; KW0910; KW0911; KW0912,o que são ondas gravitacionais explicado de forma simples; o que são ondas gravitacionais entenda como funciona; o que são ondas gravitacionais causas e explicação; o que são ondas gravitacionais perguntas e respostas; o que são ondas gravitacionais o que a ciência sabe; o que são ondas gravitacionais curiosidades e fatos; o que são ondas gravitacionais exemplos do dia a dia; o que são ondas gravitacionais mitos e verdades,o-que-sao-ondas-gravitacionais,planejado,,a conferir,,,,
CAL0046,08/11/2026,2026-11-08,Dom,1,ART0611,KW0064,por que os camaleões mudam de cor,Por que os camaleões mudam de cor?,Animais,animais,1206,31,KW0625; KW0626; KW0627; KW0628; KW0629; KW0630; KW0631; KW0632,por que os camaleões mudam de cor explicado de forma simples; por que os camaleões mudam de cor entenda como funciona; por que os camaleões mudam de cor causas e explicação; por que os camaleões mudam de cor perguntas e respostas; por que os camaleões mudam de cor o que a ciência sabe; por que os camaleões mudam de cor curiosidades e fatos; por que os camaleões mudam de cor exemplos do dia a dia; por que os camaleões mudam de cor mitos e verdades,por-que-os-camaleoes-mudam-de-cor,planejado,,a conferir,,,,
CAL0189,02/01/2027,2027-01-02,Sab,2,ART0266,KW0092,como o corpo regula a temperatura,Como o corpo regula a temperatura?,Corpo humano,corpo-humano,1215,29,KW0849; KW0850; KW0851; KW0852; KW0853; KW0854; KW0855; KW0856,como o corpo regula a temperatura explicado de forma simples; como o corpo regula a temperatura entenda como funciona; como o corpo regula a temperatura causas e explicação; como o corpo regula a temperatura perguntas e respostas; como o corpo regula a temperatura o que a ciência sabe; como o corpo regula a temperatura curiosidades e fatos; como o corpo regula a temperatura exemplos do dia a dia; como o corpo regula a temperatura mitos e verdades,como-o-corpo-regula-a-temperatura,planejado,,a conferir,,,,
CAL0025,25/10/2026,2026-10-25,Dom,1,ART0461,KW0063,o que é uma galáxia,O que é uma galáxia?,Universo e espaço,universo-e-espaco,1217,31,KW0617; KW0618; KW0619; KW0620; KW0621; KW0622; KW0623; KW0624,o que é uma galáxia explicado de forma simples; o que é uma galáxia entenda como funciona; o que é uma galáxia causas e explicação; o que é uma galáxia perguntas e respostas; o que é uma galáxia o que a ciência sabe; o que é uma galáxia curiosidades e fatos; o que é uma galáxia exemplos do dia a dia; o que é uma galáxia mitos e verdades,o-que-e-uma-galaxia,planejado,,ok (faixa do Planner),galáxias,10 mil a 100 mil,Baixo,
CAL0039,04/11/2026,2026-11-04,Qua,2,ART0759,KW0053,por que o gelo flutua,Por que o gelo flutua?,Ciência e fenômenos,ciencia-e-fenomenos,1219,44,KW0537; KW0538; KW0539; KW0540; KW0541; KW0542; KW0543; KW0544,por que o gelo flutua explicado de forma simples; por que o gelo flutua entenda como funciona; por que o gelo flutua causas e explicação; por que o gelo flutua perguntas e respostas; por que o gelo flutua o que a ciência sabe; por que o gelo flutua curiosidades e fatos; por que o gelo flutua exemplos do dia a dia; por que o gelo flutua mitos e verdades,por-que-o-gelo-flutua,planejado,,a conferir,,,,
CAL0067,18/11/2026,2026-11-18,Qua,2,ART0767,KW0101,como se formam cristais,Como se formam cristais?,Ciência e fenômenos,ciencia-e-fenomenos,1220,37,KW0921; KW0922; KW0923; KW0924; KW0925; KW0926; KW0927; KW0928,como se formam cristais explicado de forma simples; como se formam cristais entenda como funciona; como se formam cristais causas e explicação; como se formam cristais perguntas e respostas; como se formam cristais o que a ciência sabe; como se formam cristais curiosidades e fatos; como se formam cristais exemplos do dia a dia; como se formam cristais mitos e verdades,como-se-formam-cristais,planejado,,a conferir,,,,
CAL0044,07/11/2026,2026-11-07,Sab,1,ART0903,KW0018,como os modelos de linguagem aprendem,Como os modelos de linguagem aprendem?,"Tecnologia, IA e ciência",tecnologia-ia-e-ciencia,1231,40,KW0257; KW0258; KW0259; KW0260; KW0261; KW0262; KW0263; KW0264,como os modelos de linguagem aprendem explicado de forma simples; como os modelos de linguagem aprendem entenda como funciona; como os modelos de linguagem aprendem causas e explicação; como os modelos de linguagem aprendem perguntas e respostas; como os modelos de linguagem aprendem o que a ciência sabe; como os modelos de linguagem aprendem curiosidades e fatos; como os modelos de linguagem aprendem exemplos do dia a dia; como os modelos de linguagem aprendem mitos e verdades,como-os-modelos-de-linguagem-aprendem,planejado,,a conferir,,,,
CAL0171,27/12/2026,2026-12-27,Dom,2,ART0262,KW0068,por que envelhecemos,Por que envelhecemos?,Corpo humano,corpo-humano,1231,26,KW0657; KW0658; KW0659; KW0660; KW0661; KW0662; KW0663; KW0664,por que envelhecemos explicado de forma simples; por que envelhecemos entenda como funciona; por que envelhecemos causas e explicação; por que envelhecemos perguntas e respostas; por que envelhecemos o que a ciência sabe; por que envelhecemos curiosidades e fatos; por que envelhecemos exemplos do dia a dia; por que envelhecemos mitos e verdades,por-que-envelhecemos,planejado,,a conferir,,,,
CAL0170,27/12/2026,2026-12-27,Dom,1,ART0468,KW0105,como medimos a idade do universo,Como medimos a idade do universo?,Universo e espaço,universo-e-espaco,1238,40,KW0953; KW0954; KW0955; KW0956; KW0957; KW0958; KW0959; KW0960,como medimos a idade do universo explicado de forma simples; como medimos a idade do universo entenda como funciona; como medimos a idade do universo causas e explicação; como medimos a idade do universo perguntas e respostas; como medimos a idade do universo o que a ciência sabe; como medimos a idade do universo curiosidades e fatos; como medimos a idade do universo exemplos do dia a dia; como medimos a idade do universo mitos e verdades,como-medimos-a-idade-do-universo,planejado,,a conferir,,,,
CAL0204,07/01/2027,2027-01-07,Qui,2,ART0015,KW0085,como o cérebro toma decisões,Como o cérebro toma decisões?,Psicologia e comportamento,psicologia-e-comportamento,1239,32,KW0793; KW0794; KW0795; KW0796; KW0797; KW0798; KW0799; KW0800,como o cérebro toma decisões explicado de forma simples; como o cérebro toma decisões entenda como funciona; como o cérebro toma decisões causas e explicação; como o cérebro toma decisões perguntas e respostas; como o cérebro toma decisões o que a ciência sabe; como o cérebro toma decisões curiosidades e fatos; como o cérebro toma decisões exemplos do dia a dia; como o cérebro toma decisões mitos e verdades,como-o-cerebro-toma-decisoes,planejado,,a conferir,,,,
CAL0070,20/11/2026,2026-11-20,Sex,1,ART0617,KW0100,por que algumas aves imitam sons,Por que algumas aves imitam sons?,Animais,animais,1252,33,KW0913; KW0914; KW0915; KW0916; KW0917; KW0918; KW0919; KW0920,por que algumas aves imitam sons explicado de forma simples; por que algumas aves imitam sons entenda como funciona; por que algumas aves imitam sons causas e explicação; por que algumas aves imitam sons perguntas e respostas; por que algumas aves imitam sons o que a ciência sabe; por que algumas aves imitam sons curiosidades e fatos; por que algumas aves imitam sons exemplos do dia a dia; por que algumas aves imitam sons mitos e verdades,por-que-algumas-aves-imitam-sons,planejado,,a conferir,,,,
CAL0147,19/12/2026,2026-12-19,Sab,2,ART0258,KW0044,por que sentimos sede,Por que sentimos sede?,Corpo humano,corpo-humano,1258,26,KW0465; KW0466; KW0467; KW0468; KW0469; KW0470; KW0471; KW0472,por que sentimos sede explicado de forma simples; por que sentimos sede entenda como funciona; por que sentimos sede causas e explicação; por que sentimos sede perguntas e respostas; por que sentimos sede o que a ciência sabe; por que sentimos sede curiosidades e fatos; por que sentimos sede exemplos do dia a dia; por que sentimos sede mitos e verdades,por-que-sentimos-sede,planejado,,a conferir,,,,
CAL0207,08/01/2027,2027-01-08,Sex,2,ART0269,KW0110,como cicatriza uma ferida,Como cicatriza uma ferida?,Corpo humano,corpo-humano,1259,26,KW3905; KW3906; KW3907; KW3908; KW3909; KW3910; KW3911; KW3912,como cicatriza uma ferida explicado de forma simples; como cicatriza uma ferida entenda como funciona; como cicatriza uma ferida causas e explicação; como cicatriza uma ferida perguntas e respostas; como cicatriza uma ferida o que a ciência sabe; como cicatriza uma ferida curiosidades e fatos; como cicatriza uma ferida exemplos do dia a dia; como cicatriza uma ferida mitos e verdades,como-cicatriza-uma-ferida,planejado,,a conferir,,,,
CAL0165,25/12/2026,2026-12-25,Sex,2,ART0261,KW0062,por que o cabelo cresce,Por que o cabelo cresce?,Corpo humano,corpo-humano,1269,37,KW0609; KW0610; KW0611; KW0612; KW0613; KW0614; KW0615; KW0616,por que o cabelo cresce explicado de forma simples; por que o cabelo cresce entenda como funciona; por que o cabelo cresce causas e explicação; por que o cabelo cresce perguntas e respostas; por que o cabelo cresce o que a ciência sabe; por que o cabelo cresce curiosidades e fatos; por que o cabelo cresce exemplos do dia a dia; por que o cabelo cresce mitos e verdades,por-que-o-cabelo-cresce,planejado,,a conferir,,,,
CAL0195,04/01/2027,2027-01-04,Seg,2,ART0267,KW0098,por que sentimos dor,Por que sentimos dor?,Corpo humano,corpo-humano,1272,32,KW0897; KW0898; KW0899; KW0900; KW0901; KW0902; KW0903; KW0904,por que sentimos dor explicado de forma simples; por que sentimos dor entenda como funciona; por que sentimos dor causas e explicação; por que sentimos dor perguntas e respostas; por que sentimos dor o que a ciência sabe; por que sentimos dor curiosidades e fatos; por que sentimos dor exemplos do dia a dia; por que sentimos dor mitos e verdades,por-que-sentimos-dor,planejado,,a conferir,,,,
CAL0128,13/12/2026,2026-12-13,Dom,1,ART0460,KW0057,o que é uma supernova,O que é uma supernova?,Universo e espaço,universo-e-espaco,1275,40,KW0569; KW0570; KW0571; KW0572; KW0573; KW0574; KW0575; KW0576,o que é uma supernova explicado de forma simples; o que é uma supernova entenda como funciona; o que é uma supernova causas e explicação; o que é uma supernova perguntas e respostas; o que é uma supernova o que a ciência sabe; o que é uma supernova curiosidades e fatos; o que é uma supernova exemplos do dia a dia; o que é uma supernova mitos e verdades,o-que-e-uma-supernova,planejado,,a conferir,,,,
CAL0159,23/12/2026,2026-12-23,Qua,2,ART0260,KW0056,por que os olhos piscam,Por que os olhos piscam?,Corpo humano,corpo-humano,1286,45,KW0561; KW0562; KW0563; KW0564; KW0565; KW0566; KW0567; KW0568,por que os olhos piscam explicado de forma simples; por que os olhos piscam entenda como funciona; por que os olhos piscam causas e explicação; por que os olhos piscam perguntas e respostas; por que os olhos piscam o que a ciência sabe; por que os olhos piscam curiosidades e fatos; por que os olhos piscam exemplos do dia a dia; por que os olhos piscam mitos e verdades,por-que-os-olhos-piscam,planejado,,a conferir,,,,
CAL0001,01/10/2026,2026-10-01,Qui,1,ART0453,KW0015,por que a Lua tem fases,Por que a lua tem fases?,Universo e espaço,universo-e-espaco,1299,39,KW0233; KW0234; KW0235; KW0236; KW0237; KW0238; KW0239; KW0240,por que a Lua tem fases explicado de forma simples; por que a Lua tem fases entenda como funciona; por que a Lua tem fases causas e explicação; por que a Lua tem fases perguntas e respostas; por que a Lua tem fases o que a ciência sabe; por que a Lua tem fases curiosidades e fatos; por que a Lua tem fases exemplos do dia a dia; por que a Lua tem fases mitos e verdades,por-que-a-lua-tem-fases,revisar,,ok (faixa do Planner),fases da lua,100 mil a 1 milhão,Baixo,"FALHA 2026-09-30 (tentativa 1): reprovado após 4 tentativa(s): P5: V1/V4: ""Nessa fase, a Lua aparece no céu logo depois do pôr do sol, perto de onde o Sol se pôs, e se põe algumas horas depois dele."" (Lua crescente) → a fonte NASA Moon Phases diz que a crescente nasce de manhã, depois que o Sol já está no céu, e se põe à noite, depois que o Sol já se pôs. O texto se contradiz com a fonte (e com a própria frase sobre o quarto crescente, que nasce por volta do meio-dia). ""Apare"
CAL0082,26/11/2026,2026-11-26,Qui,1,ART0620,KW0118,por que alguns animais hibernam,Por que alguns animais hibernam?,Animais,animais,1328,27,KW3249; KW3250; KW3251; KW3252; KW3253; KW3254; KW3255; KW3256,por que alguns animais hibernam explicado de forma simples; por que alguns animais hibernam entenda como funciona; por que alguns animais hibernam causas e explicação; por que alguns animais hibernam perguntas e respostas; por que alguns animais hibernam o que a ciência sabe; por que alguns animais hibernam curiosidades e fatos; por que alguns animais hibernam exemplos do dia a dia; por que alguns animais hibernam mitos e verdades,por-que-alguns-animais-hibernam,planejado,,a conferir,,,,
CAL0074,22/11/2026,2026-11-22,Dom,1,ART0618,KW0106,como os elefantes se comunicam,Como os elefantes se comunicam?,Animais,animais,1330,40,KW0961; KW0962; KW0963; KW0964; KW0965; KW0966; KW0967; KW0968,como os elefantes se comunicam explicado de forma simples; como os elefantes se comunicam entenda como funciona; como os elefantes se comunicam causas e explicação; como os elefantes se comunicam perguntas e respostas; como os elefantes se comunicam o que a ciência sabe; como os elefantes se comunicam curiosidades e fatos; como os elefantes se comunicam exemplos do dia a dia; como os elefantes se comunicam mitos e verdades,como-os-elefantes-se-comunicam,planejado,,a conferir,,,,
CAL0135,15/12/2026,2026-12-15,Ter,2,ART0255,KW0026,por que dormimos,Por que dormimos?,Corpo humano,corpo-humano,1337,36,KW0321; KW0322; KW0323; KW0324; KW0325; KW0326; KW0327; KW0328,por que dormimos explicado de forma simples; por que dormimos entenda como funciona; por que dormimos causas e explicação; por que dormimos perguntas e respostas; por que dormimos o que a ciência sabe; por que dormimos curiosidades e fatos; por que dormimos exemplos do dia a dia; por que dormimos mitos e verdades,por-que-dormimos,planejado,,a conferir,,,,
CAL0072,21/11/2026,2026-11-21,Sab,1,ART0913,KW0078,como funciona a realidade virtual,Como funciona a realidade virtual?,"Tecnologia, IA e ciência",tecnologia-ia-e-ciencia,1340,38,KW0737; KW0738; KW0739; KW0740; KW0741; KW0742; KW0743; KW0744,como funciona a realidade virtual explicado de forma simples; como funciona a realidade virtual entenda como funciona; como funciona a realidade virtual causas e explicação; como funciona a realidade virtual perguntas e respostas; como funciona a realidade virtual o que a ciência sabe; como funciona a realidade virtual curiosidades e fatos; como funciona a realidade virtual exemplos do dia a dia; como funciona a realidade virtual mitos e verdades,como-funciona-a-realidade-virtual,planejado,,a conferir,,,,
CAL0228,15/01/2027,2027-01-15,Sex,2,ART0019,KW0109,por que algumas pessoas falam sozinhas,Por que algumas pessoas falam sozinhas?,Psicologia e comportamento,psicologia-e-comportamento,1348,36,KW0985; KW0986; KW0987; KW0988; KW0989; KW0990,por que algumas pessoas falam sozinhas explicado de forma simples; por que algumas pessoas falam sozinhas entenda como funciona; por que algumas pessoas falam sozinhas causas e explicação; por que algumas pessoas falam sozinhas perguntas e respostas; por que algumas pessoas falam sozinhas o que a ciência sabe; por que algumas pessoas falam sozinhas curiosidades e fatos,por-que-algumas-pessoas-falam-sozinhas,planejado,,a conferir,,,,
CAL0122,11/12/2026,2026-12-11,Sex,1,ART0458,KW0045,por que os planetas orbitam o Sol,Por que os planetas orbitam o sol?,Universo e espaço,universo-e-espaco,1352,44,KW0473; KW0474; KW0475; KW0476; KW0477; KW0478; KW0479; KW0480,por que os planetas orbitam o Sol explicado de forma simples; por que os planetas orbitam o Sol entenda como funciona; por que os planetas orbitam o Sol causas e explicação; por que os planetas orbitam o Sol perguntas e respostas; por que os planetas orbitam o Sol o que a ciência sabe; por que os planetas orbitam o Sol curiosidades e fatos; por que os planetas orbitam o Sol exemplos do dia a dia; por que os planetas orbitam o Sol mitos e verdades,por-que-os-planetas-orbitam-o-sol,planejado,,a conferir,,,,
CAL0129,13/12/2026,2026-12-13,Dom,2,ART0254,KW0020,por que arrepiamos,Por que arrepiamos?,Corpo humano,corpo-humano,1365,34,KW0273; KW0274; KW0275; KW0276; KW0277; KW0278; KW0279; KW0280,por que arrepiamos explicado de forma simples; por que arrepiamos entenda como funciona; por que arrepiamos causas e explicação; por que arrepiamos perguntas e respostas; por que arrepiamos o que a ciência sabe; por que arrepiamos curiosidades e fatos; por que arrepiamos exemplos do dia a dia; por que arrepiamos mitos e verdades,por-que-arrepiamos,planejado,,a conferir,,,,
CAL0177,29/12/2026,2026-12-29,Ter,2,ART0264,KW0080,como funciona a respiração,Como funciona a respiração?,Corpo humano,corpo-humano,1385,33,KW0753; KW0754; KW0755; KW0756; KW0757; KW0758; KW0759; KW0760,como funciona a respiração explicado de forma simples; como funciona a respiração entenda como funciona; como funciona a respiração causas e explicação; como funciona a respiração perguntas e respostas; como funciona a respiração o que a ciência sabe; como funciona a respiração curiosidades e fatos; como funciona a respiração exemplos do dia a dia; como funciona a respiração mitos e verdades,como-funciona-a-respiracao,planejado,,a conferir,,,,
CAL0022,22/10/2026,2026-10-22,Qui,1,ART0604,KW0022,como as formigas encontram comida,Como as formigas encontram comida?,Animais,animais,1387,39,KW0289; KW0290; KW0291; KW0292; KW0293; KW0294; KW0295; KW0296,como as formigas encontram comida explicado de forma simples; como as formigas encontram comida entenda como funciona; como as formigas encontram comida causas e explicação; como as formigas encontram comida perguntas e respostas; como as formigas encontram comida o que a ciência sabe; como as formigas encontram comida curiosidades e fatos; como as formigas encontram comida exemplos do dia a dia; como as formigas encontram comida mitos e verdades,como-as-formigas-encontram-comida,planejado,,a conferir,,,,
CAL0056,13/11/2026,2026-11-13,Sex,1,ART0907,KW0042,como funciona a internet,Como funciona a internet?,"Tecnologia, IA e ciência",tecnologia-ia-e-ciencia,1400,41,KW0449; KW0450; KW0451; KW0452; KW0453; KW0454; KW0455; KW0456,como funciona a internet explicado de forma simples; como funciona a internet entenda como funciona; como funciona a internet causas e explicação; como funciona a internet perguntas e respostas; como funciona a internet o que a ciência sabe; como funciona a internet curiosidades e fatos; como funciona a internet exemplos do dia a dia; como funciona a internet mitos e verdades,como-funciona-a-internet,planejado,,a conferir,,,,
CAL0198,05/01/2027,2027-01-05,Ter,2,ART0014,KW0079,como funciona a memória,Como funciona a memória?,Psicologia e comportamento,psicologia-e-comportamento,1405,35,KW0745; KW0746; KW0747; KW0748; KW0749; KW0750; KW0751; KW0752,como funciona a memória explicado de forma simples; como funciona a memória entenda como funciona; como funciona a memória causas e explicação; como funciona a memória perguntas e respostas; como funciona a memória o que a ciência sabe; como funciona a memória curiosidades e fatos; como funciona a memória exemplos do dia a dia; como funciona a memória mitos e verdades,como-funciona-a-memoria,planejado,,a conferir,,,,
CAL0050,10/11/2026,2026-11-10,Ter,1,ART0612,KW0070,como as corujas caçam,Como as corujas caçam?,Animais,animais,1408,35,KW0673; KW0674; KW0675; KW0676; KW0677; KW0678; KW0679; KW0680,como as corujas caçam explicado de forma simples; como as corujas caçam entenda como funciona; como as corujas caçam causas e explicação; como as corujas caçam perguntas e respostas; como as corujas caçam o que a ciência sabe; como as corujas caçam curiosidades e fatos; como as corujas caçam exemplos do dia a dia; como as corujas caçam mitos e verdades,como-as-corujas-cacam,planejado,,a conferir,,,,
CAL0076,23/11/2026,2026-11-23,Seg,1,ART0914,KW0084,como funcionam sensores digitais,Como funcionam sensores digitais?,"Tecnologia, IA e ciência",tecnologia-ia-e-ciencia,1417,33,KW0785; KW0786; KW0787; KW0788; KW0789; KW0790; KW0791; KW0792,como funcionam sensores digitais explicado de forma simples; como funcionam sensores digitais entenda como funciona; como funcionam sensores digitais causas e explicação; como funcionam sensores digitais perguntas e respostas; como funcionam sensores digitais o que a ciência sabe; como funcionam sensores digitais curiosidades e fatos; como funcionam sensores digitais exemplos do dia a dia; como funcionam sensores digitais mitos e verdades,como-funcionam-sensores-digitais,planejado,,a conferir,,,,
CAL0043,06/11/2026,2026-11-06,Sex,2,ART0761,KW0065,como funciona o magnetismo,Como funciona o magnetismo?,Ciência e fenômenos,ciencia-e-fenomenos,1420,29,KW0633; KW0634; KW0635; KW0636; KW0637; KW0638; KW0639; KW0640,como funciona o magnetismo explicado de forma simples; como funciona o magnetismo entenda como funciona; como funciona o magnetismo causas e explicação; como funciona o magnetismo perguntas e respostas; como funciona o magnetismo o que a ciência sabe; como funciona o magnetismo curiosidades e fatos; como funciona o magnetismo exemplos do dia a dia; como funciona o magnetismo mitos e verdades,como-funciona-o-magnetismo,planejado,,a conferir,,,,
CAL0213,10/01/2027,2027-01-10,Dom,2,ART0270,KW0116,como funciona o sistema imunológico,Como funciona o sistema imunológico?,Corpo humano,corpo-humano,1487,32,KW3945; KW3946; KW3947; KW3948; KW3949; KW3950; KW3951; KW3952,como funciona o sistema imunológico explicado de forma simples; como funciona o sistema imunológico entenda como funciona; como funciona o sistema imunológico causas e explicação; como funciona o sistema imunológico perguntas e respostas; como funciona o sistema imunológico o que a ciência sabe; como funciona o sistema imunológico curiosidades e fatos; como funciona o sistema imunológico exemplos do dia a dia; como funciona o sistema imunológico mitos e verdades,como-funciona-o-sistema-imunologico,planejado,,a conferir,,,,
CAL0034,02/11/2026,2026-11-02,Seg,1,ART0608,KW0046,por que os gatos ronronam,Por que os gatos ronronam?,Animais,animais,1493,41,KW0481; KW0482; KW0483; KW0484; KW0485; KW0486; KW0487; KW0488,por que os gatos ronronam explicado de forma simples; por que os gatos ronronam entenda como funciona; por que os gatos ronronam causas e explicação; por que os gatos ronronam perguntas e respostas; por que os gatos ronronam o que a ciência sabe; por que os gatos ronronam curiosidades e fatos; por que os gatos ronronam exemplos do dia a dia; por que os gatos ronronam mitos e verdades,por-que-os-gatos-ronronam,planejado,,a conferir,,,,
CAL0192,03/01/2027,2027-01-03,Dom,2,ART0013,KW0073,por que esquecemos coisas,Por que esquecemos coisas?,Psicologia e comportamento,psicologia-e-comportamento,1503,29,KW0697; KW0698; KW0699; KW0700; KW0701; KW0702; KW0703; KW0704,por que esquecemos coisas explicado de forma simples; por que esquecemos coisas entenda como funciona; por que esquecemos coisas causas e explicação; por que esquecemos coisas perguntas e respostas; por que esquecemos coisas o que a ciência sabe; por que esquecemos coisas curiosidades e fatos; por que esquecemos coisas exemplos do dia a dia; por que esquecemos coisas mitos e verdades,por-que-esquecemos-coisas,planejado,,a conferir,,,,
CAL0156,22/12/2026,2026-12-22,Ter,2,ART0007,KW0037,por que criamos hábitos,Por que criamos hábitos?,Psicologia e comportamento,psicologia-e-comportamento,1512,44,KW0409; KW0410; KW0411; KW0412; KW0413; KW0414; KW0415; KW0416,por que criamos hábitos explicado de forma simples; por que criamos hábitos entenda como funciona; por que criamos hábitos causas e explicação; por que criamos hábitos perguntas e respostas; por que criamos hábitos o que a ciência sabe; por que criamos hábitos curiosidades e fatos; por que criamos hábitos exemplos do dia a dia; por que criamos hábitos mitos e verdades,por-que-criamos-habitos,planejado,,a conferir,,,,
CAL0060,15/11/2026,2026-11-15,Dom,1,ART0909,KW0054,como funcionam os códigos QR,Como funcionam os códigos qr?,"Tecnologia, IA e ciência",tecnologia-ia-e-ciencia,1519,33,KW0545; KW0546; KW0547; KW0548; KW0549; KW0550; KW0551; KW0552,como funcionam os códigos QR explicado de forma simples; como funcionam os códigos QR entenda como funciona; como funcionam os códigos QR causas e explicação; como funcionam os códigos QR perguntas e respostas; como funcionam os códigos QR o que a ciência sabe; como funcionam os códigos QR curiosidades e fatos; como funcionam os códigos QR exemplos do dia a dia; como funcionam os códigos QR mitos e verdades,como-funcionam-os-codigos-qr,planejado,,a conferir,,,,
CAL0174,28/12/2026,2026-12-28,Seg,2,ART0010,KW0055,por que mentimos,Por que mentimos?,Psicologia e comportamento,psicologia-e-comportamento,1523,31,KW0553; KW0554; KW0555; KW0556; KW0557; KW0558; KW0559; KW0560,por que mentimos explicado de forma simples; por que mentimos entenda como funciona; por que mentimos causas e explicação; por que mentimos perguntas e respostas; por que mentimos o que a ciência sabe; por que mentimos curiosidades e fatos; por que mentimos exemplos do dia a dia; por que mentimos mitos e verdades,por-que-mentimos,planejado,,a conferir,,,,
CAL0005,05/10/2026,2026-10-05,Seg,1,ART0457,KW0039,como se formam os planetas,Como se formam os planetas?,Universo e espaço,universo-e-espaco,1536,31,KW0425; KW0426; KW0427; KW0428; KW0429; KW0430; KW0431; KW0432,como se formam os planetas explicado de forma simples; como se formam os planetas entenda como funciona; como se formam os planetas causas e explicação; como se formam os planetas perguntas e respostas; como se formam os planetas o que a ciência sabe; como se formam os planetas curiosidades e fatos; como se formam os planetas exemplos do dia a dia; como se formam os planetas mitos e verdades,como-se-formam-os-planetas,planejado,,ok (faixa do Planner),planetas,100 mil a 1 milhão,Baixo,Reaberto 2026-10-03
CAL0040,05/11/2026,2026-11-05,Qui,1,ART0902,KW0012,como funciona o aprendizado de máquina,Como funciona o aprendizado de máquina?,"Tecnologia, IA e ciência",tecnologia-ia-e-ciencia,1540,46,KW0209; KW0210; KW0211; KW0212; KW0213; KW0214; KW0215; KW0216,como funciona o aprendizado de máquina explicado de forma simples; como funciona o aprendizado de máquina entenda como funciona; como funciona o aprendizado de máquina causas e explicação; como funciona o aprendizado de máquina perguntas e respostas; como funciona o aprendizado de máquina o que a ciência sabe; como funciona o aprendizado de máquina curiosidades e fatos; como funciona o aprendizado de máquina exemplos do dia a dia; como funciona o aprendizado de máquina mitos e verdades,como-funciona-o-aprendizado-de-maquina,planejado,,a conferir,,,,
CAL0063,16/11/2026,2026-11-16,Seg,2,ART0766,KW0095,por que alguns materiais enferrujam,Por que alguns materiais enferrujam?,Ciência e fenômenos,ciencia-e-fenomenos,1555,40,KW0873; KW0874; KW0875; KW0876; KW0877; KW0878; KW0879; KW0880,por que alguns materiais enferrujam explicado de forma simples; por que alguns materiais enferrujam entenda como funciona; por que alguns materiais enferrujam causas e explicação; por que alguns materiais enferrujam perguntas e respostas; por que alguns materiais enferrujam o que a ciência sabe; por que alguns materiais enferrujam curiosidades e fatos; por que alguns materiais enferrujam exemplos do dia a dia; por que alguns materiais enferrujam mitos e verdades,por-que-alguns-materiais-enferrujam,planejado,,a conferir,,,,
CAL0150,20/12/2026,2026-12-20,Dom,2,ART0005,KW0025,por que sentimos raiva,Por que sentimos raiva?,Psicologia e comportamento,psicologia-e-comportamento,1557,40,KW0313; KW0314; KW0315; KW0316; KW0317; KW0318; KW0319; KW0320,por que sentimos raiva explicado de forma simples; por que sentimos raiva entenda como funciona; por que sentimos raiva causas e explicação; por que sentimos raiva perguntas e respostas; por que sentimos raiva o que a ciência sabe; por que sentimos raiva curiosidades e fatos; por que sentimos raiva exemplos do dia a dia; por que sentimos raiva mitos e verdades,por-que-sentimos-raiva,planejado,,a conferir,,,,
CAL0015,15/10/2026,2026-10-15,Qui,1,ART0757,KW0041,como funciona um vulcão,Como funciona um vulcão?,Ciência e fenômenos,ciencia-e-fenomenos,1559,45,KW0441; KW0442; KW0443; KW0444; KW0445; KW0446; KW0447; KW0448,como funciona um vulcão explicado de forma simples; como funciona um vulcão entenda como funciona; como funciona um vulcão causas e explicação; como funciona um vulcão perguntas e respostas; como funciona um vulcão o que a ciência sabe; como funciona um vulcão curiosidades e fatos; como funciona um vulcão exemplos do dia a dia; como funciona um vulcão mitos e verdades,como-funciona-um-vulcao,planejado,,ok (faixa do Planner),vulcão,10 mil a 100 mil,Baixo,
CAL0038,04/11/2026,2026-11-04,Qua,1,ART0609,KW0052,como os cães reconhecem pessoas,Como os cães reconhecem pessoas?,Animais,animais,1588,36,KW0529; KW0530; KW0531; KW0532; KW0533; KW0534; KW0535; KW0536,como os cães reconhecem pessoas explicado de forma simples; como os cães reconhecem pessoas entenda como funciona; como os cães reconhecem pessoas causas e explicação; como os cães reconhecem pessoas perguntas e respostas; como os cães reconhecem pessoas o que a ciência sabe; como os cães reconhecem pessoas curiosidades e fatos; como os cães reconhecem pessoas exemplos do dia a dia; como os cães reconhecem pessoas mitos e verdades,como-os-caes-reconhecem-pessoas,planejado,,a conferir,,,,
CAL0075,22/11/2026,2026-11-22,Dom,2,ART0769,KW0113,por que a água evapora,Por que a água evapora?,Ciência e fenômenos,ciencia-e-fenomenos,1601,42,KW3217; KW3218; KW3219; KW3220; KW3221; KW3222; KW3223; KW3224,por que a água evapora explicado de forma simples; por que a água evapora entenda como funciona; por que a água evapora causas e explicação; por que a água evapora perguntas e respostas; por que a água evapora o que a ciência sabe; por que a água evapora curiosidades e fatos; por que a água evapora exemplos do dia a dia; por que a água evapora mitos e verdades,por-que-a-agua-evapora,planejado,,a conferir,,,,
CAL0079,24/11/2026,2026-11-24,Ter,2,ART0770,KW0119,como funciona a tensão superficial,Como funciona a tensão superficial?,Ciência e fenômenos,ciencia-e-fenomenos,1610,40,KW3233; KW3234; KW3235; KW3236; KW3237; KW3238; KW3239; KW3240,como funciona a tensão superficial explicado de forma simples; como funciona a tensão superficial entenda como funciona; como funciona a tensão superficial causas e explicação; como funciona a tensão superficial perguntas e respostas; como funciona a tensão superficial o que a ciência sabe; como funciona a tensão superficial curiosidades e fatos; como funciona a tensão superficial exemplos do dia a dia; como funciona a tensão superficial mitos e verdades,como-funciona-a-tensao-superficial,planejado,,a conferir,,,,
CAL0111,07/12/2026,2026-12-07,Seg,2,ART0263,KW0074,como funciona a digestão,Como funciona a digestão?,Corpo humano,corpo-humano,1642,31,KW0705; KW0706; KW0707; KW0708; KW0709; KW0710; KW0711; KW0712,como funciona a digestão explicado de forma simples; como funciona a digestão entenda como funciona; como funciona a digestão causas e explicação; como funciona a digestão perguntas e respostas; como funciona a digestão o que a ciência sabe; como funciona a digestão curiosidades e fatos; como funciona a digestão exemplos do dia a dia; como funciona a digestão mitos e verdades,como-funciona-a-digestao,planejado,,ok (faixa do Planner),digestão,1 mil a 10 mil,Baixo,
CAL0152,21/12/2026,2026-12-21,Seg,1,ART0465,KW0087,o que aconteceria sem a Lua,O que aconteceria sem a lua?,Universo e espaço,universo-e-espaco,1647,45,KW0809; KW0810; KW0811; KW0812; KW0813; KW0814; KW0815; KW0816,o que aconteceria sem a Lua explicado de forma simples; o que aconteceria sem a Lua entenda como funciona; o que aconteceria sem a Lua causas e explicação; o que aconteceria sem a Lua perguntas e respostas; o que aconteceria sem a Lua o que a ciência sabe; o que aconteceria sem a Lua curiosidades e fatos; o que aconteceria sem a Lua exemplos do dia a dia; o que aconteceria sem a Lua mitos e verdades,o-que-aconteceria-sem-a-lua,planejado,,a conferir,,,,
CAL0052,11/11/2026,2026-11-11,Qua,1,ART0906,KW0036,como funciona o GPS,Como funciona o gps?,"Tecnologia, IA e ciência",tecnologia-ia-e-ciencia,1653,44,KW0401; KW0402; KW0403; KW0404; KW0405; KW0406; KW0407; KW0408,como funciona o GPS explicado de forma simples; como funciona o GPS entenda como funciona; como funciona o GPS causas e explicação; como funciona o GPS perguntas e respostas; como funciona o GPS o que a ciência sabe; como funciona o GPS curiosidades e fatos; como funciona o GPS exemplos do dia a dia; como funciona o GPS mitos e verdades,como-funciona-o-gps,planejado,,a conferir,,,,
CAL0051,10/11/2026,2026-11-10,Ter,2,ART0763,KW0077,como funciona a pressão atmosférica,Como funciona a pressão atmosférica?,Ciência e fenômenos,ciencia-e-fenomenos,1657,42,KW0729; KW0730; KW0731; KW0732; KW0733; KW0734; KW0735; KW0736,como funciona a pressão atmosférica explicado de forma simples; como funciona a pressão atmosférica entenda como funciona; como funciona a pressão atmosférica causas e explicação; como funciona a pressão atmosférica perguntas e respostas; como funciona a pressão atmosférica o que a ciência sabe; como funciona a pressão atmosférica curiosidades e fatos; como funciona a pressão atmosférica exemplos do dia a dia; como funciona a pressão atmosférica mitos e verdades,como-funciona-a-pressao-atmosferica,planejado,,a conferir,,,,
CAL0047,08/11/2026,2026-11-08,Dom,2,ART0762,KW0071,por que o som se propaga,Por que o som se propaga?,Ciência e fenômenos,ciencia-e-fenomenos,1664,29,KW0681; KW0682; KW0683; KW0684; KW0685; KW0686; KW0687; KW0688,por que o som se propaga explicado de forma simples; por que o som se propaga entenda como funciona; por que o som se propaga causas e explicação; por que o som se propaga perguntas e respostas; por que o som se propaga o que a ciência sabe; por que o som se propaga curiosidades e fatos; por que o som se propaga exemplos do dia a dia; por que o som se propaga mitos e verdades,por-que-o-som-se-propaga,planejado,,a conferir,,,,
CAL0132,14/12/2026,2026-12-14,Seg,2,ART0002,KW0007,por que sentimos ciúmes,Por que sentimos ciúmes?,Psicologia e comportamento,psicologia-e-comportamento,1665,32,KW0169; KW0170; KW0171; KW0172; KW0173; KW0174; KW0175; KW0176,por que sentimos ciúmes explicado de forma simples; por que sentimos ciúmes entenda como funciona; por que sentimos ciúmes causas e explicação; por que sentimos ciúmes perguntas e respostas; por que sentimos ciúmes o que a ciência sabe; por que sentimos ciúmes curiosidades e fatos; por que sentimos ciúmes exemplos do dia a dia; por que sentimos ciúmes mitos e verdades,por-que-sentimos-ciumes,planejado,,a conferir,,,,
CAL0117,09/12/2026,2026-12-09,Qua,2,ART0252,KW0008,por que espirramos,Por que espirramos?,Corpo humano,corpo-humano,1669,35,KW0177; KW0178; KW0179; KW0180; KW0181; KW0182; KW0183; KW0184,por que espirramos explicado de forma simples; por que espirramos entenda como funciona; por que espirramos causas e explicação; por que espirramos perguntas e respostas; por que espirramos o que a ciência sabe; por que espirramos curiosidades e fatos; por que espirramos exemplos do dia a dia; por que espirramos mitos e verdades,por-que-espirramos,planejado,,a conferir,,,,
CAL0048,09/11/2026,2026-11-09,Seg,1,ART0904,KW0024,como funciona o reconhecimento facial,Como funciona o reconhecimento facial?,"Tecnologia, IA e ciência",tecnologia-ia-e-ciencia,1673,29,KW0305; KW0306; KW0307; KW0308; KW0309; KW0310; KW0311; KW0312,como funciona o reconhecimento facial explicado de forma simples; como funciona o reconhecimento facial entenda como funciona; como funciona o reconhecimento facial causas e explicação; como funciona o reconhecimento facial perguntas e respostas; como funciona o reconhecimento facial o que a ciência sabe; como funciona o reconhecimento facial curiosidades e fatos; como funciona o reconhecimento facial exemplos do dia a dia; como funciona o reconhecimento facial mitos e verdades,como-funciona-o-reconhecimento-facial,planejado,,a conferir,,,,
CAL0234,17/01/2027,2027-01-17,Dom,2,ART0020,KW0115,por que músicas despertam emoções,Por que músicas despertam emoções?,Psicologia e comportamento,psicologia-e-comportamento,1694,29,KW4089; KW4090; KW4091; KW4092; KW4093; KW4094; KW4095; KW4096,por que músicas despertam emoções explicado de forma simples; por que músicas despertam emoções entenda como funciona; por que músicas despertam emoções causas e explicação; por que músicas despertam emoções perguntas e respostas; por que músicas despertam emoções o que a ciência sabe; por que músicas despertam emoções curiosidades e fatos; por que músicas despertam emoções exemplos do dia a dia; por que músicas despertam emoções mitos e verdades,por-que-musicas-despertam-emocoes,planejado,,a conferir,,,,
CAL0019,19/10/2026,2026-10-19,Seg,1,ART0760,KW0059,como funciona a eletricidade,Como funciona a eletricidade?,Ciência e fenômenos,ciencia-e-fenomenos,1705,30,KW0585; KW0586; KW0587; KW0588; KW0589; KW0590; KW0591; KW0592,como funciona a eletricidade explicado de forma simples; como funciona a eletricidade entenda como funciona; como funciona a eletricidade causas e explicação; como funciona a eletricidade perguntas e respostas; como funciona a eletricidade o que a ciência sabe; como funciona a eletricidade curiosidades e fatos; como funciona a eletricidade exemplos do dia a dia; como funciona a eletricidade mitos e verdades,como-funciona-a-eletricidade,planejado,,ok (faixa do Planner),eletricidade,10 mil a 100 mil,Baixo,
CAL0110,07/12/2026,2026-12-07,Seg,1,ART0454,KW0021,por que existem eclipses,Por que existem eclipses?,Universo e espaço,universo-e-espaco,1721,39,KW0281; KW0282; KW0283; KW0284; KW0285; KW0286; KW0287; KW0288,por que existem eclipses explicado de forma simples; por que existem eclipses entenda como funciona; por que existem eclipses causas e explicação; por que existem eclipses perguntas e respostas; por que existem eclipses o que a ciência sabe; por que existem eclipses curiosidades e fatos; por que existem eclipses exemplos do dia a dia; por que existem eclipses mitos e verdades,por-que-existem-eclipses,planejado,,a conferir,,,,
CAL0146,19/12/2026,2026-12-19,Sab,1,ART0464,KW0081,como seria viajar na velocidade da luz,Como seria viajar na velocidade da luz?,Universo e espaço,universo-e-espaco,1730,46,KW0761; KW0762; KW0763; KW0764; KW0765; KW0766; KW0767; KW0768,como seria viajar na velocidade da luz explicado de forma simples; como seria viajar na velocidade da luz entenda como funciona; como seria viajar na velocidade da luz causas e explicação; como seria viajar na velocidade da luz perguntas e respostas; como seria viajar na velocidade da luz o que a ciência sabe; como seria viajar na velocidade da luz curiosidades e fatos; como seria viajar na velocidade da luz exemplos do dia a dia; como seria viajar na velocidade da luz mitos e verdades,como-seria-viajar-na-velocidade-da-luz,planejado,,a conferir,,,,
CAL0134,15/12/2026,2026-12-15,Ter,1,ART0462,KW0069,como descobrimos exoplanetas,Como descobrimos exoplanetas?,Universo e espaço,universo-e-espaco,1731,41,KW0665; KW0666; KW0667; KW0668; KW0669; KW0670; KW0671; KW0672,como descobrimos exoplanetas explicado de forma simples; como descobrimos exoplanetas entenda como funciona; como descobrimos exoplanetas causas e explicação; como descobrimos exoplanetas perguntas e respostas; como descobrimos exoplanetas o que a ciência sabe; como descobrimos exoplanetas curiosidades e fatos; como descobrimos exoplanetas exemplos do dia a dia; como descobrimos exoplanetas mitos e verdades,como-descobrimos-exoplanetas,planejado,,a conferir,,,,
CAL0123,11/12/2026,2026-12-11,Sex,2,ART0253,KW0014,por que soluçamos,Por que soluçamos?,Corpo humano,corpo-humano,1737,36,KW0225; KW0226; KW0227; KW0228; KW0229; KW0230; KW0231; KW0232,por que soluçamos explicado de forma simples; por que soluçamos entenda como funciona; por que soluçamos causas e explicação; por que soluçamos perguntas e respostas; por que soluçamos o que a ciência sabe; por que soluçamos curiosidades e fatos; por que soluçamos exemplos do dia a dia; por que soluçamos mitos e verdades,por-que-solucamos,planejado,,a conferir,,,,
CAL0162,24/12/2026,2026-12-24,Qui,2,ART0008,KW0043,por que temos pensamentos repetitivos,Por que temos pensamentos repetitivos?,Psicologia e comportamento,psicologia-e-comportamento,1745,36,KW0457; KW0458; KW0459; KW0460; KW0461; KW0462; KW0463; KW0464,por que temos pensamentos repetitivos explicado de forma simples; por que temos pensamentos repetitivos entenda como funciona; por que temos pensamentos repetitivos causas e explicação; por que temos pensamentos repetitivos perguntas e respostas; por que temos pensamentos repetitivos o que a ciência sabe; por que temos pensamentos repetitivos curiosidades e fatos; por que temos pensamentos repetitivos exemplos do dia a dia; por que temos pensamentos repetitivos mitos e verdades,por-que-temos-pensamentos-repetitivos,planejado,,a conferir,,,,
CAL0004,04/10/2026,2026-10-04,Dom,1,ART0908,KW0048,como funciona o Wi-Fi,Como funciona o wi-fi?,"Tecnologia, IA e ciência",tecnologia-ia-e-ciencia,1761,42,KW0497; KW0498; KW0499; KW0500; KW0501; KW0502; KW0503; KW0504,como funciona o Wi-Fi explicado de forma simples; como funciona o Wi-Fi entenda como funciona; como funciona o Wi-Fi causas e explicação; como funciona o Wi-Fi perguntas e respostas; como funciona o Wi-Fi o que a ciência sabe; como funciona o Wi-Fi curiosidades e fatos; como funciona o Wi-Fi exemplos do dia a dia; como funciona o Wi-Fi mitos e verdades,como-funciona-o-wi-fi,planejado,,ok (faixa do Planner),wi fi,100 mil a 1 milhão,Baixo,"FALHA 2026-10-03 (tentativa 1): reprovado após 4 tentativa(s): formato: API do Claude: 400 {""type"":""error"",""error"":{""type"":""invalid_request_error"",""message"":""Your credit balance is too low to access the Anthropic API. Please go to Plans & Billing to upgrade or purchase credits.""},""request_id"":""req_011CfaTqykVCkxTcxgjbStvS""}"
CAL0021,21/10/2026,2026-10-21,Qua,1,ART0459,KW0051,como funciona a gravidade,Como funciona a gravidade?,Universo e espaço,universo-e-espaco,1762,44,KW0521; KW0522; KW0523; KW0524; KW0525; KW0526; KW0527; KW0528,como funciona a gravidade explicado de forma simples; como funciona a gravidade entenda como funciona; como funciona a gravidade causas e explicação; como funciona a gravidade perguntas e respostas; como funciona a gravidade o que a ciência sabe; como funciona a gravidade curiosidades e fatos; como funciona a gravidade exemplos do dia a dia; como funciona a gravidade mitos e verdades,como-funciona-a-gravidade,planejado,,ok (faixa do Planner),gravidade,10 mil a 100 mil,Baixo,
CAL0054,12/11/2026,2026-11-12,Qui,1,ART0613,KW0076,como as baleias se comunicam,Como as baleias se comunicam?,Animais,animais,1785,42,KW0721; KW0722; KW0723; KW0724; KW0725; KW0726; KW0727; KW0728,como as baleias se comunicam explicado de forma simples; como as baleias se comunicam entenda como funciona; como as baleias se comunicam causas e explicação; como as baleias se comunicam perguntas e respostas; como as baleias se comunicam o que a ciência sabe; como as baleias se comunicam curiosidades e fatos; como as baleias se comunicam exemplos do dia a dia; como as baleias se comunicam mitos e verdades,como-as-baleias-se-comunicam,planejado,,a conferir,,,,
CAL0216,11/01/2027,2027-01-11,Seg,2,ART0017,KW0097,por que temos dificuldade de dizer não,Por que temos dificuldade de dizer não?,Psicologia e comportamento,psicologia-e-comportamento,1800,43,KW0889; KW0890; KW0891; KW0892; KW0893; KW0894; KW0895; KW0896,por que temos dificuldade de dizer não explicado de forma simples; por que temos dificuldade de dizer não entenda como funciona; por que temos dificuldade de dizer não causas e explicação; por que temos dificuldade de dizer não perguntas e respostas; por que temos dificuldade de dizer não o que a ciência sabe; por que temos dificuldade de dizer não curiosidades e fatos; por que temos dificuldade de dizer não exemplos do dia a dia; por que temos dificuldade de dizer não mitos e verdades,por-que-temos-dificuldade-de-dizer-nao,planejado,,a conferir,,,,
CAL0078,24/11/2026,2026-11-24,Ter,1,ART0619,KW0112,como os polvos resolvem problemas,Como os polvos resolvem problemas?,Animais,animais,1807,45,KW3225; KW3226; KW3227; KW3228; KW3229; KW3230; KW3231; KW3232,como os polvos resolvem problemas explicado de forma simples; como os polvos resolvem problemas entenda como funciona; como os polvos resolvem problemas causas e explicação; como os polvos resolvem problemas perguntas e respostas; como os polvos resolvem problemas o que a ciência sabe; como os polvos resolvem problemas curiosidades e fatos; como os polvos resolvem problemas exemplos do dia a dia; como os polvos resolvem problemas mitos e verdades,como-os-polvos-resolvem-problemas,planejado,,a conferir,,,,
CAL0059,14/11/2026,2026-11-14,Sab,2,ART0765,KW0089,como funciona a luz,Como funciona a luz?,Ciência e fenômenos,ciencia-e-fenomenos,1816,36,KW0825; KW0826; KW0827; KW0828; KW0829; KW0830; KW0831; KW0832,como funciona a luz explicado de forma simples; como funciona a luz entenda como funciona; como funciona a luz causas e explicação; como funciona a luz perguntas e respostas; como funciona a luz o que a ciência sabe; como funciona a luz curiosidades e fatos; como funciona a luz exemplos do dia a dia; como funciona a luz mitos e verdades,como-funciona-a-luz,planejado,,a conferir,,,,
CAL0088,29/11/2026,2026-11-29,Dom,1,ART0917,KW0102,como funciona a visão computacional,Como funciona a visão computacional?,"Tecnologia, IA e ciência",tecnologia-ia-e-ciencia,1816,33,KW0929; KW0930; KW0931; KW0932; KW0933; KW0934; KW0935; KW0936,como funciona a visão computacional explicado de forma simples; como funciona a visão computacional entenda como funciona; como funciona a visão computacional causas e explicação; como funciona a visão computacional perguntas e respostas; como funciona a visão computacional o que a ciência sabe; como funciona a visão computacional curiosidades e fatos; como funciona a visão computacional exemplos do dia a dia; como funciona a visão computacional mitos e verdades,como-funciona-a-visao-computacional,planejado,,a conferir,,,,
CAL0027,27/10/2026,2026-10-27,Ter,1,ART0752,KW0011,por que o arco-íris aparece,Por que o arco-íris aparece?,Ciência e fenômenos,ciencia-e-fenomenos,1822,31,KW0201; KW0202; KW0203; KW0204; KW0205; KW0206; KW0207; KW0208,por que o arco-íris aparece explicado de forma simples; por que o arco-íris aparece entenda como funciona; por que o arco-íris aparece causas e explicação; por que o arco-íris aparece perguntas e respostas; por que o arco-íris aparece o que a ciência sabe; por que o arco-íris aparece curiosidades e fatos; por que o arco-íris aparece exemplos do dia a dia; por que o arco-íris aparece mitos e verdades,por-que-o-arco-iris-aparece,planejado,,a conferir,,,,
CAL0103,04/12/2026,2026-12-04,Sex,3,ART0919,KW0114,como a IA gera imagens,Como a ia gera imagens?,"Tecnologia, IA e ciência",tecnologia-ia-e-ciencia,1830,27,KW3393; KW3394; KW3395; KW3396; KW3397; KW3398; KW3399; KW3400,como a IA gera imagens explicado de forma simples; como a IA gera imagens entenda como funciona; como a IA gera imagens causas e explicação; como a IA gera imagens perguntas e respostas; como a IA gera imagens o que a ciência sabe; como a IA gera imagens curiosidades e fatos; como a IA gera imagens exemplos do dia a dia; como a IA gera imagens mitos e verdades,como-a-ia-gera-imagens,planejado,,a conferir,,,,
CAL0153,21/12/2026,2026-12-21,Seg,2,ART0259,KW0050,por que o coração acelera,Por que o coração acelera?,Corpo humano,corpo-humano,1830,34,KW0513; KW0514; KW0515; KW0516; KW0517; KW0518; KW0519; KW0520,por que o coração acelera explicado de forma simples; por que o coração acelera entenda como funciona; por que o coração acelera causas e explicação; por que o coração acelera perguntas e respostas; por que o coração acelera o que a ciência sabe; por que o coração acelera curiosidades e fatos; por que o coração acelera exemplos do dia a dia; por que o coração acelera mitos e verdades,por-que-o-coracao-acelera,planejado,,a conferir,,,,
CAL0055,12/11/2026,2026-11-12,Qui,2,ART0764,KW0083,por que objetos caem,Por que objetos caem?,Ciência e fenômenos,ciencia-e-fenomenos,1831,34,KW0777; KW0778; KW0779; KW0780; KW0781; KW0782; KW0783; KW0784,por que objetos caem explicado de forma simples; por que objetos caem entenda como funciona; por que objetos caem causas e explicação; por que objetos caem perguntas e respostas; por que objetos caem o que a ciência sabe; por que objetos caem curiosidades e fatos; por que objetos caem exemplos do dia a dia; por que objetos caem mitos e verdades,por-que-objetos-caem,planejado,,a conferir,,,,
CAL0058,14/11/2026,2026-11-14,Sab,1,ART0614,KW0082,por que os pinguins não voam,Por que os pinguins não voam?,Animais,animais,1844,26,KW0769; KW0770; KW0771; KW0772; KW0773; KW0774; KW0775; KW0776,por que os pinguins não voam explicado de forma simples; por que os pinguins não voam entenda como funciona; por que os pinguins não voam causas e explicação; por que os pinguins não voam perguntas e respostas; por que os pinguins não voam o que a ciência sabe; por que os pinguins não voam curiosidades e fatos; por que os pinguins não voam exemplos do dia a dia; por que os pinguins não voam mitos e verdades,por-que-os-pinguins-nao-voam,planejado,,a conferir,,,,
CAL0066,18/11/2026,2026-11-18,Qua,1,ART0616,KW0094,como as tartarugas se orientam,Como as tartarugas se orientam?,Animais,animais,1854,30,KW0865; KW0866; KW0867; KW0868; KW0869; KW0870; KW0871; KW0872,como as tartarugas se orientam explicado de forma simples; como as tartarugas se orientam entenda como funciona; como as tartarugas se orientam causas e explicação; como as tartarugas se orientam perguntas e respostas; como as tartarugas se orientam o que a ciência sabe; como as tartarugas se orientam curiosidades e fatos; como as tartarugas se orientam exemplos do dia a dia; como as tartarugas se orientam mitos e verdades,como-as-tartarugas-se-orientam,planejado,,a conferir,,,,
CAL0183,31/12/2026,2026-12-31,Qui,2,ART0265,KW0086,como funciona a circulação,Como funciona a circulação?,Corpo humano,corpo-humano,1872,46,KW0801; KW0802; KW0803; KW0804; KW0805; KW0806; KW0807; KW0808,como funciona a circulação explicado de forma simples; como funciona a circulação entenda como funciona; como funciona a circulação causas e explicação; como funciona a circulação perguntas e respostas; como funciona a circulação o que a ciência sabe; como funciona a circulação curiosidades e fatos; como funciona a circulação exemplos do dia a dia; como funciona a circulação mitos e verdades,como-funciona-a-circulacao,planejado,,a conferir,,,,
CAL0182,31/12/2026,2026-12-31,Qui,1,ART0470,KW0117,o que é energia escura,O que é energia escura?,Universo e espaço,universo-e-espaco,1881,29,KW3769; KW3770; KW3771; KW3772; KW3773; KW3774; KW3775; KW3776,o que é energia escura explicado de forma simples; o que é energia escura entenda como funciona; o que é energia escura causas e explicação; o que é energia escura perguntas e respostas; o que é energia escura o que a ciência sabe; o que é energia escura curiosidades e fatos; o que é energia escura exemplos do dia a dia; o que é energia escura mitos e verdades,o-que-e-energia-escura,planejado,,a conferir,,,,
CAL0030,30/10/2026,2026-10-30,Sex,1,ART0607,KW0040,como os golfinhos se comunicam,Como os golfinhos se comunicam?,Animais,animais,1882,41,KW0433; KW0434; KW0435; KW0436; KW0437; KW0438; KW0439; KW0440,como os golfinhos se comunicam explicado de forma simples; como os golfinhos se comunicam entenda como funciona; como os golfinhos se comunicam causas e explicação; como os golfinhos se comunicam perguntas e respostas; como os golfinhos se comunicam o que a ciência sabe; como os golfinhos se comunicam curiosidades e fatos; como os golfinhos se comunicam exemplos do dia a dia; como os golfinhos se comunicam mitos e verdades,como-os-golfinhos-se-comunicam,planejado,,a conferir,,,,
CAL0007,07/10/2026,2026-10-07,Qua,1,ART0758,KW0047,como se formam os terremotos,Como se formam os terremotos?,Ciência e fenômenos,ciencia-e-fenomenos,1889,45,KW0489; KW0490; KW0491; KW0492; KW0493; KW0494; KW0495; KW0496,como se formam os terremotos explicado de forma simples; como se formam os terremotos entenda como funciona; como se formam os terremotos causas e explicação; como se formam os terremotos perguntas e respostas; como se formam os terremotos o que a ciência sabe; como se formam os terremotos curiosidades e fatos; como se formam os terremotos exemplos do dia a dia; como se formam os terremotos mitos e verdades,como-se-formam-os-terremotos,planejado,,ok (faixa do Planner),terremoto,100 mil a 1 milhão,Baixo,
CAL0201,06/01/2027,2027-01-06,Qua,2,ART0268,KW0104,por que temos febre,Por que temos febre?,Corpo humano,corpo-humano,1900,36,KW0945; KW0946; KW0947; KW0948; KW0949; KW0950; KW0951; KW0952,por que temos febre explicado de forma simples; por que temos febre entenda como funciona; por que temos febre causas e explicação; por que temos febre perguntas e respostas; por que temos febre o que a ciência sabe; por que temos febre curiosidades e fatos; por que temos febre exemplos do dia a dia; por que temos febre mitos e verdades,por-que-temos-febre,planejado,,a conferir,,,,
CAL0035,02/11/2026,2026-11-02,Seg,2,ART0756,KW0035,por que existem estações do ano,Por que existem estações do ano?,Ciência e fenômenos,ciencia-e-fenomenos,1909,39,KW0393; KW0394; KW0395; KW0396; KW0397; KW0398; KW0399; KW0400,por que existem estações do ano explicado de forma simples; por que existem estações do ano entenda como funciona; por que existem estações do ano causas e explicação; por que existem estações do ano perguntas e respostas; por que existem estações do ano o que a ciência sabe; por que existem estações do ano curiosidades e fatos; por que existem estações do ano exemplos do dia a dia; por que existem estações do ano mitos e verdades,por-que-existem-estacoes-do-ano,planejado,,a conferir,,,,
CAL0003,03/10/2026,2026-10-03,Sab,1,ART0753,KW0017,como funciona um raio,Como funciona um raio?,Ciência e fenômenos,ciencia-e-fenomenos,1915,28,KW0249; KW0250; KW0251; KW0252; KW0253; KW0254; KW0255; KW0256,como funciona um raio explicado de forma simples; como funciona um raio entenda como funciona; como funciona um raio causas e explicação; como funciona um raio perguntas e respostas; como funciona um raio o que a ciência sabe; como funciona um raio curiosidades e fatos; como funciona um raio exemplos do dia a dia; como funciona um raio mitos e verdades,como-funciona-um-raio,revisar,,ok (faixa do Planner),raio,100 mil a 1 milhão,Baixo,FALHA 2026-10-03 (tentativa 1): reprovado após 4 tentativa(s): P2: 1753 palavras (máximo 1.600) | P4: número(s) sem apoio no texto das fontes: 16 (remova ou troque por dado que a fonte traz)
CAL0064,17/11/2026,2026-11-17,Ter,1,ART0911,KW0066,como funciona um motor de busca,Como funciona um motor de busca?,"Tecnologia, IA e ciência",tecnologia-ia-e-ciencia,1936,42,KW0641; KW0642; KW0643; KW0644; KW0645; KW0646; KW0647; KW0648,como funciona um motor de busca explicado de forma simples; como funciona um motor de busca entenda como funciona; como funciona um motor de busca causas e explicação; como funciona um motor de busca perguntas e respostas; como funciona um motor de busca o que a ciência sabe; como funciona um motor de busca curiosidades e fatos; como funciona um motor de busca exemplos do dia a dia; como funciona um motor de busca mitos e verdades,como-funciona-um-motor-de-busca,planejado,,a conferir,,,,
CAL0026,26/10/2026,2026-10-26,Seg,1,ART0606,KW0034,como os morcegos se orientam,Como os morcegos se orientam?,Animais,animais,1974,33,KW0385; KW0386; KW0387; KW0388; KW0389; KW0390; KW0391; KW0392,como os morcegos se orientam explicado de forma simples; como os morcegos se orientam entenda como funciona; como os morcegos se orientam causas e explicação; como os morcegos se orientam perguntas e respostas; como os morcegos se orientam o que a ciência sabe; como os morcegos se orientam curiosidades e fatos; como os morcegos se orientam exemplos do dia a dia; como os morcegos se orientam mitos e verdades,como-os-morcegos-se-orientam,planejado,,a conferir,,,,
CAL0068,19/11/2026,2026-11-19,Qui,1,ART0912,KW0072,como os satélites enviam dados,Como os satélites enviam dados?,"Tecnologia, IA e ciência",tecnologia-ia-e-ciencia,1981,43,KW0689; KW0690; KW0691; KW0692; KW0693; KW0694; KW0695; KW0696,como os satélites enviam dados explicado de forma simples; como os satélites enviam dados entenda como funciona; como os satélites enviam dados causas e explicação; como os satélites enviam dados perguntas e respostas; como os satélites enviam dados o que a ciência sabe; como os satélites enviam dados curiosidades e fatos; como os satélites enviam dados exemplos do dia a dia; como os satélites enviam dados mitos e verdades,como-os-satelites-enviam-dados,planejado,,a conferir,,,,
CAL0077,23/11/2026,2026-11-23,Seg,2,ART0452,KW0009,como morrem as estrelas,Como morrem as estrelas?,Universo e espaço,universo-e-espaco,1998,42,KW0185; KW0186; KW0187; KW0188; KW0189; KW0190; KW0191; KW0192,como morrem as estrelas explicado de forma simples; como morrem as estrelas entenda como funciona; como morrem as estrelas causas e explicação; como morrem as estrelas perguntas e respostas; como morrem as estrelas o que a ciência sabe; como morrem as estrelas curiosidades e fatos; como morrem as estrelas exemplos do dia a dia; como morrem as estrelas mitos e verdades,como-morrem-as-estrelas,planejado,,ok (faixa do Planner),as estrelas morrem,100 a 1 mil,Baixo,
CAL0071,20/11/2026,2026-11-20,Sex,2,ART0768,KW0107,como funciona a combustão,Como funciona a combustão?,Ciência e fenômenos,ciencia-e-fenomenos,2010,27,KW0969; KW0970; KW0971; KW0972; KW0973; KW0974; KW0975; KW0976,como funciona a combustão explicado de forma simples; como funciona a combustão entenda como funciona; como funciona a combustão causas e explicação; como funciona a combustão perguntas e respostas; como funciona a combustão o que a ciência sabe; como funciona a combustão curiosidades e fatos; como funciona a combustão exemplos do dia a dia; como funciona a combustão mitos e verdades,como-funciona-a-combustao,planejado,,a conferir,,,,
CAL0016,16/10/2026,2026-10-16,Sex,1,ART0910,KW0060,como funciona a criptografia,Como funciona a criptografia?,"Tecnologia, IA e ciência",tecnologia-ia-e-ciencia,2016,37,KW0593; KW0594; KW0595; KW0596; KW0597; KW0598; KW0599; KW0600,como funciona a criptografia explicado de forma simples; como funciona a criptografia entenda como funciona; como funciona a criptografia causas e explicação; como funciona a criptografia perguntas e respostas; como funciona a criptografia o que a ciência sabe; como funciona a criptografia curiosidades e fatos; como funciona a criptografia exemplos do dia a dia; como funciona a criptografia mitos e verdades,como-funciona-a-criptografia,planejado,,ok (faixa do Planner),criptografia,10 mil a 100 mil,Baixo,
CAL0116,09/12/2026,2026-12-09,Qua,1,ART0455,KW0027,como funciona um buraco negro,Como funciona um buraco negro?,Universo e espaço,universo-e-espaco,2017,31,KW0329; KW0330; KW0331; KW0332; KW0333; KW0334; KW0335; KW0336,como funciona um buraco negro explicado de forma simples; como funciona um buraco negro entenda como funciona; como funciona um buraco negro causas e explicação; como funciona um buraco negro perguntas e respostas; como funciona um buraco negro o que a ciência sabe; como funciona um buraco negro curiosidades e fatos; como funciona um buraco negro exemplos do dia a dia; como funciona um buraco negro mitos e verdades,como-funciona-um-buraco-negro,planejado,,a conferir,,,,
CAL0097,02/12/2026,2026-12-02,Qua,3,ART0918,KW0108,como funcionam redes neurais,Como funcionam redes neurais?,"Tecnologia, IA e ciência",tecnologia-ia-e-ciencia,2021,29,KW0977; KW0978; KW0979; KW0980; KW0981; KW0982; KW0983; KW0984,como funcionam redes neurais explicado de forma simples; como funcionam redes neurais entenda como funciona; como funcionam redes neurais causas e explicação; como funcionam redes neurais perguntas e respostas; como funcionam redes neurais o que a ciência sabe; como funcionam redes neurais curiosidades e fatos; como funcionam redes neurais exemplos do dia a dia; como funcionam redes neurais mitos e verdades,como-funcionam-redes-neurais,planejado,,a conferir,,,,
CAL0080,25/11/2026,2026-11-25,Qua,1,ART0915,KW0090,como funciona o reconhecimento de voz,Como funciona o reconhecimento de voz?,"Tecnologia, IA e ciência",tecnologia-ia-e-ciencia,2022,30,KW0833; KW0834; KW0835; KW0836; KW0837; KW0838; KW0839; KW0840,como funciona o reconhecimento de voz explicado de forma simples; como funciona o reconhecimento de voz entenda como funciona; como funciona o reconhecimento de voz causas e explicação; como funciona o reconhecimento de voz perguntas e respostas; como funciona o reconhecimento de voz o que a ciência sabe; como funciona o reconhecimento de voz curiosidades e fatos; como funciona o reconhecimento de voz exemplos do dia a dia; como funciona o reconhecimento de voz mitos e verdades,como-funciona-o-reconhecimento-de-voz,planejado,,a conferir,,,,
CAL0138,16/12/2026,2026-12-16,Qua,2,ART0003,KW0013,por que sentimos vergonha,Por que sentimos vergonha?,Psicologia e comportamento,psicologia-e-comportamento,2042,26,KW0217; KW0218; KW0219; KW0220; KW0221; KW0222; KW0223; KW0224,por que sentimos vergonha explicado de forma simples; por que sentimos vergonha entenda como funciona; por que sentimos vergonha causas e explicação; por que sentimos vergonha perguntas e respostas; por que sentimos vergonha o que a ciência sabe; por que sentimos vergonha curiosidades e fatos; por que sentimos vergonha exemplos do dia a dia; por que sentimos vergonha mitos e verdades,por-que-sentimos-vergonha,planejado,,a conferir,,,,
CAL0002,02/10/2026,2026-10-02,Sex,1,ART2838,KW1838,o que é a cadeia alimentar,O que é a cadeia alimentar?,Animais,animais,,,KW3001; KW3002; KW3003; KW3004; KW3005; KW3006; KW3007; KW3008,o que é a cadeia alimentar explicado de forma simples; o que é a cadeia alimentar entenda como funciona; o que é a cadeia alimentar causas e explicação; o que é a cadeia alimentar perguntas e respostas; o que é a cadeia alimentar o que a ciência sabe; o que é a cadeia alimentar curiosidades e fatos; o que é a cadeia alimentar exemplos do dia a dia; o que é a cadeia alimentar mitos e verdades,o-que-e-a-cadeia-alimentar,publicado,2026-09-30,ok (faixa do Planner),cadeia alimentar,10 mil a 100 mil,Baixo,NO AR ✓ 2026-09-30: https://www.mentecuriosa.blog/o-que-e-a-cadeia-alimentar/
CAL0006,06/10/2026,2026-10-06,Ter,1,ART2874,KW1874,o que é instinto animal,O que é instinto animal?,Animais,animais,,,KW3009; KW3010; KW3011; KW3012; KW3013; KW3014; KW3015; KW3016,o que é instinto animal explicado de forma simples; o que é instinto animal entenda como funciona; o que é instinto animal causas e explicação; o que é instinto animal perguntas e respostas; o que é instinto animal o que a ciência sabe; o que é instinto animal curiosidades e fatos; o que é instinto animal exemplos do dia a dia; o que é instinto animal mitos e verdades,o-que-e-instinto-animal,planejado,,ok (faixa do Planner),instinto animal,1 mil a 10 mil,Baixo,
CAL0008,08/10/2026,2026-10-08,Qui,1,ART2006,KW1006,como funciona o bluetooth,Como funciona o bluetooth?,"Tecnologia, IA e ciência",tecnologia-ia-e-ciencia,,,KW3017; KW3018; KW3019; KW3020; KW3021; KW3022; KW3023; KW3024,como funciona o bluetooth explicado de forma simples; como funciona o bluetooth entenda como funciona; como funciona o bluetooth causas e explicação; como funciona o bluetooth perguntas e respostas; como funciona o bluetooth o que a ciência sabe; como funciona o bluetooth curiosidades e fatos; como funciona o bluetooth exemplos do dia a dia; como funciona o bluetooth mitos e verdades,como-funciona-o-bluetooth,planejado,,ok (faixa do Planner),bluetooth,100 mil a 1 milhão,Baixo,
CAL0009,09/10/2026,2026-10-09,Sex,1,ART2033,KW1033,o que é um cometa,O que é um cometa?,Universo e espaço,universo-e-espaco,,,KW3025; KW3026; KW3027; KW3028; KW3029; KW3030; KW3031; KW3032,o que é um cometa explicado de forma simples; o que é um cometa entenda como funciona; o que é um cometa causas e explicação; o que é um cometa perguntas e respostas; o que é um cometa o que a ciência sabe; o que é um cometa curiosidades e fatos; o que é um cometa exemplos do dia a dia; o que é um cometa mitos e verdades,o-que-e-um-cometa,planejado,,ok (faixa do Planner),cometas,100 mil a 1 milhão,Médio,
CAL0010,10/10/2026,2026-10-10,Sab,1,ART2844,KW1844,o que é a extinção de espécies,O que é a extinção de espécies?,Animais,animais,,,KW3033; KW3034; KW3035; KW3036; KW3037; KW3038; KW3039; KW3040,o que é a extinção de espécies explicado de forma simples; o que é a extinção de espécies entenda como funciona; o que é a extinção de espécies causas e explicação; o que é a extinção de espécies perguntas e respostas; o que é a extinção de espécies o que a ciência sabe; o que é a extinção de espécies curiosidades e fatos; o que é a extinção de espécies exemplos do dia a dia; o que é a extinção de espécies mitos e verdades,o-que-e-a-extincao-de-especies,planejado,,ok (faixa do Planner),extinção de espécies,100 a 1 mil,Baixo,
CAL0011,11/10/2026,2026-10-11,Dom,1,ART2077,KW1077,como se forma a chuva,Como se forma a chuva?,Ciência e fenômenos,ciencia-e-fenomenos,,,KW3041; KW3042; KW3043; KW3044; KW3045; KW3046; KW3047; KW3048,como se forma a chuva explicado de forma simples; como se forma a chuva entenda como funciona; como se forma a chuva causas e explicação; como se forma a chuva perguntas e respostas; como se forma a chuva o que a ciência sabe; como se forma a chuva curiosidades e fatos; como se forma a chuva exemplos do dia a dia; como se forma a chuva mitos e verdades,como-se-forma-a-chuva,planejado,,ok (faixa do Planner),chuva,100 mil a 1 milhão,Baixo,
CAL0012,12/10/2026,2026-10-12,Seg,1,ART2042,KW1042,como funciona um carro elétrico,Como funciona um carro elétrico?,"Tecnologia, IA e ciência",tecnologia-ia-e-ciencia,,,KW3049; KW3050; KW3051; KW3052; KW3053; KW3054; KW3055; KW3056,como funciona um carro elétrico explicado de forma simples; como funciona um carro elétrico entenda como funciona; como funciona um carro elétrico causas e explicação; como funciona um carro elétrico perguntas e respostas; como funciona um carro elétrico o que a ciência sabe; como funciona um carro elétrico curiosidades e fatos; como funciona um carro elétrico exemplos do dia a dia; como funciona um carro elétrico mitos e verdades,como-funciona-um-carro-eletrico,planejado,,ok (faixa do Planner),carro eletrico,100 mil a 1 milhão,Baixo,
CAL0013,13/10/2026,2026-10-13,Ter,1,ART2939,KW1939,o que é um planeta,O que é um planeta?,Universo e espaço,universo-e-espaco,,,KW3057; KW3058; KW3059; KW3060; KW3061; KW3062; KW3063; KW3064,o que é um planeta explicado de forma simples; o que é um planeta entenda como funciona; o que é um planeta causas e explicação; o que é um planeta perguntas e respostas; o que é um planeta o que a ciência sabe; o que é um planeta curiosidades e fatos; o que é um planeta exemplos do dia a dia; o que é um planeta mitos e verdades,o-que-e-um-planeta,planejado,,ok (faixa do Planner),planetas,100 mil a 1 milhão,Baixo,
CAL0017,17/10/2026,2026-10-17,Sab,1,ART2945,KW1945,o que é uma estrela,O que é uma estrela?,Universo e espaço,universo-e-espaco,,,KW3065; KW3066; KW3067; KW3068; KW3069; KW3070; KW3071; KW3072,o que é uma estrela explicado de forma simples; o que é uma estrela entenda como funciona; o que é uma estrela causas e explicação; o que é uma estrela perguntas e respostas; o que é uma estrela o que a ciência sabe; o que é uma estrela curiosidades e fatos; o que é uma estrela exemplos do dia a dia; o que é uma estrela mitos e verdades,o-que-e-uma-estrela,planejado,,ok (faixa do Planner),estrelas,100 mil a 1 milhão,Baixo,
CAL0020,20/10/2026,2026-10-20,Ter,1,ART2012,KW1012,como funciona o 5g,Como funciona o 5g?,"Tecnologia, IA e ciência",tecnologia-ia-e-ciencia,,,KW3073; KW3074; KW3075; KW3076; KW3077; KW3078; KW3079; KW3080,como funciona o 5g explicado de forma simples; como funciona o 5g entenda como funciona; como funciona o 5g causas e explicação; como funciona o 5g perguntas e respostas; como funciona o 5g o que a ciência sabe; como funciona o 5g curiosidades e fatos; como funciona o 5g exemplos do dia a dia; como funciona o 5g mitos e verdades,como-funciona-o-5g,planejado,,ok (faixa do Planner),5g,10 mil a 100 mil,Baixo,
CAL0023,23/10/2026,2026-10-23,Sex,1,ART2473,KW1473,o que é corrente elétrica,O que é corrente elétrica?,Ciência e fenômenos,ciencia-e-fenomenos,,,KW3081; KW3082; KW3083; KW3084; KW3085; KW3086; KW3087; KW3088,o que é corrente elétrica explicado de forma simples; o que é corrente elétrica entenda como funciona; o que é corrente elétrica causas e explicação; o que é corrente elétrica perguntas e respostas; o que é corrente elétrica o que a ciência sabe; o que é corrente elétrica curiosidades e fatos; o que é corrente elétrica exemplos do dia a dia; o que é corrente elétrica mitos e verdades,o-que-e-corrente-eletrica,planejado,,ok (faixa do Planner),corrente eletrica,10 mil a 100 mil,Baixo,
CAL0024,24/10/2026,2026-10-24,Sab,1,ART2024,KW1024,como funciona o blockchain,Como funciona o blockchain?,"Tecnologia, IA e ciência",tecnologia-ia-e-ciencia,,,KW3089; KW3090; KW3091; KW3092; KW3093; KW3094; KW3095; KW3096,como funciona o blockchain explicado de forma simples; como funciona o blockchain entenda como funciona; como funciona o blockchain causas e explicação; como funciona o blockchain perguntas e respostas; como funciona o blockchain o que a ciência sabe; como funciona o blockchain curiosidades e fatos; como funciona o blockchain exemplos do dia a dia; como funciona o blockchain mitos e verdades,como-funciona-o-blockchain,planejado,,ok (faixa do Planner),blockchain,10 mil a 100 mil,Baixo,
CAL0028,28/10/2026,2026-10-28,Qua,1,ART2678,KW1678,como funciona um carro híbrido,Como funciona um carro híbrido?,"Tecnologia, IA e ciência",tecnologia-ia-e-ciencia,,,KW3097; KW3098; KW3099; KW3100; KW3101; KW3102; KW3103; KW3104,como funciona um carro híbrido explicado de forma simples; como funciona um carro híbrido entenda como funciona; como funciona um carro híbrido causas e explicação; como funciona um carro híbrido perguntas e respostas; como funciona um carro híbrido o que a ciência sabe; como funciona um carro híbrido curiosidades e fatos; como funciona um carro híbrido exemplos do dia a dia; como funciona um carro híbrido mitos e verdades,como-funciona-um-carro-hibrido,planejado,,ok (faixa do Planner),carro hibrido,10 mil a 100 mil,Médio,
CAL0029,29/10/2026,2026-10-29,Qui,1,ART2027,KW1027,o que é o big bang,O que é o big bang?,Universo e espaço,universo-e-espaco,,,KW3105; KW3106; KW3107; KW3108; KW3109; KW3110; KW3111; KW3112,o que é o big bang explicado de forma simples; o que é o big bang entenda como funciona; o que é o big bang causas e explicação; o que é o big bang perguntas e respostas; o que é o big bang o que a ciência sabe; o que é o big bang curiosidades e fatos; o que é o big bang exemplos do dia a dia; o que é o big bang mitos e verdades,o-que-e-o-big-bang,planejado,,ok (faixa do Planner),big bang,10 mil a 100 mil,Baixo,
CAL0032,01/11/2026,2026-11-01,Dom,1,ART2252,KW1252,como funciona a criptografia de ponta a ponta,Como funciona a criptografia de ponta a ponta?,"Tecnologia, IA e ciência",tecnologia-ia-e-ciencia,,,KW3113; KW3114; KW3115; KW3116; KW3117; KW3118; KW3119; KW3120,como funciona a criptografia de ponta a ponta explicado de forma simples; como funciona a criptografia de ponta a ponta entenda como funciona; como funciona a criptografia de ponta a ponta causas e explicação; como funciona a criptografia de ponta a ponta perguntas e respostas; como funciona a criptografia de ponta a ponta o que a ciência sabe; como funciona a criptografia de ponta a ponta curiosidades e fatos; como funciona a criptografia de ponta a ponta exemplos do dia a dia; como funciona a criptografia de ponta a ponta mitos e verdades,como-funciona-a-criptografia-de-ponta-a-ponta,planejado,,ok (faixa do Planner),criptografia de ponta a ponta,1 mil a 10 mil,Baixo,
CAL0033,01/11/2026,2026-11-01,Dom,2,ART2153,KW1153,o que é uma lua azul,O que é uma lua azul?,Universo e espaço,universo-e-espaco,,,KW3121; KW3122; KW3123; KW3124; KW3125; KW3126; KW3127; KW3128,o que é uma lua azul explicado de forma simples; o que é uma lua azul entenda como funciona; o que é uma lua azul causas e explicação; o que é uma lua azul perguntas e respostas; o que é uma lua azul o que a ciência sabe; o que é uma lua azul curiosidades e fatos; o que é uma lua azul exemplos do dia a dia; o que é uma lua azul mitos e verdades,o-que-e-uma-lua-azul,planejado,,ok (faixa do Planner),lua azul,10 mil a 100 mil,Baixo,
CAL0036,03/11/2026,2026-11-03,Ter,1,ART2444,KW1444,como funciona a internet via satélite,Como funciona a internet via satélite?,"Tecnologia, IA e ciência",tecnologia-ia-e-ciencia,,,KW3129; KW3130; KW3131; KW3132; KW3133; KW3134; KW3135; KW3136,como funciona a internet via satélite explicado de forma simples; como funciona a internet via satélite entenda como funciona; como funciona a internet via satélite causas e explicação; como funciona a internet via satélite perguntas e respostas; como funciona a internet via satélite o que a ciência sabe; como funciona a internet via satélite curiosidades e fatos; como funciona a internet via satélite exemplos do dia a dia; como funciona a internet via satélite mitos e verdades,como-funciona-a-internet-via-satelite,planejado,,ok (faixa do Planner),internet via satelite,1 mil a 10 mil,Médio,
CAL0037,03/11/2026,2026-11-03,Ter,2,ART2159,KW1159,o que é uma lua de sangue,O que é uma lua de sangue?,Universo e espaço,universo-e-espaco,,,KW3137; KW3138; KW3139; KW3140; KW3141; KW3142; KW3143; KW3144,o que é uma lua de sangue explicado de forma simples; o que é uma lua de sangue entenda como funciona; o que é uma lua de sangue causas e explicação; o que é uma lua de sangue perguntas e respostas; o que é uma lua de sangue o que a ciência sabe; o que é uma lua de sangue curiosidades e fatos; o que é uma lua de sangue exemplos do dia a dia; o que é uma lua de sangue mitos e verdades,o-que-e-uma-lua-de-sangue,planejado,,ok (faixa do Planner),lua de sangue,10 mil a 100 mil,Baixo,
CAL0041,05/11/2026,2026-11-05,Qui,2,ART2189,KW1189,como é o planeta Júpiter,Como é o planeta Júpiter?,Universo e espaço,universo-e-espaco,,,KW3145; KW3146; KW3147; KW3148; KW3149; KW3150; KW3151; KW3152,como é o planeta Júpiter explicado de forma simples; como é o planeta Júpiter entenda como funciona; como é o planeta Júpiter causas e explicação; como é o planeta Júpiter perguntas e respostas; como é o planeta Júpiter o que a ciência sabe; como é o planeta Júpiter curiosidades e fatos; como é o planeta Júpiter exemplos do dia a dia; como é o planeta Júpiter mitos e verdades,como-e-o-planeta-jupiter,planejado,,ok (faixa do Planner),planeta júpiter,10 mil a 100 mil,Baixo,
CAL0045,07/11/2026,2026-11-07,Sab,2,ART2207,KW1207,como é o planeta Saturno,Como é o planeta Saturno?,Universo e espaço,universo-e-espaco,,,KW3153; KW3154; KW3155; KW3156; KW3157; KW3158; KW3159; KW3160,como é o planeta Saturno explicado de forma simples; como é o planeta Saturno entenda como funciona; como é o planeta Saturno causas e explicação; como é o planeta Saturno perguntas e respostas; como é o planeta Saturno o que a ciência sabe; como é o planeta Saturno curiosidades e fatos; como é o planeta Saturno exemplos do dia a dia; como é o planeta Saturno mitos e verdades,como-e-o-planeta-saturno,planejado,,ok (faixa do Planner),planeta saturno,10 mil a 100 mil,Baixo,
CAL0049,09/11/2026,2026-11-09,Seg,2,ART2225,KW1225,como é o planeta Netuno,Como é o planeta Netuno?,Universo e espaço,universo-e-espaco,,,KW3161; KW3162; KW3163; KW3164; KW3165; KW3166; KW3167; KW3168,como é o planeta Netuno explicado de forma simples; como é o planeta Netuno entenda como funciona; como é o planeta Netuno causas e explicação; como é o planeta Netuno perguntas e respostas; como é o planeta Netuno o que a ciência sabe; como é o planeta Netuno curiosidades e fatos; como é o planeta Netuno exemplos do dia a dia; como é o planeta Netuno mitos e verdades,como-e-o-planeta-netuno,planejado,,ok (faixa do Planner),netuno planeta,10 mil a 100 mil,Baixo,
CAL0053,11/11/2026,2026-11-11,Qua,2,ART2831,KW1831,o que é o cometa Halley,O que é o cometa Halley?,Universo e espaço,universo-e-espaco,,,KW3169; KW3170; KW3171; KW3172; KW3173; KW3174; KW3175; KW3176,o que é o cometa Halley explicado de forma simples; o que é o cometa Halley entenda como funciona; o que é o cometa Halley causas e explicação; o que é o cometa Halley perguntas e respostas; o que é o cometa Halley o que a ciência sabe; o que é o cometa Halley curiosidades e fatos; o que é o cometa Halley exemplos do dia a dia; o que é o cometa Halley mitos e verdades,o-que-e-o-cometa-halley,planejado,,ok (faixa do Planner),cometa halley,10 mil a 100 mil,Baixo,
CAL0057,13/11/2026,2026-11-13,Sex,2,ART2069,KW1069,como surgiram os anéis de saturno,Como surgiram os anéis de saturno?,Universo e espaço,universo-e-espaco,,,KW3177; KW3178; KW3179; KW3180; KW3181; KW3182; KW3183; KW3184,como surgiram os anéis de saturno explicado de forma simples; como surgiram os anéis de saturno entenda como funciona; como surgiram os anéis de saturno causas e explicação; como surgiram os anéis de saturno perguntas e respostas; como surgiram os anéis de saturno o que a ciência sabe; como surgiram os anéis de saturno curiosidades e fatos; como surgiram os anéis de saturno exemplos do dia a dia; como surgiram os anéis de saturno mitos e verdades,como-surgiram-os-aneis-de-saturno,planejado,,ok (faixa do Planner),aneis de saturno,1 mil a 10 mil,Baixo,
CAL0061,15/11/2026,2026-11-15,Dom,2,ART2183,KW1183,como é o planeta Mercúrio,Como é o planeta Mercúrio?,Universo e espaço,universo-e-espaco,,,KW3185; KW3186; KW3187; KW3188; KW3189; KW3190; KW3191; KW3192,como é o planeta Mercúrio explicado de forma simples; como é o planeta Mercúrio entenda como funciona; como é o planeta Mercúrio causas e explicação; como é o planeta Mercúrio perguntas e respostas; como é o planeta Mercúrio o que a ciência sabe; como é o planeta Mercúrio curiosidades e fatos; como é o planeta Mercúrio exemplos do dia a dia; como é o planeta Mercúrio mitos e verdades,como-e-o-planeta-mercurio,planejado,,ok (faixa do Planner),mercúrio planeta,1 mil a 10 mil,Baixo,
CAL0065,17/11/2026,2026-11-17,Ter,2,ART2213,KW1213,como é o planeta Urano,Como é o planeta Urano?,Universo e espaço,universo-e-espaco,,,KW3193; KW3194; KW3195; KW3196; KW3197; KW3198; KW3199; KW3200,como é o planeta Urano explicado de forma simples; como é o planeta Urano entenda como funciona; como é o planeta Urano causas e explicação; como é o planeta Urano perguntas e respostas; como é o planeta Urano o que a ciência sabe; como é o planeta Urano curiosidades e fatos; como é o planeta Urano exemplos do dia a dia; como é o planeta Urano mitos e verdades,como-e-o-planeta-urano,planejado,,ok (faixa do Planner),planeta urano,1 mil a 10 mil,Baixo,
CAL0069,19/11/2026,2026-11-19,Qui,2,ART2273,KW1273,o que são planetas anões,O que são planetas anões?,Universo e espaço,universo-e-espaco,,,KW3201; KW3202; KW3203; KW3204; KW3205; KW3206; KW3207; KW3208,o que são planetas anões explicado de forma simples; o que são planetas anões entenda como funciona; o que são planetas anões causas e explicação; o que são planetas anões perguntas e respostas; o que são planetas anões o que a ciência sabe; o que são planetas anões curiosidades e fatos; o que são planetas anões exemplos do dia a dia; o que são planetas anões mitos e verdades,o-que-sao-planetas-anoes,planejado,,ok (faixa do Planner),planetas anões,1 mil a 10 mil,Baixo,
CAL0073,21/11/2026,2026-11-21,Sab,2,ART2459,KW1459,o que é a galáxia de Andrômeda,O que é a galáxia de Andrômeda?,Universo e espaço,universo-e-espaco,,,KW3209; KW3210; KW3211; KW3212; KW3213; KW3214; KW3215; KW3216,o que é a galáxia de Andrômeda explicado de forma simples; o que é a galáxia de Andrômeda entenda como funciona; o que é a galáxia de Andrômeda causas e explicação; o que é a galáxia de Andrômeda perguntas e respostas; o que é a galáxia de Andrômeda o que a ciência sabe; o que é a galáxia de Andrômeda curiosidades e fatos; o que é a galáxia de Andrômeda exemplos do dia a dia; o que é a galáxia de Andrômeda mitos e verdades,o-que-e-a-galaxia-de-andromeda,planejado,,ok (faixa do Planner),galáxia de andrômeda,1 mil a 10 mil,Baixo,
CAL0081,25/11/2026,2026-11-25,Qua,2,ART2015,KW1015,por que marte é vermelho,Por que marte é vermelho?,Universo e espaço,universo-e-espaco,,,KW3241; KW3242; KW3243; KW3244; KW3245; KW3246; KW3247; KW3248,por que marte é vermelho explicado de forma simples; por que marte é vermelho entenda como funciona; por que marte é vermelho causas e explicação; por que marte é vermelho perguntas e respostas; por que marte é vermelho o que a ciência sabe; por que marte é vermelho curiosidades e fatos; por que marte é vermelho exemplos do dia a dia; por que marte é vermelho mitos e verdades,por-que-marte-e-vermelho,planejado,,ok (faixa do Planner),marte vermelho,100 a 1 mil,Baixo,
CAL0083,26/11/2026,2026-11-26,Qui,2,ART2005,KW1005,por que a água ferve,Por que a água ferve?,Ciência e fenômenos,ciencia-e-fenomenos,,,KW3257; KW3258; KW3259; KW3260; KW3261; KW3262; KW3263; KW3264,por que a água ferve explicado de forma simples; por que a água ferve entenda como funciona; por que a água ferve causas e explicação; por que a água ferve perguntas e respostas; por que a água ferve o que a ciência sabe; por que a água ferve curiosidades e fatos; por que a água ferve exemplos do dia a dia; por que a água ferve mitos e verdades,por-que-a-agua-ferve,planejado,,pendente,,,,
CAL0085,27/11/2026,2026-11-27,Sex,2,ART2417,KW1417,por que as estrelas piscam,Por que as estrelas piscam?,Universo e espaço,universo-e-espaco,,,KW3265; KW3266; KW3267; KW3268; KW3269; KW3270; KW3271; KW3272,por que as estrelas piscam explicado de forma simples; por que as estrelas piscam entenda como funciona; por que as estrelas piscam causas e explicação; por que as estrelas piscam perguntas e respostas; por que as estrelas piscam o que a ciência sabe; por que as estrelas piscam curiosidades e fatos; por que as estrelas piscam exemplos do dia a dia; por que as estrelas piscam mitos e verdades,por-que-as-estrelas-piscam,planejado,,ok (faixa do Planner),estrelas piscam,100 a 1 mil,Baixo,
CAL0086,28/11/2026,2026-11-28,Sab,1,ART2004,KW1004,por que os gatos caem de pé,Por que os gatos caem de pé?,Animais,animais,,,KW3273; KW3274; KW3275; KW3276; KW3277; KW3278; KW3279; KW3280,por que os gatos caem de pé explicado de forma simples; por que os gatos caem de pé entenda como funciona; por que os gatos caem de pé causas e explicação; por que os gatos caem de pé perguntas e respostas; por que os gatos caem de pé o que a ciência sabe; por que os gatos caem de pé curiosidades e fatos; por que os gatos caem de pé exemplos do dia a dia; por que os gatos caem de pé mitos e verdades,por-que-os-gatos-caem-de-pe,planejado,,pendente,,,,
CAL0087,28/11/2026,2026-11-28,Sab,2,ART2011,KW1011,por que o trovão vem depois do raio,Por que o trovão vem depois do raio?,Ciência e fenômenos,ciencia-e-fenomenos,,,KW3281; KW3282; KW3283; KW3284; KW3285; KW3286; KW3287; KW3288,por que o trovão vem depois do raio explicado de forma simples; por que o trovão vem depois do raio entenda como funciona; por que o trovão vem depois do raio causas e explicação; por que o trovão vem depois do raio perguntas e respostas; por que o trovão vem depois do raio o que a ciência sabe; por que o trovão vem depois do raio curiosidades e fatos; por que o trovão vem depois do raio exemplos do dia a dia; por que o trovão vem depois do raio mitos e verdades,por-que-o-trovao-vem-depois-do-raio,planejado,,pendente,,,,
CAL0089,29/11/2026,2026-11-29,Dom,2,ART2477,KW1477,o que são galáxias espirais,O que são galáxias espirais?,Universo e espaço,universo-e-espaco,,,KW3289; KW3290; KW3291; KW3292; KW3293; KW3294; KW3295; KW3296,o que são galáxias espirais explicado de forma simples; o que são galáxias espirais entenda como funciona; o que são galáxias espirais causas e explicação; o que são galáxias espirais perguntas e respostas; o que são galáxias espirais o que a ciência sabe; o que são galáxias espirais curiosidades e fatos; o que são galáxias espirais exemplos do dia a dia; o que são galáxias espirais mitos e verdades,o-que-sao-galaxias-espirais,planejado,,ok (faixa do Planner),galaxias espirais,100 a 1 mil,Baixo,
CAL0090,30/11/2026,2026-11-30,Seg,1,ART2010,KW1010,por que os gatos amassam pãozinho,Por que os gatos amassam pãozinho?,Animais,animais,,,KW3297; KW3298; KW3299; KW3300; KW3301; KW3302; KW3303; KW3304,por que os gatos amassam pãozinho explicado de forma simples; por que os gatos amassam pãozinho entenda como funciona; por que os gatos amassam pãozinho causas e explicação; por que os gatos amassam pãozinho perguntas e respostas; por que os gatos amassam pãozinho o que a ciência sabe; por que os gatos amassam pãozinho curiosidades e fatos; por que os gatos amassam pãozinho exemplos do dia a dia; por que os gatos amassam pãozinho mitos e verdades,por-que-os-gatos-amassam-paozinho,planejado,,pendente,,,,
CAL0091,30/11/2026,2026-11-30,Seg,2,ART2017,KW1017,como se forma um furacão,Como se forma um furacão?,Ciência e fenômenos,ciencia-e-fenomenos,,,KW3305; KW3306; KW3307; KW3308; KW3309; KW3310; KW3311; KW3312,como se forma um furacão explicado de forma simples; como se forma um furacão entenda como funciona; como se forma um furacão causas e explicação; como se forma um furacão perguntas e respostas; como se forma um furacão o que a ciência sabe; como se forma um furacão curiosidades e fatos; como se forma um furacão exemplos do dia a dia; como se forma um furacão mitos e verdades,como-se-forma-um-furacao,planejado,,pendente,,,,
CAL0092,01/12/2026,2026-12-01,Ter,1,ART2633,KW1633,o que é gravidade zero,O que é gravidade zero?,Universo e espaço,universo-e-espaco,,,KW3313; KW3314; KW3315; KW3316; KW3317; KW3318; KW3319; KW3320,o que é gravidade zero explicado de forma simples; o que é gravidade zero entenda como funciona; o que é gravidade zero causas e explicação; o que é gravidade zero perguntas e respostas; o que é gravidade zero o que a ciência sabe; o que é gravidade zero curiosidades e fatos; o que é gravidade zero exemplos do dia a dia; o que é gravidade zero mitos e verdades,o-que-e-gravidade-zero,planejado,,ok (faixa do Planner),gravidade zero,100 a 1 mil,Baixo,
CAL0093,01/12/2026,2026-12-01,Ter,2,ART2050,KW1050,por que temos dor de cabeça,Por que temos dor de cabeça?,Corpo humano,corpo-humano,,,KW3321; KW3322; KW3323; KW3324; KW3325; KW3326; KW3327; KW3328,por que temos dor de cabeça explicado de forma simples; por que temos dor de cabeça entenda como funciona; por que temos dor de cabeça causas e explicação; por que temos dor de cabeça perguntas e respostas; por que temos dor de cabeça o que a ciência sabe; por que temos dor de cabeça curiosidades e fatos; por que temos dor de cabeça exemplos do dia a dia; por que temos dor de cabeça mitos e verdades,por-que-temos-dor-de-cabeca,planejado,,ok (faixa do Planner),dor de cabeça,100 mil a 1 milhão,Baixo,
CAL0094,01/12/2026,2026-12-01,Ter,3,ART2016,KW1016,por que os cães uivam,Por que os cães uivam?,Animais,animais,,,KW3329; KW3330; KW3331; KW3332; KW3333; KW3334; KW3335; KW3336,por que os cães uivam explicado de forma simples; por que os cães uivam entenda como funciona; por que os cães uivam causas e explicação; por que os cães uivam perguntas e respostas; por que os cães uivam o que a ciência sabe; por que os cães uivam curiosidades e fatos; por que os cães uivam exemplos do dia a dia; por que os cães uivam mitos e verdades,por-que-os-caes-uivam,planejado,,pendente,,,,
CAL0095,02/12/2026,2026-12-02,Qua,1,ART2023,KW1023,por que o pôr do sol é vermelho,Por que o pôr do sol é vermelho?,Ciência e fenômenos,ciencia-e-fenomenos,,,KW3337; KW3338; KW3339; KW3340; KW3341; KW3342; KW3343; KW3344,por que o pôr do sol é vermelho explicado de forma simples; por que o pôr do sol é vermelho entenda como funciona; por que o pôr do sol é vermelho causas e explicação; por que o pôr do sol é vermelho perguntas e respostas; por que o pôr do sol é vermelho o que a ciência sabe; por que o pôr do sol é vermelho curiosidades e fatos; por que o pôr do sol é vermelho exemplos do dia a dia; por que o pôr do sol é vermelho mitos e verdades,por-que-o-por-do-sol-e-vermelho,planejado,,pendente,,,,
CAL0096,02/12/2026,2026-12-02,Qua,2,ART2019,KW1019,por que sentimos inveja,Por que sentimos inveja?,Psicologia e comportamento,psicologia-e-comportamento,,,KW3345; KW3346; KW3347; KW3348; KW3349; KW3350; KW3351; KW3352,por que sentimos inveja explicado de forma simples; por que sentimos inveja entenda como funciona; por que sentimos inveja causas e explicação; por que sentimos inveja perguntas e respostas; por que sentimos inveja o que a ciência sabe; por que sentimos inveja curiosidades e fatos; por que sentimos inveja exemplos do dia a dia; por que sentimos inveja mitos e verdades,por-que-sentimos-inveja,planejado,,ok (faixa do Planner),inveja,10 mil a 100 mil,Baixo,
CAL0098,03/12/2026,2026-12-03,Qui,1,ART2903,KW1903,o que são os anéis de Júpiter,O que são os anéis de Júpiter?,Universo e espaço,universo-e-espaco,,,KW3353; KW3354; KW3355; KW3356; KW3357; KW3358; KW3359; KW3360,o que são os anéis de Júpiter explicado de forma simples; o que são os anéis de Júpiter entenda como funciona; o que são os anéis de Júpiter causas e explicação; o que são os anéis de Júpiter perguntas e respostas; o que são os anéis de Júpiter o que a ciência sabe; o que são os anéis de Júpiter curiosidades e fatos; o que são os anéis de Júpiter exemplos do dia a dia; o que são os anéis de Júpiter mitos e verdades,o-que-sao-os-aneis-de-jupiter,planejado,,ok (faixa do Planner),aneis de jupiter,100 a 1 mil,Baixo,
CAL0099,03/12/2026,2026-12-03,Qui,2,ART2008,KW1008,por que temos cãibras,Por que temos cãibras?,Corpo humano,corpo-humano,,,KW3361; KW3362; KW3363; KW3364; KW3365; KW3366; KW3367; KW3368,por que temos cãibras explicado de forma simples; por que temos cãibras entenda como funciona; por que temos cãibras causas e explicação; por que temos cãibras perguntas e respostas; por que temos cãibras o que a ciência sabe; por que temos cãibras curiosidades e fatos; por que temos cãibras exemplos do dia a dia; por que temos cãibras mitos e verdades,por-que-temos-caibras,planejado,,ok (faixa do Planner),cãibra,10 mil a 100 mil,Baixo,
CAL0100,03/12/2026,2026-12-03,Qui,3,ART2022,KW1022,por que as girafas têm pescoço longo,Por que as girafas têm pescoço longo?,Animais,animais,,,KW3369; KW3370; KW3371; KW3372; KW3373; KW3374; KW3375; KW3376,por que as girafas têm pescoço longo explicado de forma simples; por que as girafas têm pescoço longo entenda como funciona; por que as girafas têm pescoço longo causas e explicação; por que as girafas têm pescoço longo perguntas e respostas; por que as girafas têm pescoço longo o que a ciência sabe; por que as girafas têm pescoço longo curiosidades e fatos; por que as girafas têm pescoço longo exemplos do dia a dia; por que as girafas têm pescoço longo mitos e verdades,por-que-as-girafas-tem-pescoco-longo,planejado,,pendente,,,,
CAL0101,04/12/2026,2026-12-04,Sex,1,ART2029,KW1029,por que a neve é branca,Por que a neve é branca?,Ciência e fenômenos,ciencia-e-fenomenos,,,KW3377; KW3378; KW3379; KW3380; KW3381; KW3382; KW3383; KW3384,por que a neve é branca explicado de forma simples; por que a neve é branca entenda como funciona; por que a neve é branca causas e explicação; por que a neve é branca perguntas e respostas; por que a neve é branca o que a ciência sabe; por que a neve é branca curiosidades e fatos; por que a neve é branca exemplos do dia a dia; por que a neve é branca mitos e verdades,por-que-a-neve-e-branca,planejado,,pendente,,,,
CAL0102,04/12/2026,2026-12-04,Sex,2,ART2025,KW1025,por que sentimos solidão,Por que sentimos solidão?,Psicologia e comportamento,psicologia-e-comportamento,,,KW3385; KW3386; KW3387; KW3388; KW3389; KW3390; KW3391; KW3392,por que sentimos solidão explicado de forma simples; por que sentimos solidão entenda como funciona; por que sentimos solidão causas e explicação; por que sentimos solidão perguntas e respostas; por que sentimos solidão o que a ciência sabe; por que sentimos solidão curiosidades e fatos; por que sentimos solidão exemplos do dia a dia; por que sentimos solidão mitos e verdades,por-que-sentimos-solidao,planejado,,ok (faixa do Planner),solidão,10 mil a 100 mil,Baixo,
CAL0104,05/12/2026,2026-12-05,Sab,1,ART2909,KW1909,o que é a atmosfera de Marte,O que é a atmosfera de Marte?,Universo e espaço,universo-e-espaco,,,KW3401; KW3402; KW3403; KW3404; KW3405; KW3406; KW3407; KW3408,o que é a atmosfera de Marte explicado de forma simples; o que é a atmosfera de Marte entenda como funciona; o que é a atmosfera de Marte causas e explicação; o que é a atmosfera de Marte perguntas e respostas; o que é a atmosfera de Marte o que a ciência sabe; o que é a atmosfera de Marte curiosidades e fatos; o que é a atmosfera de Marte exemplos do dia a dia; o que é a atmosfera de Marte mitos e verdades,o-que-e-a-atmosfera-de-marte,planejado,,ok (faixa do Planner),atmosfera de marte,100 a 1 mil,Baixo,
CAL0105,05/12/2026,2026-12-05,Sab,2,ART2074,KW1074,como funciona o cérebro humano,Como funciona o cérebro humano?,Corpo humano,corpo-humano,,,KW3409; KW3410; KW3411; KW3412; KW3413; KW3414; KW3415; KW3416,como funciona o cérebro humano explicado de forma simples; como funciona o cérebro humano entenda como funciona; como funciona o cérebro humano causas e explicação; como funciona o cérebro humano perguntas e respostas; como funciona o cérebro humano o que a ciência sabe; como funciona o cérebro humano curiosidades e fatos; como funciona o cérebro humano exemplos do dia a dia; como funciona o cérebro humano mitos e verdades,como-funciona-o-cerebro-humano,planejado,,ok (faixa do Planner),cerebro humano,10 mil a 100 mil,Baixo,
CAL0106,05/12/2026,2026-12-05,Sab,3,ART2028,KW1028,por que as zebras têm listras,Por que as zebras têm listras?,Animais,animais,,,KW3417; KW3418; KW3419; KW3420; KW3421; KW3422; KW3423; KW3424,por que as zebras têm listras explicado de forma simples; por que as zebras têm listras entenda como funciona; por que as zebras têm listras causas e explicação; por que as zebras têm listras perguntas e respostas; por que as zebras têm listras o que a ciência sabe; por que as zebras têm listras curiosidades e fatos; por que as zebras têm listras exemplos do dia a dia; por que as zebras têm listras mitos e verdades,por-que-as-zebras-tem-listras,planejado,,pendente,,,,
CAL0107,06/12/2026,2026-12-06,Dom,1,ART2035,KW1035,por que existem as marés,Por que existem as marés?,Ciência e fenômenos,ciencia-e-fenomenos,,,KW3425; KW3426; KW3427; KW3428; KW3429; KW3430; KW3431; KW3432,por que existem as marés explicado de forma simples; por que existem as marés entenda como funciona; por que existem as marés causas e explicação; por que existem as marés perguntas e respostas; por que existem as marés o que a ciência sabe; por que existem as marés curiosidades e fatos; por que existem as marés exemplos do dia a dia; por que existem as marés mitos e verdades,por-que-existem-as-mares,planejado,,pendente,,,,
CAL0108,06/12/2026,2026-12-06,Dom,2,ART2031,KW1031,por que sentimos empatia,Por que sentimos empatia?,Psicologia e comportamento,psicologia-e-comportamento,,,KW3433; KW3434; KW3435; KW3436; KW3437; KW3438; KW3439; KW3440,por que sentimos empatia explicado de forma simples; por que sentimos empatia entenda como funciona; por que sentimos empatia causas e explicação; por que sentimos empatia perguntas e respostas; por que sentimos empatia o que a ciência sabe; por que sentimos empatia curiosidades e fatos; por que sentimos empatia exemplos do dia a dia; por que sentimos empatia mitos e verdades,por-que-sentimos-empatia,planejado,,ok (faixa do Planner),empatia,10 mil a 100 mil,Baixo,
CAL0112,07/12/2026,2026-12-07,Seg,3,ART2034,KW1034,como os camelos sobrevivem sem água,Como os camelos sobrevivem sem água?,Animais,animais,,,KW3449; KW3450; KW3451; KW3452; KW3453; KW3454; KW3455; KW3456,como os camelos sobrevivem sem água explicado de forma simples; como os camelos sobrevivem sem água entenda como funciona; como os camelos sobrevivem sem água causas e explicação; como os camelos sobrevivem sem água perguntas e respostas; como os camelos sobrevivem sem água o que a ciência sabe; como os camelos sobrevivem sem água curiosidades e fatos; como os camelos sobrevivem sem água exemplos do dia a dia; como os camelos sobrevivem sem água mitos e verdades,como-os-camelos-sobrevivem-sem-agua,planejado,,pendente,,,,
CAL0113,08/12/2026,2026-12-08,Ter,1,ART2041,KW1041,como funciona a fotossíntese,Como funciona a fotossíntese?,Ciência e fenômenos,ciencia-e-fenomenos,,,KW3457; KW3458; KW3459; KW3460; KW3461; KW3462; KW3463; KW3464,como funciona a fotossíntese explicado de forma simples; como funciona a fotossíntese entenda como funciona; como funciona a fotossíntese causas e explicação; como funciona a fotossíntese perguntas e respostas; como funciona a fotossíntese o que a ciência sabe; como funciona a fotossíntese curiosidades e fatos; como funciona a fotossíntese exemplos do dia a dia; como funciona a fotossíntese mitos e verdades,como-funciona-a-fotossintese,planejado,,pendente,,,,
CAL0114,08/12/2026,2026-12-08,Ter,2,ART2661,KW1661,como se formam os hábitos,Como se formam os hábitos?,Psicologia e comportamento,psicologia-e-comportamento,,,KW3465; KW3466; KW3467; KW3468; KW3469; KW3470; KW3471; KW3472,como se formam os hábitos explicado de forma simples; como se formam os hábitos entenda como funciona; como se formam os hábitos causas e explicação; como se formam os hábitos perguntas e respostas; como se formam os hábitos o que a ciência sabe; como se formam os hábitos curiosidades e fatos; como se formam os hábitos exemplos do dia a dia; como se formam os hábitos mitos e verdades,como-se-formam-os-habitos,planejado,,ok (faixa do Planner),hábitos,10 mil a 100 mil,Baixo,
CAL0115,08/12/2026,2026-12-08,Ter,3,ART2018,KW1018,como funciona o pix,Como funciona o pix?,"Tecnologia, IA e ciência",tecnologia-ia-e-ciencia,,,KW3473; KW3474; KW3475; KW3476; KW3477; KW3478; KW3479; KW3480,como funciona o pix explicado de forma simples; como funciona o pix entenda como funciona; como funciona o pix causas e explicação; como funciona o pix perguntas e respostas; como funciona o pix o que a ciência sabe; como funciona o pix curiosidades e fatos; como funciona o pix exemplos do dia a dia; como funciona o pix mitos e verdades,como-funciona-o-pix,planejado,,pendente,,,,
CAL0118,09/12/2026,2026-12-09,Qua,3,ART2040,KW1040,como os vaga-lumes acendem,Como os vaga-lumes acendem?,Animais,animais,,,KW3481; KW3482; KW3483; KW3484; KW3485; KW3486; KW3487; KW3488,como os vaga-lumes acendem explicado de forma simples; como os vaga-lumes acendem entenda como funciona; como os vaga-lumes acendem causas e explicação; como os vaga-lumes acendem perguntas e respostas; como os vaga-lumes acendem o que a ciência sabe; como os vaga-lumes acendem curiosidades e fatos; como os vaga-lumes acendem exemplos do dia a dia; como os vaga-lumes acendem mitos e verdades,como-os-vaga-lumes-acendem,planejado,,pendente,,,,
CAL0119,10/12/2026,2026-12-10,Qui,1,ART2047,KW1047,por que as folhas mudam de cor,Por que as folhas mudam de cor?,Ciência e fenômenos,ciencia-e-fenomenos,,,KW3489; KW3490; KW3491; KW3492; KW3493; KW3494; KW3495; KW3496,por que as folhas mudam de cor explicado de forma simples; por que as folhas mudam de cor entenda como funciona; por que as folhas mudam de cor causas e explicação; por que as folhas mudam de cor perguntas e respostas; por que as folhas mudam de cor o que a ciência sabe; por que as folhas mudam de cor curiosidades e fatos; por que as folhas mudam de cor exemplos do dia a dia; por que as folhas mudam de cor mitos e verdades,por-que-as-folhas-mudam-de-cor,planejado,,pendente,,,,
CAL0120,10/12/2026,2026-12-10,Qui,2,ART2679,KW1679,o que é motivação,O que é motivação?,Psicologia e comportamento,psicologia-e-comportamento,,,KW3497; KW3498; KW3499; KW3500; KW3501; KW3502; KW3503; KW3504,o que é motivação explicado de forma simples; o que é motivação entenda como funciona; o que é motivação causas e explicação; o que é motivação perguntas e respostas; o que é motivação o que a ciência sabe; o que é motivação curiosidades e fatos; o que é motivação exemplos do dia a dia; o que é motivação mitos e verdades,o-que-e-motivacao,planejado,,ok (faixa do Planner),motivação,10 mil a 100 mil,Baixo,
CAL0121,10/12/2026,2026-12-10,Qui,3,ART2030,KW1030,como funciona a bateria de lítio,Como funciona a bateria de lítio?,"Tecnologia, IA e ciência",tecnologia-ia-e-ciencia,,,KW3505; KW3506; KW3507; KW3508; KW3509; KW3510; KW3511; KW3512,como funciona a bateria de lítio explicado de forma simples; como funciona a bateria de lítio entenda como funciona; como funciona a bateria de lítio causas e explicação; como funciona a bateria de lítio perguntas e respostas; como funciona a bateria de lítio o que a ciência sabe; como funciona a bateria de lítio curiosidades e fatos; como funciona a bateria de lítio exemplos do dia a dia; como funciona a bateria de lítio mitos e verdades,como-funciona-a-bateria-de-litio,planejado,,pendente,,,,
CAL0124,11/12/2026,2026-12-11,Sex,3,ART2046,KW1046,como os salmões voltam ao rio,Como os salmões voltam ao rio?,Animais,animais,,,KW3513; KW3514; KW3515; KW3516; KW3517; KW3518; KW3519; KW3520,como os salmões voltam ao rio explicado de forma simples; como os salmões voltam ao rio entenda como funciona; como os salmões voltam ao rio causas e explicação; como os salmões voltam ao rio perguntas e respostas; como os salmões voltam ao rio o que a ciência sabe; como os salmões voltam ao rio curiosidades e fatos; como os salmões voltam ao rio exemplos do dia a dia; como os salmões voltam ao rio mitos e verdades,como-os-salmoes-voltam-ao-rio,planejado,,pendente,,,,
CAL0125,12/12/2026,2026-12-12,Sab,1,ART2053,KW1053,como funciona um micro-ondas,Como funciona um micro-ondas?,Ciência e fenômenos,ciencia-e-fenomenos,,,KW3521; KW3522; KW3523; KW3524; KW3525; KW3526; KW3527; KW3528,como funciona um micro-ondas explicado de forma simples; como funciona um micro-ondas entenda como funciona; como funciona um micro-ondas causas e explicação; como funciona um micro-ondas perguntas e respostas; como funciona um micro-ondas o que a ciência sabe; como funciona um micro-ondas curiosidades e fatos; como funciona um micro-ondas exemplos do dia a dia; como funciona um micro-ondas mitos e verdades,como-funciona-um-micro-ondas,planejado,,pendente,,,,
CAL0126,12/12/2026,2026-12-12,Sab,2,ART2007,KW1007,por que sentimos culpa,Por que sentimos culpa?,Psicologia e comportamento,psicologia-e-comportamento,,,KW3529; KW3530; KW3531; KW3532; KW3533; KW3534; KW3535; KW3536,por que sentimos culpa explicado de forma simples; por que sentimos culpa entenda como funciona; por que sentimos culpa causas e explicação; por que sentimos culpa perguntas e respostas; por que sentimos culpa o que a ciência sabe; por que sentimos culpa curiosidades e fatos; por que sentimos culpa exemplos do dia a dia; por que sentimos culpa mitos e verdades,por-que-sentimos-culpa,planejado,,ok (faixa do Planner),culpa,1 mil a 10 mil,Baixo,
CAL0127,12/12/2026,2026-12-12,Sab,3,ART2036,KW1036,como funciona a carga sem fio,Como funciona a carga sem fio?,"Tecnologia, IA e ciência",tecnologia-ia-e-ciencia,,,KW3537; KW3538; KW3539; KW3540; KW3541; KW3542; KW3543; KW3544,como funciona a carga sem fio explicado de forma simples; como funciona a carga sem fio entenda como funciona; como funciona a carga sem fio causas e explicação; como funciona a carga sem fio perguntas e respostas; como funciona a carga sem fio o que a ciência sabe; como funciona a carga sem fio curiosidades e fatos; como funciona a carga sem fio exemplos do dia a dia; como funciona a carga sem fio mitos e verdades,como-funciona-a-carga-sem-fio,planejado,,pendente,,,,
CAL0130,13/12/2026,2026-12-13,Dom,3,ART2052,KW1052,como os cavalos dormem em pé,Como os cavalos dormem em pé?,Animais,animais,,,KW3545; KW3546; KW3547; KW3548; KW3549; KW3550; KW3551; KW3552,como os cavalos dormem em pé explicado de forma simples; como os cavalos dormem em pé entenda como funciona; como os cavalos dormem em pé causas e explicação; como os cavalos dormem em pé perguntas e respostas; como os cavalos dormem em pé o que a ciência sabe; como os cavalos dormem em pé curiosidades e fatos; como os cavalos dormem em pé exemplos do dia a dia; como os cavalos dormem em pé mitos e verdades,como-os-cavalos-dormem-em-pe,planejado,,pendente,,,,
CAL0131,14/12/2026,2026-12-14,Seg,1,ART2059,KW1059,por que óleo e água não se misturam,Por que óleo e água não se misturam?,Ciência e fenômenos,ciencia-e-fenomenos,,,KW3553; KW3554; KW3555; KW3556; KW3557; KW3558; KW3559; KW3560,por que óleo e água não se misturam explicado de forma simples; por que óleo e água não se misturam entenda como funciona; por que óleo e água não se misturam causas e explicação; por que óleo e água não se misturam perguntas e respostas; por que óleo e água não se misturam o que a ciência sabe; por que óleo e água não se misturam curiosidades e fatos; por que óleo e água não se misturam exemplos do dia a dia; por que óleo e água não se misturam mitos e verdades,por-que-oleo-e-agua-nao-se-misturam,planejado,,pendente,,,,
CAL0133,14/12/2026,2026-12-14,Seg,3,ART2048,KW1048,como funciona um drone,Como funciona um drone?,"Tecnologia, IA e ciência",tecnologia-ia-e-ciencia,,,KW3561; KW3562; KW3563; KW3564; KW3565; KW3566; KW3567; KW3568,como funciona um drone explicado de forma simples; como funciona um drone entenda como funciona; como funciona um drone causas e explicação; como funciona um drone perguntas e respostas; como funciona um drone o que a ciência sabe; como funciona um drone curiosidades e fatos; como funciona um drone exemplos do dia a dia; como funciona um drone mitos e verdades,como-funciona-um-drone,planejado,,pendente,,,,
CAL0136,15/12/2026,2026-12-15,Ter,3,ART2058,KW1058,como os tubarões sentem cheiro,Como os tubarões sentem cheiro?,Animais,animais,,,KW3569; KW3570; KW3571; KW3572; KW3573; KW3574; KW3575; KW3576,como os tubarões sentem cheiro explicado de forma simples; como os tubarões sentem cheiro entenda como funciona; como os tubarões sentem cheiro causas e explicação; como os tubarões sentem cheiro perguntas e respostas; como os tubarões sentem cheiro o que a ciência sabe; como os tubarões sentem cheiro curiosidades e fatos; como os tubarões sentem cheiro exemplos do dia a dia; como os tubarões sentem cheiro mitos e verdades,como-os-tubaroes-sentem-cheiro,planejado,,pendente,,,,
CAL0137,16/12/2026,2026-12-16,Qua,1,ART2065,KW1065,como se formam as cavernas,Como se formam as cavernas?,Ciência e fenômenos,ciencia-e-fenomenos,,,KW3577; KW3578; KW3579; KW3580; KW3581; KW3582; KW3583; KW3584,como se formam as cavernas explicado de forma simples; como se formam as cavernas entenda como funciona; como se formam as cavernas causas e explicação; como se formam as cavernas perguntas e respostas; como se formam as cavernas o que a ciência sabe; como se formam as cavernas curiosidades e fatos; como se formam as cavernas exemplos do dia a dia; como se formam as cavernas mitos e verdades,como-se-formam-as-cavernas,planejado,,pendente,,,,
CAL0139,16/12/2026,2026-12-16,Qua,3,ART2054,KW1054,como funciona a computação quântica,Como funciona a computação quântica?,"Tecnologia, IA e ciência",tecnologia-ia-e-ciencia,,,KW3585; KW3586; KW3587; KW3588; KW3589; KW3590; KW3591; KW3592,como funciona a computação quântica explicado de forma simples; como funciona a computação quântica entenda como funciona; como funciona a computação quântica causas e explicação; como funciona a computação quântica perguntas e respostas; como funciona a computação quântica o que a ciência sabe; como funciona a computação quântica curiosidades e fatos; como funciona a computação quântica exemplos do dia a dia; como funciona a computação quântica mitos e verdades,como-funciona-a-computacao-quantica,planejado,,pendente,,,,
CAL0142,17/12/2026,2026-12-17,Qui,3,ART2064,KW1064,como as cobras enxergam,Como as cobras enxergam?,Animais,animais,,,KW3593; KW3594; KW3595; KW3596; KW3597; KW3598; KW3599; KW3600,como as cobras enxergam explicado de forma simples; como as cobras enxergam entenda como funciona; como as cobras enxergam causas e explicação; como as cobras enxergam perguntas e respostas; como as cobras enxergam o que a ciência sabe; como as cobras enxergam curiosidades e fatos; como as cobras enxergam exemplos do dia a dia; como as cobras enxergam mitos e verdades,como-as-cobras-enxergam,planejado,,pendente,,,,
CAL0143,18/12/2026,2026-12-18,Sex,1,ART2071,KW1071,por que o fogo é quente,Por que o fogo é quente?,Ciência e fenômenos,ciencia-e-fenomenos,,,KW3601; KW3602; KW3603; KW3604; KW3605; KW3606; KW3607; KW3608,por que o fogo é quente explicado de forma simples; por que o fogo é quente entenda como funciona; por que o fogo é quente causas e explicação; por que o fogo é quente perguntas e respostas; por que o fogo é quente o que a ciência sabe; por que o fogo é quente curiosidades e fatos; por que o fogo é quente exemplos do dia a dia; por que o fogo é quente mitos e verdades,por-que-o-fogo-e-quente,planejado,,pendente,,,,
CAL0145,18/12/2026,2026-12-18,Sex,3,ART2060,KW1060,como funciona a ia generativa,Como funciona a ia generativa?,"Tecnologia, IA e ciência",tecnologia-ia-e-ciencia,,,KW3609; KW3610; KW3611; KW3612; KW3613; KW3614; KW3615; KW3616,como funciona a ia generativa explicado de forma simples; como funciona a ia generativa entenda como funciona; como funciona a ia generativa causas e explicação; como funciona a ia generativa perguntas e respostas; como funciona a ia generativa o que a ciência sabe; como funciona a ia generativa curiosidades e fatos; como funciona a ia generativa exemplos do dia a dia; como funciona a ia generativa mitos e verdades,como-funciona-a-ia-generativa,planejado,,pendente,,,,
CAL0148,19/12/2026,2026-12-19,Sab,3,ART2070,KW1070,por que os cães cheiram tudo,Por que os cães cheiram tudo?,Animais,animais,,,KW3617; KW3618; KW3619; KW3620; KW3621; KW3622; KW3623; KW3624,por que os cães cheiram tudo explicado de forma simples; por que os cães cheiram tudo entenda como funciona; por que os cães cheiram tudo causas e explicação; por que os cães cheiram tudo perguntas e respostas; por que os cães cheiram tudo o que a ciência sabe; por que os cães cheiram tudo curiosidades e fatos; por que os cães cheiram tudo exemplos do dia a dia; por que os cães cheiram tudo mitos e verdades,por-que-os-caes-cheiram-tudo,planejado,,pendente,,,,
CAL0149,20/12/2026,2026-12-20,Dom,1,ART2083,KW1083,como se forma a neve,Como se forma a neve?,Ciência e fenômenos,ciencia-e-fenomenos,,,KW3625; KW3626; KW3627; KW3628; KW3629; KW3630; KW3631; KW3632,como se forma a neve explicado de forma simples; como se forma a neve entenda como funciona; como se forma a neve causas e explicação; como se forma a neve perguntas e respostas; como se forma a neve o que a ciência sabe; como se forma a neve curiosidades e fatos; como se forma a neve exemplos do dia a dia; como se forma a neve mitos e verdades,como-se-forma-a-neve,planejado,,pendente,,,,
CAL0151,20/12/2026,2026-12-20,Dom,3,ART2066,KW1066,como funcionam os algoritmos de recomendação,Como funcionam os algoritmos de recomendação?,"Tecnologia, IA e ciência",tecnologia-ia-e-ciencia,,,KW3633; KW3634; KW3635; KW3636; KW3637; KW3638; KW3639; KW3640,como funcionam os algoritmos de recomendação explicado de forma simples; como funcionam os algoritmos de recomendação entenda como funciona; como funcionam os algoritmos de recomendação causas e explicação; como funcionam os algoritmos de recomendação perguntas e respostas; como funcionam os algoritmos de recomendação o que a ciência sabe; como funcionam os algoritmos de recomendação curiosidades e fatos; como funcionam os algoritmos de recomendação exemplos do dia a dia; como funcionam os algoritmos de recomendação mitos e verdades,como-funcionam-os-algoritmos-de-recomendacao,planejado,,pendente,,,,
CAL0154,21/12/2026,2026-12-21,Seg,3,ART2076,KW1076,por que os gatos têm bigodes,Por que os gatos têm bigodes?,Animais,animais,,,KW3641; KW3642; KW3643; KW3644; KW3645; KW3646; KW3647; KW3648,por que os gatos têm bigodes explicado de forma simples; por que os gatos têm bigodes entenda como funciona; por que os gatos têm bigodes causas e explicação; por que os gatos têm bigodes perguntas e respostas; por que os gatos têm bigodes o que a ciência sabe; por que os gatos têm bigodes curiosidades e fatos; por que os gatos têm bigodes exemplos do dia a dia; por que os gatos têm bigodes mitos e verdades,por-que-os-gatos-tem-bigodes,planejado,,pendente,,,,
CAL0155,22/12/2026,2026-12-22,Ter,1,ART2089,KW1089,como se forma o granizo,Como se forma o granizo?,Ciência e fenômenos,ciencia-e-fenomenos,,,KW3649; KW3650; KW3651; KW3652; KW3653; KW3654; KW3655; KW3656,como se forma o granizo explicado de forma simples; como se forma o granizo entenda como funciona; como se forma o granizo causas e explicação; como se forma o granizo perguntas e respostas; como se forma o granizo o que a ciência sabe; como se forma o granizo curiosidades e fatos; como se forma o granizo exemplos do dia a dia; como se forma o granizo mitos e verdades,como-se-forma-o-granizo,planejado,,pendente,,,,
CAL0157,22/12/2026,2026-12-22,Ter,3,ART2072,KW1072,como funciona o streaming,Como funciona o streaming?,"Tecnologia, IA e ciência",tecnologia-ia-e-ciencia,,,KW3657; KW3658; KW3659; KW3660; KW3661; KW3662; KW3663; KW3664,como funciona o streaming explicado de forma simples; como funciona o streaming entenda como funciona; como funciona o streaming causas e explicação; como funciona o streaming perguntas e respostas; como funciona o streaming o que a ciência sabe; como funciona o streaming curiosidades e fatos; como funciona o streaming exemplos do dia a dia; como funciona o streaming mitos e verdades,como-funciona-o-streaming,planejado,,pendente,,,,
CAL0160,23/12/2026,2026-12-23,Qua,3,ART2082,KW1082,por que os gatos lambem o pelo,Por que os gatos lambem o pelo?,Animais,animais,,,KW3665; KW3666; KW3667; KW3668; KW3669; KW3670; KW3671; KW3672,por que os gatos lambem o pelo explicado de forma simples; por que os gatos lambem o pelo entenda como funciona; por que os gatos lambem o pelo causas e explicação; por que os gatos lambem o pelo perguntas e respostas; por que os gatos lambem o pelo o que a ciência sabe; por que os gatos lambem o pelo curiosidades e fatos; por que os gatos lambem o pelo exemplos do dia a dia; por que os gatos lambem o pelo mitos e verdades,por-que-os-gatos-lambem-o-pelo,planejado,,pendente,,,,
CAL0161,24/12/2026,2026-12-24,Qui,1,ART2095,KW1095,como se forma a geada,Como se forma a geada?,Ciência e fenômenos,ciencia-e-fenomenos,,,KW3673; KW3674; KW3675; KW3676; KW3677; KW3678; KW3679; KW3680,como se forma a geada explicado de forma simples; como se forma a geada entenda como funciona; como se forma a geada causas e explicação; como se forma a geada perguntas e respostas; como se forma a geada o que a ciência sabe; como se forma a geada curiosidades e fatos; como se forma a geada exemplos do dia a dia; como se forma a geada mitos e verdades,como-se-forma-a-geada,planejado,,pendente,,,,
CAL0163,24/12/2026,2026-12-24,Qui,3,ART2078,KW1078,como funciona o aprendizado profundo,Como funciona o aprendizado profundo?,"Tecnologia, IA e ciência",tecnologia-ia-e-ciencia,,,KW3681; KW3682; KW3683; KW3684; KW3685; KW3686; KW3687; KW3688,como funciona o aprendizado profundo explicado de forma simples; como funciona o aprendizado profundo entenda como funciona; como funciona o aprendizado profundo causas e explicação; como funciona o aprendizado profundo perguntas e respostas; como funciona o aprendizado profundo o que a ciência sabe; como funciona o aprendizado profundo curiosidades e fatos; como funciona o aprendizado profundo exemplos do dia a dia; como funciona o aprendizado profundo mitos e verdades,como-funciona-o-aprendizado-profundo,planejado,,pendente,,,,
CAL0166,25/12/2026,2026-12-25,Sex,3,ART2088,KW1088,por que os gatos arranham os móveis,Por que os gatos arranham os móveis?,Animais,animais,,,KW3689; KW3690; KW3691; KW3692; KW3693; KW3694; KW3695; KW3696,por que os gatos arranham os móveis explicado de forma simples; por que os gatos arranham os móveis entenda como funciona; por que os gatos arranham os móveis causas e explicação; por que os gatos arranham os móveis perguntas e respostas; por que os gatos arranham os móveis o que a ciência sabe; por que os gatos arranham os móveis curiosidades e fatos; por que os gatos arranham os móveis exemplos do dia a dia; por que os gatos arranham os móveis mitos e verdades,por-que-os-gatos-arranham-os-moveis,planejado,,pendente,,,,
CAL0167,26/12/2026,2026-12-26,Sab,1,ART2101,KW1101,como se forma o orvalho,Como se forma o orvalho?,Ciência e fenômenos,ciencia-e-fenomenos,,,KW3697; KW3698; KW3699; KW3700; KW3701; KW3702; KW3703; KW3704,como se forma o orvalho explicado de forma simples; como se forma o orvalho entenda como funciona; como se forma o orvalho causas e explicação; como se forma o orvalho perguntas e respostas; como se forma o orvalho o que a ciência sabe; como se forma o orvalho curiosidades e fatos; como se forma o orvalho exemplos do dia a dia; como se forma o orvalho mitos e verdades,como-se-forma-o-orvalho,planejado,,pendente,,,,
CAL0169,26/12/2026,2026-12-26,Sab,3,ART2084,KW1084,como funciona o ChatGPT,Como funciona o ChatGPT?,"Tecnologia, IA e ciência",tecnologia-ia-e-ciencia,,,KW3705; KW3706; KW3707; KW3708; KW3709; KW3710; KW3711; KW3712,como funciona o ChatGPT explicado de forma simples; como funciona o ChatGPT entenda como funciona; como funciona o ChatGPT causas e explicação; como funciona o ChatGPT perguntas e respostas; como funciona o ChatGPT o que a ciência sabe; como funciona o ChatGPT curiosidades e fatos; como funciona o ChatGPT exemplos do dia a dia; como funciona o ChatGPT mitos e verdades,como-funciona-o-chatgpt,planejado,,pendente,,,,
CAL0172,27/12/2026,2026-12-27,Dom,3,ART2094,KW1094,por que os gatos se escondem em caixas,Por que os gatos se escondem em caixas?,Animais,animais,,,KW3713; KW3714; KW3715; KW3716; KW3717; KW3718; KW3719; KW3720,por que os gatos se escondem em caixas explicado de forma simples; por que os gatos se escondem em caixas entenda como funciona; por que os gatos se escondem em caixas causas e explicação; por que os gatos se escondem em caixas perguntas e respostas; por que os gatos se escondem em caixas o que a ciência sabe; por que os gatos se escondem em caixas curiosidades e fatos; por que os gatos se escondem em caixas exemplos do dia a dia; por que os gatos se escondem em caixas mitos e verdades,por-que-os-gatos-se-escondem-em-caixas,planejado,,pendente,,,,
CAL0173,28/12/2026,2026-12-28,Seg,1,ART2107,KW1107,como se forma a neblina,Como se forma a neblina?,Ciência e fenômenos,ciencia-e-fenomenos,,,KW3721; KW3722; KW3723; KW3724; KW3725; KW3726; KW3727; KW3728,como se forma a neblina explicado de forma simples; como se forma a neblina entenda como funciona; como se forma a neblina causas e explicação; como se forma a neblina perguntas e respostas; como se forma a neblina o que a ciência sabe; como se forma a neblina curiosidades e fatos; como se forma a neblina exemplos do dia a dia; como se forma a neblina mitos e verdades,como-se-forma-a-neblina,planejado,,pendente,,,,
CAL0175,28/12/2026,2026-12-28,Seg,3,ART2090,KW1090,como funciona o reconhecimento de imagens,Como funciona o reconhecimento de imagens?,"Tecnologia, IA e ciência",tecnologia-ia-e-ciencia,,,KW3729; KW3730; KW3731; KW3732; KW3733; KW3734; KW3735; KW3736,como funciona o reconhecimento de imagens explicado de forma simples; como funciona o reconhecimento de imagens entenda como funciona; como funciona o reconhecimento de imagens causas e explicação; como funciona o reconhecimento de imagens perguntas e respostas; como funciona o reconhecimento de imagens o que a ciência sabe; como funciona o reconhecimento de imagens curiosidades e fatos; como funciona o reconhecimento de imagens exemplos do dia a dia; como funciona o reconhecimento de imagens mitos e verdades,como-funciona-o-reconhecimento-de-imagens,planejado,,pendente,,,,
CAL0178,29/12/2026,2026-12-29,Ter,3,ART2100,KW1100,por que os gatos miam,Por que os gatos miam?,Animais,animais,,,KW3745; KW3746; KW3747; KW3748; KW3749; KW3750; KW3751; KW3752,por que os gatos miam explicado de forma simples; por que os gatos miam entenda como funciona; por que os gatos miam causas e explicação; por que os gatos miam perguntas e respostas; por que os gatos miam o que a ciência sabe; por que os gatos miam curiosidades e fatos; por que os gatos miam exemplos do dia a dia; por que os gatos miam mitos e verdades,por-que-os-gatos-miam,planejado,,pendente,,,,
CAL0179,30/12/2026,2026-12-30,Qua,1,ART2113,KW1113,como se forma um tornado,Como se forma um tornado?,Ciência e fenômenos,ciencia-e-fenomenos,,,KW3753; KW3754; KW3755; KW3756; KW3757; KW3758; KW3759; KW3760,como se forma um tornado explicado de forma simples; como se forma um tornado entenda como funciona; como se forma um tornado causas e explicação; como se forma um tornado perguntas e respostas; como se forma um tornado o que a ciência sabe; como se forma um tornado curiosidades e fatos; como se forma um tornado exemplos do dia a dia; como se forma um tornado mitos e verdades,como-se-forma-um-tornado,planejado,,pendente,,,,
CAL0181,30/12/2026,2026-12-30,Qua,3,ART2096,KW1096,como funcionam os carros autônomos,Como funcionam os carros autônomos?,"Tecnologia, IA e ciência",tecnologia-ia-e-ciencia,,,KW3761; KW3762; KW3763; KW3764; KW3765; KW3766; KW3767; KW3768,como funcionam os carros autônomos explicado de forma simples; como funcionam os carros autônomos entenda como funciona; como funcionam os carros autônomos causas e explicação; como funcionam os carros autônomos perguntas e respostas; como funcionam os carros autônomos o que a ciência sabe; como funcionam os carros autônomos curiosidades e fatos; como funcionam os carros autônomos exemplos do dia a dia; como funcionam os carros autônomos mitos e verdades,como-funcionam-os-carros-autonomos,planejado,,pendente,,,,
CAL0184,31/12/2026,2026-12-31,Qui,3,ART2106,KW1106,por que os gatos têm sete vidas,Por que os gatos têm sete vidas?,Animais,animais,,,KW3777; KW3778; KW3779; KW3780; KW3781; KW3782; KW3783; KW3784,por que os gatos têm sete vidas explicado de forma simples; por que os gatos têm sete vidas entenda como funciona; por que os gatos têm sete vidas causas e explicação; por que os gatos têm sete vidas perguntas e respostas; por que os gatos têm sete vidas o que a ciência sabe; por que os gatos têm sete vidas curiosidades e fatos; por que os gatos têm sete vidas exemplos do dia a dia; por que os gatos têm sete vidas mitos e verdades,por-que-os-gatos-tem-sete-vidas,planejado,,pendente,,,,
CAL0185,01/01/2027,2027-01-01,Sex,1,ART2119,KW1119,como se formam os ventos,Como se formam os ventos?,Ciência e fenômenos,ciencia-e-fenomenos,,,KW3785; KW3786; KW3787; KW3788; KW3789; KW3790; KW3791; KW3792,como se formam os ventos explicado de forma simples; como se formam os ventos entenda como funciona; como se formam os ventos causas e explicação; como se formam os ventos perguntas e respostas; como se formam os ventos o que a ciência sabe; como se formam os ventos curiosidades e fatos; como se formam os ventos exemplos do dia a dia; como se formam os ventos mitos e verdades,como-se-formam-os-ventos,planejado,,pendente,,,,
CAL0187,01/01/2027,2027-01-01,Sex,3,ART2102,KW1102,como funciona um chatbot,Como funciona um chatbot?,"Tecnologia, IA e ciência",tecnologia-ia-e-ciencia,,,KW3793; KW3794; KW3795; KW3796; KW3797; KW3798; KW3799; KW3800,como funciona um chatbot explicado de forma simples; como funciona um chatbot entenda como funciona; como funciona um chatbot causas e explicação; como funciona um chatbot perguntas e respostas; como funciona um chatbot o que a ciência sabe; como funciona um chatbot curiosidades e fatos; como funciona um chatbot exemplos do dia a dia; como funciona um chatbot mitos e verdades,como-funciona-um-chatbot,planejado,,pendente,,,,
CAL0188,02/01/2027,2027-01-02,Sab,1,ART2003,KW1003,por que o sol brilha,Por que o sol brilha?,Universo e espaço,universo-e-espaco,,,KW3801; KW3802; KW3803; KW3804; KW3805; KW3806; KW3807; KW3808,por que o sol brilha explicado de forma simples; por que o sol brilha entenda como funciona; por que o sol brilha causas e explicação; por que o sol brilha perguntas e respostas; por que o sol brilha o que a ciência sabe; por que o sol brilha curiosidades e fatos; por que o sol brilha exemplos do dia a dia; por que o sol brilha mitos e verdades,por-que-o-sol-brilha,planejado,,pendente,,,,
CAL0190,02/01/2027,2027-01-02,Sab,3,ART2112,KW1112,por que os gatos dormem tanto,Por que os gatos dormem tanto?,Animais,animais,,,KW3809; KW3810; KW3811; KW3812; KW3813; KW3814; KW3815; KW3816,por que os gatos dormem tanto explicado de forma simples; por que os gatos dormem tanto entenda como funciona; por que os gatos dormem tanto causas e explicação; por que os gatos dormem tanto perguntas e respostas; por que os gatos dormem tanto o que a ciência sabe; por que os gatos dormem tanto curiosidades e fatos; por que os gatos dormem tanto exemplos do dia a dia; por que os gatos dormem tanto mitos e verdades,por-que-os-gatos-dormem-tanto,planejado,,pendente,,,,
CAL0191,03/01/2027,2027-01-03,Dom,1,ART2125,KW1125,como funciona o El Niño,Como funciona o El Niño?,Ciência e fenômenos,ciencia-e-fenomenos,,,KW3817; KW3818; KW3819; KW3820; KW3821; KW3822; KW3823; KW3824,como funciona o El Niño explicado de forma simples; como funciona o El Niño entenda como funciona; como funciona o El Niño causas e explicação; como funciona o El Niño perguntas e respostas; como funciona o El Niño o que a ciência sabe; como funciona o El Niño curiosidades e fatos; como funciona o El Niño exemplos do dia a dia; como funciona o El Niño mitos e verdades,como-funciona-o-el-nino,planejado,,pendente,,,,
CAL0193,03/01/2027,2027-01-03,Dom,3,ART2108,KW1108,como funciona um algoritmo,Como funciona um algoritmo?,"Tecnologia, IA e ciência",tecnologia-ia-e-ciencia,,,KW3825; KW3826; KW3827; KW3828; KW3829; KW3830; KW3831; KW3832,como funciona um algoritmo explicado de forma simples; como funciona um algoritmo entenda como funciona; como funciona um algoritmo causas e explicação; como funciona um algoritmo perguntas e respostas; como funciona um algoritmo o que a ciência sabe; como funciona um algoritmo curiosidades e fatos; como funciona um algoritmo exemplos do dia a dia; como funciona um algoritmo mitos e verdades,como-funciona-um-algoritmo,planejado,,pendente,,,,
CAL0194,04/01/2027,2027-01-04,Seg,1,ART2009,KW1009,por que plutão deixou de ser planeta,Por que plutão deixou de ser planeta?,Universo e espaço,universo-e-espaco,,,KW3833; KW3834; KW3835; KW3836; KW3837; KW3838; KW3839; KW3840,por que plutão deixou de ser planeta explicado de forma simples; por que plutão deixou de ser planeta entenda como funciona; por que plutão deixou de ser planeta causas e explicação; por que plutão deixou de ser planeta perguntas e respostas; por que plutão deixou de ser planeta o que a ciência sabe; por que plutão deixou de ser planeta curiosidades e fatos; por que plutão deixou de ser planeta exemplos do dia a dia; por que plutão deixou de ser planeta mitos e verdades,por-que-plutao-deixou-de-ser-planeta,planejado,,pendente,,,,
CAL0196,04/01/2027,2027-01-04,Seg,3,ART2118,KW1118,por que os gatos trazem presentes para os donos,Por que os gatos trazem presentes para os donos?,Animais,animais,,,KW3841; KW3842; KW3843; KW3844; KW3845; KW3846; KW3847; KW3848,por que os gatos trazem presentes para os donos explicado de forma simples; por que os gatos trazem presentes para os donos entenda como funciona; por que os gatos trazem presentes para os donos causas e explicação; por que os gatos trazem presentes para os donos perguntas e respostas; por que os gatos trazem presentes para os donos o que a ciência sabe; por que os gatos trazem presentes para os donos curiosidades e fatos; por que os gatos trazem presentes para os donos exemplos do dia a dia; por que os gatos trazem presentes para os donos mitos e verdades,por-que-os-gatos-trazem-presentes-para-os-donos,planejado,,pendente,,,,
CAL0197,05/01/2027,2027-01-05,Ter,1,ART2131,KW1131,o que é o efeito estufa,O que é o efeito estufa?,Ciência e fenômenos,ciencia-e-fenomenos,,,KW3849; KW3850; KW3851; KW3852; KW3853; KW3854; KW3855; KW3856,o que é o efeito estufa explicado de forma simples; o que é o efeito estufa entenda como funciona; o que é o efeito estufa causas e explicação; o que é o efeito estufa perguntas e respostas; o que é o efeito estufa o que a ciência sabe; o que é o efeito estufa curiosidades e fatos; o que é o efeito estufa exemplos do dia a dia; o que é o efeito estufa mitos e verdades,o-que-e-o-efeito-estufa,planejado,,pendente,,,,
CAL0199,05/01/2027,2027-01-05,Ter,3,ART2114,KW1114,o que é big data,O que é big data?,"Tecnologia, IA e ciência",tecnologia-ia-e-ciencia,,,KW3857; KW3858; KW3859; KW3860; KW3861; KW3862; KW3863; KW3864,o que é big data explicado de forma simples; o que é big data entenda como funciona; o que é big data causas e explicação; o que é big data perguntas e respostas; o que é big data o que a ciência sabe; o que é big data curiosidades e fatos; o que é big data exemplos do dia a dia; o que é big data mitos e verdades,o-que-e-big-data,planejado,,pendente,,,,
CAL0200,06/01/2027,2027-01-06,Qua,1,ART2021,KW1021,por que a lua mostra sempre o mesmo lado,Por que a lua mostra sempre o mesmo lado?,Universo e espaço,universo-e-espaco,,,KW3865; KW3866; KW3867; KW3868; KW3869; KW3870; KW3871; KW3872,por que a lua mostra sempre o mesmo lado explicado de forma simples; por que a lua mostra sempre o mesmo lado entenda como funciona; por que a lua mostra sempre o mesmo lado causas e explicação; por que a lua mostra sempre o mesmo lado perguntas e respostas; por que a lua mostra sempre o mesmo lado o que a ciência sabe; por que a lua mostra sempre o mesmo lado curiosidades e fatos; por que a lua mostra sempre o mesmo lado exemplos do dia a dia; por que a lua mostra sempre o mesmo lado mitos e verdades,por-que-a-lua-mostra-sempre-o-mesmo-lado,planejado,,pendente,,,,
CAL0202,06/01/2027,2027-01-06,Qua,3,ART2124,KW1124,por que os gatos rolam no chão,Por que os gatos rolam no chão?,Animais,animais,,,KW3873; KW3874; KW3875; KW3876; KW3877; KW3878; KW3879; KW3880,por que os gatos rolam no chão explicado de forma simples; por que os gatos rolam no chão entenda como funciona; por que os gatos rolam no chão causas e explicação; por que os gatos rolam no chão perguntas e respostas; por que os gatos rolam no chão o que a ciência sabe; por que os gatos rolam no chão curiosidades e fatos; por que os gatos rolam no chão exemplos do dia a dia; por que os gatos rolam no chão mitos e verdades,por-que-os-gatos-rolam-no-chao,planejado,,pendente,,,,
CAL0203,07/01/2027,2027-01-07,Qui,1,ART2137,KW1137,o que é o aquecimento global,O que é o aquecimento global?,Ciência e fenômenos,ciencia-e-fenomenos,,,KW3881; KW3882; KW3883; KW3884; KW3885; KW3886; KW3887; KW3888,o que é o aquecimento global explicado de forma simples; o que é o aquecimento global entenda como funciona; o que é o aquecimento global causas e explicação; o que é o aquecimento global perguntas e respostas; o que é o aquecimento global o que a ciência sabe; o que é o aquecimento global curiosidades e fatos; o que é o aquecimento global exemplos do dia a dia; o que é o aquecimento global mitos e verdades,o-que-e-o-aquecimento-global,planejado,,pendente,,,,
CAL0205,07/01/2027,2027-01-07,Qui,3,ART2120,KW1120,como funciona a tradução automática,Como funciona a tradução automática?,"Tecnologia, IA e ciência",tecnologia-ia-e-ciencia,,,KW3889; KW3890; KW3891; KW3892; KW3893; KW3894; KW3895; KW3896,como funciona a tradução automática explicado de forma simples; como funciona a tradução automática entenda como funciona; como funciona a tradução automática causas e explicação; como funciona a tradução automática perguntas e respostas; como funciona a tradução automática o que a ciência sabe; como funciona a tradução automática curiosidades e fatos; como funciona a tradução automática exemplos do dia a dia; como funciona a tradução automática mitos e verdades,como-funciona-a-traducao-automatica,planejado,,pendente,,,,
CAL0206,08/01/2027,2027-01-08,Sex,1,ART2039,KW1039,como se formam as auroras,Como se formam as auroras?,Universo e espaço,universo-e-espaco,,,KW3897; KW3898; KW3899; KW3900; KW3901; KW3902; KW3903; KW3904,como se formam as auroras explicado de forma simples; como se formam as auroras entenda como funciona; como se formam as auroras causas e explicação; como se formam as auroras perguntas e respostas; como se formam as auroras o que a ciência sabe; como se formam as auroras curiosidades e fatos; como se formam as auroras exemplos do dia a dia; como se formam as auroras mitos e verdades,como-se-formam-as-auroras,planejado,,pendente,,,,
CAL0208,08/01/2027,2027-01-08,Sex,3,ART2130,KW1130,por que os gatos têm a pupila vertical,Por que os gatos têm a pupila vertical?,Animais,animais,,,KW3913; KW3914; KW3915; KW3916; KW3917; KW3918; KW3919; KW3920,por que os gatos têm a pupila vertical explicado de forma simples; por que os gatos têm a pupila vertical entenda como funciona; por que os gatos têm a pupila vertical causas e explicação; por que os gatos têm a pupila vertical perguntas e respostas; por que os gatos têm a pupila vertical o que a ciência sabe; por que os gatos têm a pupila vertical curiosidades e fatos; por que os gatos têm a pupila vertical exemplos do dia a dia; por que os gatos têm a pupila vertical mitos e verdades,por-que-os-gatos-tem-a-pupila-vertical,planejado,,pendente,,,,
CAL0209,09/01/2027,2027-01-09,Sab,1,ART2143,KW1143,o que é a camada de ozônio,O que é a camada de ozônio?,Ciência e fenômenos,ciencia-e-fenomenos,,,KW3921; KW3922; KW3923; KW3924; KW3925; KW3926; KW3927; KW3928,o que é a camada de ozônio explicado de forma simples; o que é a camada de ozônio entenda como funciona; o que é a camada de ozônio causas e explicação; o que é a camada de ozônio perguntas e respostas; o que é a camada de ozônio o que a ciência sabe; o que é a camada de ozônio curiosidades e fatos; o que é a camada de ozônio exemplos do dia a dia; o que é a camada de ozônio mitos e verdades,o-que-e-a-camada-de-ozonio,planejado,,pendente,,,,
CAL0211,09/01/2027,2027-01-09,Sab,3,ART2126,KW1126,como funciona o corretor ortográfico,Como funciona o corretor ortográfico?,"Tecnologia, IA e ciência",tecnologia-ia-e-ciencia,,,KW3929; KW3930; KW3931; KW3932; KW3933; KW3934; KW3935; KW3936,como funciona o corretor ortográfico explicado de forma simples; como funciona o corretor ortográfico entenda como funciona; como funciona o corretor ortográfico causas e explicação; como funciona o corretor ortográfico perguntas e respostas; como funciona o corretor ortográfico o que a ciência sabe; como funciona o corretor ortográfico curiosidades e fatos; como funciona o corretor ortográfico exemplos do dia a dia; como funciona o corretor ortográfico mitos e verdades,como-funciona-o-corretor-ortografico,planejado,,pendente,,,,
CAL0212,10/01/2027,2027-01-10,Dom,1,ART2045,KW1045,por que vênus é tão quente,Por que vênus é tão quente?,Universo e espaço,universo-e-espaco,,,KW3937; KW3938; KW3939; KW3940; KW3941; KW3942; KW3943; KW3944,por que vênus é tão quente explicado de forma simples; por que vênus é tão quente entenda como funciona; por que vênus é tão quente causas e explicação; por que vênus é tão quente perguntas e respostas; por que vênus é tão quente o que a ciência sabe; por que vênus é tão quente curiosidades e fatos; por que vênus é tão quente exemplos do dia a dia; por que vênus é tão quente mitos e verdades,por-que-venus-e-tao-quente,planejado,,pendente,,,,
CAL0214,10/01/2027,2027-01-10,Dom,3,ART2136,KW1136,por que os cães balançam a cabeça,Por que os cães balançam a cabeça?,Animais,animais,,,KW3953; KW3954; KW3955; KW3956; KW3957; KW3958; KW3959; KW3960,por que os cães balançam a cabeça explicado de forma simples; por que os cães balançam a cabeça entenda como funciona; por que os cães balançam a cabeça causas e explicação; por que os cães balançam a cabeça perguntas e respostas; por que os cães balançam a cabeça o que a ciência sabe; por que os cães balançam a cabeça curiosidades e fatos; por que os cães balançam a cabeça exemplos do dia a dia; por que os cães balançam a cabeça mitos e verdades,por-que-os-caes-balancam-a-cabeca,planejado,,pendente,,,,
CAL0215,11/01/2027,2027-01-11,Seg,1,ART2149,KW1149,o que é a chuva ácida,O que é a chuva ácida?,Ciência e fenômenos,ciencia-e-fenomenos,,,KW3961; KW3962; KW3963; KW3964; KW3965; KW3966; KW3967; KW3968,o que é a chuva ácida explicado de forma simples; o que é a chuva ácida entenda como funciona; o que é a chuva ácida causas e explicação; o que é a chuva ácida perguntas e respostas; o que é a chuva ácida o que a ciência sabe; o que é a chuva ácida curiosidades e fatos; o que é a chuva ácida exemplos do dia a dia; o que é a chuva ácida mitos e verdades,o-que-e-a-chuva-acida,planejado,,pendente,,,,
CAL0217,11/01/2027,2027-01-11,Seg,3,ART2132,KW1132,como funciona um assistente virtual,Como funciona um assistente virtual?,"Tecnologia, IA e ciência",tecnologia-ia-e-ciencia,,,KW3969; KW3970; KW3971; KW3972; KW3973; KW3974; KW3975; KW3976,como funciona um assistente virtual explicado de forma simples; como funciona um assistente virtual entenda como funciona; como funciona um assistente virtual causas e explicação; como funciona um assistente virtual perguntas e respostas; como funciona um assistente virtual o que a ciência sabe; como funciona um assistente virtual curiosidades e fatos; como funciona um assistente virtual exemplos do dia a dia; como funciona um assistente virtual mitos e verdades,como-funciona-um-assistente-virtual,planejado,,pendente,,,,
CAL0218,12/01/2027,2027-01-12,Ter,1,ART2051,KW1051,o que é um ano-luz,O que é um ano-luz?,Universo e espaço,universo-e-espaco,,,KW3977; KW3978; KW3979; KW3980; KW3981; KW3982; KW3983; KW3984,o que é um ano-luz explicado de forma simples; o que é um ano-luz entenda como funciona; o que é um ano-luz causas e explicação; o que é um ano-luz perguntas e respostas; o que é um ano-luz o que a ciência sabe; o que é um ano-luz curiosidades e fatos; o que é um ano-luz exemplos do dia a dia; o que é um ano-luz mitos e verdades,o-que-e-um-ano-luz,planejado,,pendente,,,,
CAL0219,12/01/2027,2027-01-12,Ter,2,ART2002,KW1002,por que sentimos sono depois de comer,Por que sentimos sono depois de comer?,Corpo humano,corpo-humano,,,KW3985; KW3986; KW3987; KW3988; KW3989; KW3990; KW3991; KW3992,por que sentimos sono depois de comer explicado de forma simples; por que sentimos sono depois de comer entenda como funciona; por que sentimos sono depois de comer causas e explicação; por que sentimos sono depois de comer perguntas e respostas; por que sentimos sono depois de comer o que a ciência sabe; por que sentimos sono depois de comer curiosidades e fatos; por que sentimos sono depois de comer exemplos do dia a dia; por que sentimos sono depois de comer mitos e verdades,por-que-sentimos-sono-depois-de-comer,planejado,,pendente,,,,
CAL0220,12/01/2027,2027-01-12,Ter,3,ART2142,KW1142,por que os cães lambem as pessoas,Por que os cães lambem as pessoas?,Animais,animais,,,KW3993; KW3994; KW3995; KW3996; KW3997; KW3998; KW3999; KW4000,por que os cães lambem as pessoas explicado de forma simples; por que os cães lambem as pessoas entenda como funciona; por que os cães lambem as pessoas causas e explicação; por que os cães lambem as pessoas perguntas e respostas; por que os cães lambem as pessoas o que a ciência sabe; por que os cães lambem as pessoas curiosidades e fatos; por que os cães lambem as pessoas exemplos do dia a dia; por que os cães lambem as pessoas mitos e verdades,por-que-os-caes-lambem-as-pessoas,planejado,,pendente,,,,
CAL0221,13/01/2027,2027-01-13,Qua,1,ART2155,KW1155,o que é um ciclone,O que é um ciclone?,Ciência e fenômenos,ciencia-e-fenomenos,,,KW4001; KW4002; KW4003; KW4004; KW4005; KW4006; KW4007; KW4008,o que é um ciclone explicado de forma simples; o que é um ciclone entenda como funciona; o que é um ciclone causas e explicação; o que é um ciclone perguntas e respostas; o que é um ciclone o que a ciência sabe; o que é um ciclone curiosidades e fatos; o que é um ciclone exemplos do dia a dia; o que é um ciclone mitos e verdades,o-que-e-um-ciclone,planejado,,pendente,,,,
CAL0223,13/01/2027,2027-01-13,Qua,3,ART2138,KW1138,como funciona um processador,Como funciona um processador?,"Tecnologia, IA e ciência",tecnologia-ia-e-ciencia,,,KW4009; KW4010; KW4011; KW4012; KW4013; KW4014; KW4015; KW4016,como funciona um processador explicado de forma simples; como funciona um processador entenda como funciona; como funciona um processador causas e explicação; como funciona um processador perguntas e respostas; como funciona um processador o que a ciência sabe; como funciona um processador curiosidades e fatos; como funciona um processador exemplos do dia a dia; como funciona um processador mitos e verdades,como-funciona-um-processador,planejado,,pendente,,,,
CAL0224,14/01/2027,2027-01-14,Qui,1,ART2057,KW1057,como funciona um foguete,Como funciona um foguete?,Universo e espaço,universo-e-espaco,,,KW4017; KW4018; KW4019; KW4020; KW4021; KW4022; KW4023; KW4024,como funciona um foguete explicado de forma simples; como funciona um foguete entenda como funciona; como funciona um foguete causas e explicação; como funciona um foguete perguntas e respostas; como funciona um foguete o que a ciência sabe; como funciona um foguete curiosidades e fatos; como funciona um foguete exemplos do dia a dia; como funciona um foguete mitos e verdades,como-funciona-um-foguete,planejado,,pendente,,,,
CAL0225,14/01/2027,2027-01-14,Qui,2,ART2014,KW1014,por que os dedos enrugam na água,Por que os dedos enrugam na água?,Corpo humano,corpo-humano,,,KW4025; KW4026; KW4027; KW4028; KW4029; KW4030; KW4031; KW4032,por que os dedos enrugam na água explicado de forma simples; por que os dedos enrugam na água entenda como funciona; por que os dedos enrugam na água causas e explicação; por que os dedos enrugam na água perguntas e respostas; por que os dedos enrugam na água o que a ciência sabe; por que os dedos enrugam na água curiosidades e fatos; por que os dedos enrugam na água exemplos do dia a dia; por que os dedos enrugam na água mitos e verdades,por-que-os-dedos-enrugam-na-agua,planejado,,pendente,,,,
CAL0226,14/01/2027,2027-01-14,Qui,3,ART2148,KW1148,por que os cães giram antes de deitar,Por que os cães giram antes de deitar?,Animais,animais,,,KW4033; KW4034; KW4035; KW4036; KW4037; KW4038; KW4039; KW4040,por que os cães giram antes de deitar explicado de forma simples; por que os cães giram antes de deitar entenda como funciona; por que os cães giram antes de deitar causas e explicação; por que os cães giram antes de deitar perguntas e respostas; por que os cães giram antes de deitar o que a ciência sabe; por que os cães giram antes de deitar curiosidades e fatos; por que os cães giram antes de deitar exemplos do dia a dia; por que os cães giram antes de deitar mitos e verdades,por-que-os-caes-giram-antes-de-deitar,planejado,,pendente,,,,
CAL0227,15/01/2027,2027-01-15,Sex,1,ART2161,KW1161,como funciona a previsão do tempo,Como funciona a previsão do tempo?,Ciência e fenômenos,ciencia-e-fenomenos,,,KW4041; KW4042; KW4043; KW4044; KW4045; KW4046; KW4047; KW4048,como funciona a previsão do tempo explicado de forma simples; como funciona a previsão do tempo entenda como funciona; como funciona a previsão do tempo causas e explicação; como funciona a previsão do tempo perguntas e respostas; como funciona a previsão do tempo o que a ciência sabe; como funciona a previsão do tempo curiosidades e fatos; como funciona a previsão do tempo exemplos do dia a dia; como funciona a previsão do tempo mitos e verdades,como-funciona-a-previsao-do-tempo,planejado,,pendente,,,,
CAL0229,15/01/2027,2027-01-15,Sex,3,ART2144,KW1144,como funciona a memória RAM,Como funciona a memória RAM?,"Tecnologia, IA e ciência",tecnologia-ia-e-ciencia,,,KW4049; KW4050; KW4051; KW4052; KW4053; KW4054; KW4055; KW4056,como funciona a memória RAM explicado de forma simples; como funciona a memória RAM entenda como funciona; como funciona a memória RAM causas e explicação; como funciona a memória RAM perguntas e respostas; como funciona a memória RAM o que a ciência sabe; como funciona a memória RAM curiosidades e fatos; como funciona a memória RAM exemplos do dia a dia; como funciona a memória RAM mitos e verdades,como-funciona-a-memoria-ram,planejado,,pendente,,,,
CAL0230,16/01/2027,2027-01-16,Sab,1,ART2063,KW1063,o que é uma nebulosa,O que é uma nebulosa?,Universo e espaço,universo-e-espaco,,,KW4057; KW4058; KW4059; KW4060; KW4061; KW4062; KW4063; KW4064,o que é uma nebulosa explicado de forma simples; o que é uma nebulosa entenda como funciona; o que é uma nebulosa causas e explicação; o que é uma nebulosa perguntas e respostas; o que é uma nebulosa o que a ciência sabe; o que é uma nebulosa curiosidades e fatos; o que é uma nebulosa exemplos do dia a dia; o que é uma nebulosa mitos e verdades,o-que-e-uma-nebulosa,planejado,,pendente,,,,
CAL0231,16/01/2027,2027-01-16,Sab,2,ART2020,KW1020,por que sentimos cócegas,Por que sentimos cócegas?,Corpo humano,corpo-humano,,,KW4065; KW4066; KW4067; KW4068; KW4069; KW4070; KW4071; KW4072,por que sentimos cócegas explicado de forma simples; por que sentimos cócegas entenda como funciona; por que sentimos cócegas causas e explicação; por que sentimos cócegas perguntas e respostas; por que sentimos cócegas o que a ciência sabe; por que sentimos cócegas curiosidades e fatos; por que sentimos cócegas exemplos do dia a dia; por que sentimos cócegas mitos e verdades,por-que-sentimos-cocegas,planejado,,pendente,,,,
CAL0232,16/01/2027,2027-01-16,Sab,3,ART2154,KW1154,por que os cães comem grama,Por que os cães comem grama?,Animais,animais,,,KW4073; KW4074; KW4075; KW4076; KW4077; KW4078; KW4079; KW4080,por que os cães comem grama explicado de forma simples; por que os cães comem grama entenda como funciona; por que os cães comem grama causas e explicação; por que os cães comem grama perguntas e respostas; por que os cães comem grama o que a ciência sabe; por que os cães comem grama curiosidades e fatos; por que os cães comem grama exemplos do dia a dia; por que os cães comem grama mitos e verdades,por-que-os-caes-comem-grama,planejado,,pendente,,,,
CAL0233,17/01/2027,2027-01-17,Dom,1,ART2167,KW1167,o que é umidade relativa do ar,O que é umidade relativa do ar?,Ciência e fenômenos,ciencia-e-fenomenos,,,KW4081; KW4082; KW4083; KW4084; KW4085; KW4086; KW4087; KW4088,o que é umidade relativa do ar explicado de forma simples; o que é umidade relativa do ar entenda como funciona; o que é umidade relativa do ar causas e explicação; o que é umidade relativa do ar perguntas e respostas; o que é umidade relativa do ar o que a ciência sabe; o que é umidade relativa do ar curiosidades e fatos; o que é umidade relativa do ar exemplos do dia a dia; o que é umidade relativa do ar mitos e verdades,o-que-e-umidade-relativa-do-ar,planejado,,pendente,,,,
CAL0235,17/01/2027,2027-01-17,Dom,3,ART2150,KW1150,como funciona um disco rígido,Como funciona um disco rígido?,"Tecnologia, IA e ciência",tecnologia-ia-e-ciencia,,,KW4097; KW4098; KW4099; KW4100; KW4101; KW4102; KW4103; KW4104,como funciona um disco rígido explicado de forma simples; como funciona um disco rígido entenda como funciona; como funciona um disco rígido causas e explicação; como funciona um disco rígido perguntas e respostas; como funciona um disco rígido o que a ciência sabe; como funciona um disco rígido curiosidades e fatos; como funciona um disco rígido exemplos do dia a dia; como funciona um disco rígido mitos e verdades,como-funciona-um-disco-rigido,planejado,,pendente,,,,
CAL0236,18/01/2027,2027-01-18,Seg,1,ART2075,KW1075,como se formou o sistema solar,Como se formou o sistema solar?,Universo e espaço,universo-e-espaco,,,KW4105; KW4106; KW4107; KW4108; KW4109; KW4110; KW4111; KW4112,como se formou o sistema solar explicado de forma simples; como se formou o sistema solar entenda como funciona; como se formou o sistema solar causas e explicação; como se formou o sistema solar perguntas e respostas; como se formou o sistema solar o que a ciência sabe; como se formou o sistema solar curiosidades e fatos; como se formou o sistema solar exemplos do dia a dia; como se formou o sistema solar mitos e verdades,como-se-formou-o-sistema-solar,planejado,,pendente,,,,
CAL0237,18/01/2027,2027-01-18,Seg,2,ART2026,KW1026,por que o estômago ronca,Por que o estômago ronca?,Corpo humano,corpo-humano,,,KW4113; KW4114; KW4115; KW4116; KW4117; KW4118; KW4119; KW4120,por que o estômago ronca explicado de forma simples; por que o estômago ronca entenda como funciona; por que o estômago ronca causas e explicação; por que o estômago ronca perguntas e respostas; por que o estômago ronca o que a ciência sabe; por que o estômago ronca curiosidades e fatos; por que o estômago ronca exemplos do dia a dia; por que o estômago ronca mitos e verdades,por-que-o-estomago-ronca,planejado,,pendente,,,,
CAL0238,18/01/2027,2027-01-18,Seg,3,ART2160,KW1160,por que os cães têm o nariz molhado,Por que os cães têm o nariz molhado?,Animais,animais,,,KW4121; KW4122; KW4123; KW4124; KW4125; KW4126; KW4127; KW4128,por que os cães têm o nariz molhado explicado de forma simples; por que os cães têm o nariz molhado entenda como funciona; por que os cães têm o nariz molhado causas e explicação; por que os cães têm o nariz molhado perguntas e respostas; por que os cães têm o nariz molhado o que a ciência sabe; por que os cães têm o nariz molhado curiosidades e fatos; por que os cães têm o nariz molhado exemplos do dia a dia; por que os cães têm o nariz molhado mitos e verdades,por-que-os-caes-tem-o-nariz-molhado,planejado,,pendente,,,,
CAL0239,19/01/2027,2027-01-19,Ter,1,ART2173,KW1173,por que faz mais frio nas montanhas,Por que faz mais frio nas montanhas?,Ciência e fenômenos,ciencia-e-fenomenos,,,KW4129; KW4130; KW4131; KW4132; KW4133; KW4134; KW4135; KW4136,por que faz mais frio nas montanhas explicado de forma simples; por que faz mais frio nas montanhas entenda como funciona; por que faz mais frio nas montanhas causas e explicação; por que faz mais frio nas montanhas perguntas e respostas; por que faz mais frio nas montanhas o que a ciência sabe; por que faz mais frio nas montanhas curiosidades e fatos; por que faz mais frio nas montanhas exemplos do dia a dia; por que faz mais frio nas montanhas mitos e verdades,por-que-faz-mais-frio-nas-montanhas,planejado,,pendente,,,,
CAL0240,19/01/2027,2027-01-19,Ter,2,ART2001,KW1001,por que temos medo de falar em público,Por que temos medo de falar em público?,Psicologia e comportamento,psicologia-e-comportamento,,,KW4137; KW4138; KW4139; KW4140; KW4141; KW4142; KW4143; KW4144,por que temos medo de falar em público explicado de forma simples; por que temos medo de falar em público entenda como funciona; por que temos medo de falar em público causas e explicação; por que temos medo de falar em público perguntas e respostas; por que temos medo de falar em público o que a ciência sabe; por que temos medo de falar em público curiosidades e fatos; por que temos medo de falar em público exemplos do dia a dia; por que temos medo de falar em público mitos e verdades,por-que-temos-medo-de-falar-em-publico,planejado,,pendente,,,,
CAL0241,19/01/2027,2027-01-19,Ter,3,ART2156,KW1156,como funciona um SSD,Como funciona um SSD?,"Tecnologia, IA e ciência",tecnologia-ia-e-ciencia,,,KW4145; KW4146; KW4147; KW4148; KW4149; KW4150; KW4151; KW4152,como funciona um SSD explicado de forma simples; como funciona um SSD entenda como funciona; como funciona um SSD causas e explicação; como funciona um SSD perguntas e respostas; como funciona um SSD o que a ciência sabe; como funciona um SSD curiosidades e fatos; como funciona um SSD exemplos do dia a dia; como funciona um SSD mitos e verdades,como-funciona-um-ssd,planejado,,pendente,,,,
CAL0242,20/01/2027,2027-01-20,Qua,1,ART2081,KW1081,como se formou a Terra,Como se formou a Terra?,Universo e espaço,universo-e-espaco,,,KW4153; KW4154; KW4155; KW4156; KW4157; KW4158; KW4159; KW4160,como se formou a Terra explicado de forma simples; como se formou a Terra entenda como funciona; como se formou a Terra causas e explicação; como se formou a Terra perguntas e respostas; como se formou a Terra o que a ciência sabe; como se formou a Terra curiosidades e fatos; como se formou a Terra exemplos do dia a dia; como se formou a Terra mitos e verdades,como-se-formou-a-terra,planejado,,pendente,,,,
CAL0243,20/01/2027,2027-01-20,Qua,2,ART2032,KW1032,por que choramos,Por que choramos?,Corpo humano,corpo-humano,,,KW4161; KW4162; KW4163; KW4164; KW4165; KW4166; KW4167; KW4168,por que choramos explicado de forma simples; por que choramos entenda como funciona; por que choramos causas e explicação; por que choramos perguntas e respostas; por que choramos o que a ciência sabe; por que choramos curiosidades e fatos; por que choramos exemplos do dia a dia; por que choramos mitos e verdades,por-que-choramos,planejado,,pendente,,,,
CAL0244,20/01/2027,2027-01-20,Qua,3,ART2166,KW1166,por que os cães enterram ossos,Por que os cães enterram ossos?,Animais,animais,,,KW4169; KW4170; KW4171; KW4172; KW4173; KW4174; KW4175; KW4176,por que os cães enterram ossos explicado de forma simples; por que os cães enterram ossos entenda como funciona; por que os cães enterram ossos causas e explicação; por que os cães enterram ossos perguntas e respostas; por que os cães enterram ossos o que a ciência sabe; por que os cães enterram ossos curiosidades e fatos; por que os cães enterram ossos exemplos do dia a dia; por que os cães enterram ossos mitos e verdades,por-que-os-caes-enterram-ossos,planejado,,pendente,,,,
CAL0245,21/01/2027,2027-01-21,Qui,1,ART2179,KW1179,por que o deserto é frio à noite,Por que o deserto é frio à noite?,Ciência e fenômenos,ciencia-e-fenomenos,,,KW4177; KW4178; KW4179; KW4180; KW4181; KW4182; KW4183; KW4184,por que o deserto é frio à noite explicado de forma simples; por que o deserto é frio à noite entenda como funciona; por que o deserto é frio à noite causas e explicação; por que o deserto é frio à noite perguntas e respostas; por que o deserto é frio à noite o que a ciência sabe; por que o deserto é frio à noite curiosidades e fatos; por que o deserto é frio à noite exemplos do dia a dia; por que o deserto é frio à noite mitos e verdades,por-que-o-deserto-e-frio-a-noite,planejado,,pendente,,,,
CAL0246,21/01/2027,2027-01-21,Qui,2,ART2013,KW1013,por que nos comparamos aos outros,Por que nos comparamos aos outros?,Psicologia e comportamento,psicologia-e-comportamento,,,KW4185; KW4186; KW4187; KW4188; KW4189; KW4190; KW4191; KW4192,por que nos comparamos aos outros explicado de forma simples; por que nos comparamos aos outros entenda como funciona; por que nos comparamos aos outros causas e explicação; por que nos comparamos aos outros perguntas e respostas; por que nos comparamos aos outros o que a ciência sabe; por que nos comparamos aos outros curiosidades e fatos; por que nos comparamos aos outros exemplos do dia a dia; por que nos comparamos aos outros mitos e verdades,por-que-nos-comparamos-aos-outros,planejado,,pendente,,,,
CAL0247,21/01/2027,2027-01-21,Qui,3,ART2162,KW1162,como funciona uma placa de vídeo,Como funciona uma placa de vídeo?,"Tecnologia, IA e ciência",tecnologia-ia-e-ciencia,,,KW4193; KW4194; KW4195; KW4196; KW4197; KW4198; KW4199; KW4200,como funciona uma placa de vídeo explicado de forma simples; como funciona uma placa de vídeo entenda como funciona; como funciona uma placa de vídeo causas e explicação; como funciona uma placa de vídeo perguntas e respostas; como funciona uma placa de vídeo o que a ciência sabe; como funciona uma placa de vídeo curiosidades e fatos; como funciona uma placa de vídeo exemplos do dia a dia; como funciona uma placa de vídeo mitos e verdades,como-funciona-uma-placa-de-video,planejado,,pendente,,,,
CAL0248,22/01/2027,2027-01-22,Sex,1,ART2087,KW1087,como se formou a Lua,Como se formou a Lua?,Universo e espaço,universo-e-espaco,,,KW4201; KW4202; KW4203; KW4204; KW4205; KW4206; KW4207; KW4208,como se formou a Lua explicado de forma simples; como se formou a Lua entenda como funciona; como se formou a Lua causas e explicação; como se formou a Lua perguntas e respostas; como se formou a Lua o que a ciência sabe; como se formou a Lua curiosidades e fatos; como se formou a Lua exemplos do dia a dia; como se formou a Lua mitos e verdades,como-se-formou-a-lua,planejado,,pendente,,,,
CAL0249,22/01/2027,2027-01-22,Sex,2,ART2038,KW1038,por que rimos,Por que rimos?,Corpo humano,corpo-humano,,,KW4209; KW4210; KW4211; KW4212; KW4213; KW4214; KW4215; KW4216,por que rimos explicado de forma simples; por que rimos entenda como funciona; por que rimos causas e explicação; por que rimos perguntas e respostas; por que rimos o que a ciência sabe; por que rimos curiosidades e fatos; por que rimos exemplos do dia a dia; por que rimos mitos e verdades,por-que-rimos,planejado,,pendente,,,,
CAL0250,22/01/2027,2027-01-22,Sex,3,ART2172,KW1172,por que os cães farejam,Por que os cães farejam?,Animais,animais,,,KW4217; KW4218; KW4219; KW4220; KW4221; KW4222; KW4223; KW4224,por que os cães farejam explicado de forma simples; por que os cães farejam entenda como funciona; por que os cães farejam causas e explicação; por que os cães farejam perguntas e respostas; por que os cães farejam o que a ciência sabe; por que os cães farejam curiosidades e fatos; por que os cães farejam exemplos do dia a dia; por que os cães farejam mitos e verdades,por-que-os-caes-farejam,planejado,,pendente,,,,
CAL0251,23/01/2027,2027-01-23,Sab,1,ART2185,KW1185,por que o inverno é mais frio,Por que o inverno é mais frio?,Ciência e fenômenos,ciencia-e-fenomenos,,,KW4225; KW4226; KW4227; KW4228; KW4229; KW4230; KW4231; KW4232,por que o inverno é mais frio explicado de forma simples; por que o inverno é mais frio entenda como funciona; por que o inverno é mais frio causas e explicação; por que o inverno é mais frio perguntas e respostas; por que o inverno é mais frio o que a ciência sabe; por que o inverno é mais frio curiosidades e fatos; por que o inverno é mais frio exemplos do dia a dia; por que o inverno é mais frio mitos e verdades,por-que-o-inverno-e-mais-frio,planejado,,pendente,,,,
CAL0252,23/01/2027,2027-01-23,Sab,2,ART2037,KW1037,por que gostamos de filmes de terror,Por que gostamos de filmes de terror?,Psicologia e comportamento,psicologia-e-comportamento,,,KW4233; KW4234; KW4235; KW4236; KW4237; KW4238; KW4239; KW4240,por que gostamos de filmes de terror explicado de forma simples; por que gostamos de filmes de terror entenda como funciona; por que gostamos de filmes de terror causas e explicação; por que gostamos de filmes de terror perguntas e respostas; por que gostamos de filmes de terror o que a ciência sabe; por que gostamos de filmes de terror curiosidades e fatos; por que gostamos de filmes de terror exemplos do dia a dia; por que gostamos de filmes de terror mitos e verdades,por-que-gostamos-de-filmes-de-terror,planejado,,pendente,,,,
CAL0253,23/01/2027,2027-01-23,Sab,3,ART2168,KW1168,como funciona a placa-mãe,Como funciona a placa-mãe?,"Tecnologia, IA e ciência",tecnologia-ia-e-ciencia,,,KW4241; KW4242; KW4243; KW4244; KW4245; KW4246; KW4247; KW4248,como funciona a placa-mãe explicado de forma simples; como funciona a placa-mãe entenda como funciona; como funciona a placa-mãe causas e explicação; como funciona a placa-mãe perguntas e respostas; como funciona a placa-mãe o que a ciência sabe; como funciona a placa-mãe curiosidades e fatos; como funciona a placa-mãe exemplos do dia a dia; como funciona a placa-mãe mitos e verdades,como-funciona-a-placa-mae,planejado,,pendente,,,,
CAL0254,24/01/2027,2027-01-24,Dom,1,ART2093,KW1093,por que a Terra gira,Por que a Terra gira?,Universo e espaço,universo-e-espaco,,,KW4249; KW4250; KW4251; KW4252; KW4253; KW4254; KW4255; KW4256,por que a Terra gira explicado de forma simples; por que a Terra gira entenda como funciona; por que a Terra gira causas e explicação; por que a Terra gira perguntas e respostas; por que a Terra gira o que a ciência sabe; por que a Terra gira curiosidades e fatos; por que a Terra gira exemplos do dia a dia; por que a Terra gira mitos e verdades,por-que-a-terra-gira,planejado,,pendente,,,,
CAL0255,24/01/2027,2027-01-24,Dom,2,ART2044,KW1044,por que suamos,Por que suamos?,Corpo humano,corpo-humano,,,KW4257; KW4258; KW4259; KW4260; KW4261; KW4262; KW4263; KW4264,por que suamos explicado de forma simples; por que suamos entenda como funciona; por que suamos causas e explicação; por que suamos perguntas e respostas; por que suamos o que a ciência sabe; por que suamos curiosidades e fatos; por que suamos exemplos do dia a dia; por que suamos mitos e verdades,por-que-suamos,planejado,,pendente,,,,
CAL0256,24/01/2027,2027-01-24,Dom,3,ART2178,KW1178,por que os cães perseguem o próprio rabo,Por que os cães perseguem o próprio rabo?,Animais,animais,,,KW4265; KW4266; KW4267; KW4268; KW4269; KW4270; KW4271; KW4272,por que os cães perseguem o próprio rabo explicado de forma simples; por que os cães perseguem o próprio rabo entenda como funciona; por que os cães perseguem o próprio rabo causas e explicação; por que os cães perseguem o próprio rabo perguntas e respostas; por que os cães perseguem o próprio rabo o que a ciência sabe; por que os cães perseguem o próprio rabo curiosidades e fatos; por que os cães perseguem o próprio rabo exemplos do dia a dia; por que os cães perseguem o próprio rabo mitos e verdades,por-que-os-caes-perseguem-o-proprio-rabo,planejado,,pendente,,,,
CAL0257,25/01/2027,2027-01-25,Seg,1,ART2191,KW1191,por que sentimos cheiro de chuva,Por que sentimos cheiro de chuva?,Ciência e fenômenos,ciencia-e-fenomenos,,,KW4273; KW4274; KW4275; KW4276; KW4277; KW4278; KW4279; KW4280,por que sentimos cheiro de chuva explicado de forma simples; por que sentimos cheiro de chuva entenda como funciona; por que sentimos cheiro de chuva causas e explicação; por que sentimos cheiro de chuva perguntas e respostas; por que sentimos cheiro de chuva o que a ciência sabe; por que sentimos cheiro de chuva curiosidades e fatos; por que sentimos cheiro de chuva exemplos do dia a dia; por que sentimos cheiro de chuva mitos e verdades,por-que-sentimos-cheiro-de-chuva,planejado,,pendente,,,,
CAL0258,25/01/2027,2027-01-25,Seg,2,ART2043,KW1043,por que temos manias e rituais,Por que temos manias e rituais?,Psicologia e comportamento,psicologia-e-comportamento,,,KW4281; KW4282; KW4283; KW4284; KW4285; KW4286; KW4287; KW4288,por que temos manias e rituais explicado de forma simples; por que temos manias e rituais entenda como funciona; por que temos manias e rituais causas e explicação; por que temos manias e rituais perguntas e respostas; por que temos manias e rituais o que a ciência sabe; por que temos manias e rituais curiosidades e fatos; por que temos manias e rituais exemplos do dia a dia; por que temos manias e rituais mitos e verdades,por-que-temos-manias-e-rituais,planejado,,pendente,,,,
CAL0259,25/01/2027,2027-01-25,Seg,3,ART2174,KW1174,como funciona um computador,Como funciona um computador?,"Tecnologia, IA e ciência",tecnologia-ia-e-ciencia,,,KW4289; KW4290; KW4291; KW4292; KW4293; KW4294; KW4295; KW4296,como funciona um computador explicado de forma simples; como funciona um computador entenda como funciona; como funciona um computador causas e explicação; como funciona um computador perguntas e respostas; como funciona um computador o que a ciência sabe; como funciona um computador curiosidades e fatos; como funciona um computador exemplos do dia a dia; como funciona um computador mitos e verdades,como-funciona-um-computador,planejado,,pendente,,,,
CAL0260,26/01/2027,2027-01-26,Ter,1,ART2099,KW1099,por que a Terra é redonda,Por que a Terra é redonda?,Universo e espaço,universo-e-espaco,,,KW4297; KW4298; KW4299; KW4300; KW4301; KW4302; KW4303; KW4304,por que a Terra é redonda explicado de forma simples; por que a Terra é redonda entenda como funciona; por que a Terra é redonda causas e explicação; por que a Terra é redonda perguntas e respostas; por que a Terra é redonda o que a ciência sabe; por que a Terra é redonda curiosidades e fatos; por que a Terra é redonda exemplos do dia a dia; por que a Terra é redonda mitos e verdades,por-que-a-terra-e-redonda,planejado,,pendente,,,,
CAL0261,26/01/2027,2027-01-26,Ter,2,ART2056,KW1056,por que sentimos frio na barriga,Por que sentimos frio na barriga?,Corpo humano,corpo-humano,,,KW4305; KW4306; KW4307; KW4308; KW4309; KW4310; KW4311; KW4312,por que sentimos frio na barriga explicado de forma simples; por que sentimos frio na barriga entenda como funciona; por que sentimos frio na barriga causas e explicação; por que sentimos frio na barriga perguntas e respostas; por que sentimos frio na barriga o que a ciência sabe; por que sentimos frio na barriga curiosidades e fatos; por que sentimos frio na barriga exemplos do dia a dia; por que sentimos frio na barriga mitos e verdades,por-que-sentimos-frio-na-barriga,planejado,,pendente,,,,
CAL0262,26/01/2027,2027-01-26,Ter,3,ART2184,KW1184,por que os cães ficam felizes ao ver o dono,Por que os cães ficam felizes ao ver o dono?,Animais,animais,,,KW4313; KW4314; KW4315; KW4316; KW4317; KW4318; KW4319; KW4320,por que os cães ficam felizes ao ver o dono explicado de forma simples; por que os cães ficam felizes ao ver o dono entenda como funciona; por que os cães ficam felizes ao ver o dono causas e explicação; por que os cães ficam felizes ao ver o dono perguntas e respostas; por que os cães ficam felizes ao ver o dono o que a ciência sabe; por que os cães ficam felizes ao ver o dono curiosidades e fatos; por que os cães ficam felizes ao ver o dono exemplos do dia a dia; por que os cães ficam felizes ao ver o dono mitos e verdades,por-que-os-caes-ficam-felizes-ao-ver-o-dono,planejado,,pendente,,,,
CAL0263,27/01/2027,2027-01-27,Qua,1,ART2197,KW1197,por que o mar tem ondas,Por que o mar tem ondas?,Ciência e fenômenos,ciencia-e-fenomenos,,,KW4321; KW4322; KW4323; KW4324; KW4325; KW4326; KW4327; KW4328,por que o mar tem ondas explicado de forma simples; por que o mar tem ondas entenda como funciona; por que o mar tem ondas causas e explicação; por que o mar tem ondas perguntas e respostas; por que o mar tem ondas o que a ciência sabe; por que o mar tem ondas curiosidades e fatos; por que o mar tem ondas exemplos do dia a dia; por que o mar tem ondas mitos e verdades,por-que-o-mar-tem-ondas,planejado,,pendente,,,,
CAL0264,27/01/2027,2027-01-27,Qua,2,ART2049,KW1049,por que somos influenciados pela opinião dos outros,Por que somos influenciados pela opinião dos outros?,Psicologia e comportamento,psicologia-e-comportamento,,,KW4329; KW4330; KW4331; KW4332; KW4333; KW4334; KW4335; KW4336,por que somos influenciados pela opinião dos outros explicado de forma simples; por que somos influenciados pela opinião dos outros entenda como funciona; por que somos influenciados pela opinião dos outros causas e explicação; por que somos influenciados pela opinião dos outros perguntas e respostas; por que somos influenciados pela opinião dos outros o que a ciência sabe; por que somos influenciados pela opinião dos outros curiosidades e fatos; por que somos influenciados pela opinião dos outros exemplos do dia a dia; por que somos influenciados pela opinião dos outros mitos e verdades,por-que-somos-influenciados-pela-opiniao-dos-outros,planejado,,pendente,,,,
CAL0265,27/01/2027,2027-01-27,Qua,3,ART2180,KW1180,como funciona o sistema operacional,Como funciona o sistema operacional?,"Tecnologia, IA e ciência",tecnologia-ia-e-ciencia,,,KW4337; KW4338; KW4339; KW4340; KW4341; KW4342; KW4343; KW4344,como funciona o sistema operacional explicado de forma simples; como funciona o sistema operacional entenda como funciona; como funciona o sistema operacional causas e explicação; como funciona o sistema operacional perguntas e respostas; como funciona o sistema operacional o que a ciência sabe; como funciona o sistema operacional curiosidades e fatos; como funciona o sistema operacional exemplos do dia a dia; como funciona o sistema operacional mitos e verdades,como-funciona-o-sistema-operacional,planejado,,pendente,,,,
CAL0266,28/01/2027,2027-01-28,Qui,1,ART2105,KW1105,por que existe dia e noite,Por que existe dia e noite?,Universo e espaço,universo-e-espaco,,,KW4345; KW4346; KW4347; KW4348; KW4349; KW4350; KW4351; KW4352,por que existe dia e noite explicado de forma simples; por que existe dia e noite entenda como funciona; por que existe dia e noite causas e explicação; por que existe dia e noite perguntas e respostas; por que existe dia e noite o que a ciência sabe; por que existe dia e noite curiosidades e fatos; por que existe dia e noite exemplos do dia a dia; por que existe dia e noite mitos e verdades,por-que-existe-dia-e-noite,planejado,,pendente,,,,
CAL0267,28/01/2027,2027-01-28,Qui,2,ART2062,KW1062,por que temos impressões digitais,Por que temos impressões digitais?,Corpo humano,corpo-humano,,,KW4353; KW4354; KW4355; KW4356; KW4357; KW4358; KW4359; KW4360,por que temos impressões digitais explicado de forma simples; por que temos impressões digitais entenda como funciona; por que temos impressões digitais causas e explicação; por que temos impressões digitais perguntas e respostas; por que temos impressões digitais o que a ciência sabe; por que temos impressões digitais curiosidades e fatos; por que temos impressões digitais exemplos do dia a dia; por que temos impressões digitais mitos e verdades,por-que-temos-impressoes-digitais,planejado,,pendente,,,,
CAL0268,28/01/2027,2027-01-28,Qui,3,ART2190,KW1190,por que os cães têm faro apurado,Por que os cães têm faro apurado?,Animais,animais,,,KW4361; KW4362; KW4363; KW4364; KW4365; KW4366; KW4367; KW4368,por que os cães têm faro apurado explicado de forma simples; por que os cães têm faro apurado entenda como funciona; por que os cães têm faro apurado causas e explicação; por que os cães têm faro apurado perguntas e respostas; por que os cães têm faro apurado o que a ciência sabe; por que os cães têm faro apurado curiosidades e fatos; por que os cães têm faro apurado exemplos do dia a dia; por que os cães têm faro apurado mitos e verdades,por-que-os-caes-tem-faro-apurado,planejado,,pendente,,,,
CAL0269,29/01/2027,2027-01-29,Sex,1,ART2203,KW1203,por que a água do mar é azul,Por que a água do mar é azul?,Ciência e fenômenos,ciencia-e-fenomenos,,,KW4369; KW4370; KW4371; KW4372; KW4373; KW4374; KW4375; KW4376,por que a água do mar é azul explicado de forma simples; por que a água do mar é azul entenda como funciona; por que a água do mar é azul causas e explicação; por que a água do mar é azul perguntas e respostas; por que a água do mar é azul o que a ciência sabe; por que a água do mar é azul curiosidades e fatos; por que a água do mar é azul exemplos do dia a dia; por que a água do mar é azul mitos e verdades,por-que-a-agua-do-mar-e-azul,planejado,,pendente,,,,
CAL0270,29/01/2027,2027-01-29,Sex,2,ART2055,KW1055,por que temos ansiedade antes de eventos,Por que temos ansiedade antes de eventos?,Psicologia e comportamento,psicologia-e-comportamento,,,KW4377; KW4378; KW4379; KW4380; KW4381; KW4382; KW4383; KW4384,por que temos ansiedade antes de eventos explicado de forma simples; por que temos ansiedade antes de eventos entenda como funciona; por que temos ansiedade antes de eventos causas e explicação; por que temos ansiedade antes de eventos perguntas e respostas; por que temos ansiedade antes de eventos o que a ciência sabe; por que temos ansiedade antes de eventos curiosidades e fatos; por que temos ansiedade antes de eventos exemplos do dia a dia; por que temos ansiedade antes de eventos mitos e verdades,por-que-temos-ansiedade-antes-de-eventos,planejado,,pendente,,,,
CAL0271,29/01/2027,2027-01-29,Sex,3,ART2186,KW1186,o que é um código binário,O que é um código binário?,"Tecnologia, IA e ciência",tecnologia-ia-e-ciencia,,,KW4385; KW4386; KW4387; KW4388; KW4389; KW4390; KW4391; KW4392,o que é um código binário explicado de forma simples; o que é um código binário entenda como funciona; o que é um código binário causas e explicação; o que é um código binário perguntas e respostas; o que é um código binário o que a ciência sabe; o que é um código binário curiosidades e fatos; o que é um código binário exemplos do dia a dia; o que é um código binário mitos e verdades,o-que-e-um-codigo-binario,planejado,,pendente,,,,
CAL0272,30/01/2027,2027-01-30,Sab,1,ART2111,KW1111,por que o dia tem 24 horas,Por que o dia tem 24 horas?,Universo e espaço,universo-e-espaco,,,KW4393; KW4394; KW4395; KW4396; KW4397; KW4398; KW4399; KW4400,por que o dia tem 24 horas explicado de forma simples; por que o dia tem 24 horas entenda como funciona; por que o dia tem 24 horas causas e explicação; por que o dia tem 24 horas perguntas e respostas; por que o dia tem 24 horas o que a ciência sabe; por que o dia tem 24 horas curiosidades e fatos; por que o dia tem 24 horas exemplos do dia a dia; por que o dia tem 24 horas mitos e verdades,por-que-o-dia-tem-24-horas,planejado,,pendente,,,,
CAL0273,30/01/2027,2027-01-30,Sab,2,ART2068,KW1068,por que o corpo treme de frio,Por que o corpo treme de frio?,Corpo humano,corpo-humano,,,KW4401; KW4402; KW4403; KW4404; KW4405; KW4406; KW4407; KW4408,por que o corpo treme de frio explicado de forma simples; por que o corpo treme de frio entenda como funciona; por que o corpo treme de frio causas e explicação; por que o corpo treme de frio perguntas e respostas; por que o corpo treme de frio o que a ciência sabe; por que o corpo treme de frio curiosidades e fatos; por que o corpo treme de frio exemplos do dia a dia; por que o corpo treme de frio mitos e verdades,por-que-o-corpo-treme-de-frio,planejado,,pendente,,,,
CAL0274,30/01/2027,2027-01-30,Sab,3,ART2196,KW1196,por que os cães ficam com medo de fogos de artifício,Por que os cães ficam com medo de fogos de artifício?,Animais,animais,,,KW4409; KW4410; KW4411; KW4412; KW4413; KW4414; KW4415; KW4416,por que os cães ficam com medo de fogos de artifício explicado de forma simples; por que os cães ficam com medo de fogos de artifício entenda como funciona; por que os cães ficam com medo de fogos de artifício causas e explicação; por que os cães ficam com medo de fogos de artifício perguntas e respostas; por que os cães ficam com medo de fogos de artifício o que a ciência sabe; por que os cães ficam com medo de fogos de artifício curiosidades e fatos; por que os cães ficam com medo de fogos de artifício exemplos do dia a dia; por que os cães ficam com medo de fogos de artifício mitos e verdades,por-que-os-caes-ficam-com-medo-de-fogos-de-artificio,planejado,,pendente,,,,
CAL0275,31/01/2027,2027-01-31,Dom,1,ART2209,KW1209,o que são as correntes oceânicas,O que são as correntes oceânicas?,Ciência e fenômenos,ciencia-e-fenomenos,,,KW4417; KW4418; KW4419; KW4420; KW4421; KW4422; KW4423; KW4424,o que são as correntes oceânicas explicado de forma simples; o que são as correntes oceânicas entenda como funciona; o que são as correntes oceânicas causas e explicação; o que são as correntes oceânicas perguntas e respostas; o que são as correntes oceânicas o que a ciência sabe; o que são as correntes oceânicas curiosidades e fatos; o que são as correntes oceânicas exemplos do dia a dia; o que são as correntes oceânicas mitos e verdades,o-que-sao-as-correntes-oceanicas,planejado,,pendente,,,,
CAL0276,31/01/2027,2027-01-31,Dom,2,ART2061,KW1061,por que nos apegamos ao passado,Por que nos apegamos ao passado?,Psicologia e comportamento,psicologia-e-comportamento,,,KW4425; KW4426; KW4427; KW4428; KW4429; KW4430; KW4431; KW4432,por que nos apegamos ao passado explicado de forma simples; por que nos apegamos ao passado entenda como funciona; por que nos apegamos ao passado causas e explicação; por que nos apegamos ao passado perguntas e respostas; por que nos apegamos ao passado o que a ciência sabe; por que nos apegamos ao passado curiosidades e fatos; por que nos apegamos ao passado exemplos do dia a dia; por que nos apegamos ao passado mitos e verdades,por-que-nos-apegamos-ao-passado,planejado,,pendente,,,,
CAL0277,31/01/2027,2027-01-31,Dom,3,ART2192,KW1192,como funciona a linguagem de programação,Como funciona a linguagem de programação?,"Tecnologia, IA e ciência",tecnologia-ia-e-ciencia,,,KW4433; KW4434; KW4435; KW4436; KW4437; KW4438; KW4439; KW4440,como funciona a linguagem de programação explicado de forma simples; como funciona a linguagem de programação entenda como funciona; como funciona a linguagem de programação causas e explicação; como funciona a linguagem de programação perguntas e respostas; como funciona a linguagem de programação o que a ciência sabe; como funciona a linguagem de programação curiosidades e fatos; como funciona a linguagem de programação exemplos do dia a dia; como funciona a linguagem de programação mitos e verdades,como-funciona-a-linguagem-de-programacao,planejado,,pendente,,,,
CAL0278,01/02/2027,2027-02-01,Seg,1,ART2117,KW1117,por que existe o ano bissexto,Por que existe o ano bissexto?,Universo e espaço,universo-e-espaco,,,KW4441; KW4442; KW4443; KW4444; KW4445; KW4446; KW4447; KW4448,por que existe o ano bissexto explicado de forma simples; por que existe o ano bissexto entenda como funciona; por que existe o ano bissexto causas e explicação; por que existe o ano bissexto perguntas e respostas; por que existe o ano bissexto o que a ciência sabe; por que existe o ano bissexto curiosidades e fatos; por que existe o ano bissexto exemplos do dia a dia; por que existe o ano bissexto mitos e verdades,por-que-existe-o-ano-bissexto,planejado,,pendente,,,,
CAL0279,01/02/2027,2027-02-01,Seg,2,ART2080,KW1080,como funciona o coração,Como funciona o coração?,Corpo humano,corpo-humano,,,KW4449; KW4450; KW4451; KW4452; KW4453; KW4454; KW4455; KW4456,como funciona o coração explicado de forma simples; como funciona o coração entenda como funciona; como funciona o coração causas e explicação; como funciona o coração perguntas e respostas; como funciona o coração o que a ciência sabe; como funciona o coração curiosidades e fatos; como funciona o coração exemplos do dia a dia; como funciona o coração mitos e verdades,como-funciona-o-coracao,planejado,,pendente,,,,
CAL0280,01/02/2027,2027-02-01,Seg,3,ART2202,KW1202,por que os cães sentem o tempo passar,Por que os cães sentem o tempo passar?,Animais,animais,,,KW4457; KW4458; KW4459; KW4460; KW4461; KW4462; KW4463; KW4464,por que os cães sentem o tempo passar explicado de forma simples; por que os cães sentem o tempo passar entenda como funciona; por que os cães sentem o tempo passar causas e explicação; por que os cães sentem o tempo passar perguntas e respostas; por que os cães sentem o tempo passar o que a ciência sabe; por que os cães sentem o tempo passar curiosidades e fatos; por que os cães sentem o tempo passar exemplos do dia a dia; por que os cães sentem o tempo passar mitos e verdades,por-que-os-caes-sentem-o-tempo-passar,planejado,,pendente,,,,
CAL0281,02/02/2027,2027-02-02,Ter,1,ART2215,KW1215,o que é um tsunami,O que é um tsunami?,Ciência e fenômenos,ciencia-e-fenomenos,,,KW4465; KW4466; KW4467; KW4468; KW4469; KW4470; KW4471; KW4472,o que é um tsunami explicado de forma simples; o que é um tsunami entenda como funciona; o que é um tsunami causas e explicação; o que é um tsunami perguntas e respostas; o que é um tsunami o que a ciência sabe; o que é um tsunami curiosidades e fatos; o que é um tsunami exemplos do dia a dia; o que é um tsunami mitos e verdades,o-que-e-um-tsunami,planejado,,pendente,,,,
CAL0282,02/02/2027,2027-02-02,Ter,2,ART2067,KW1067,por que sentimos tristeza,Por que sentimos tristeza?,Psicologia e comportamento,psicologia-e-comportamento,,,KW4473; KW4474; KW4475; KW4476; KW4477; KW4478; KW4479; KW4480,por que sentimos tristeza explicado de forma simples; por que sentimos tristeza entenda como funciona; por que sentimos tristeza causas e explicação; por que sentimos tristeza perguntas e respostas; por que sentimos tristeza o que a ciência sabe; por que sentimos tristeza curiosidades e fatos; por que sentimos tristeza exemplos do dia a dia; por que sentimos tristeza mitos e verdades,por-que-sentimos-tristeza,planejado,,pendente,,,,
CAL0283,02/02/2027,2027-02-02,Ter,3,ART2198,KW1198,o que é um software,O que é um software?,"Tecnologia, IA e ciência",tecnologia-ia-e-ciencia,,,KW4481; KW4482; KW4483; KW4484; KW4485; KW4486; KW4487; KW4488,o que é um software explicado de forma simples; o que é um software entenda como funciona; o que é um software causas e explicação; o que é um software perguntas e respostas; o que é um software o que a ciência sabe; o que é um software curiosidades e fatos; o que é um software exemplos do dia a dia; o que é um software mitos e verdades,o-que-e-um-software,planejado,,pendente,,,,
CAL0284,03/02/2027,2027-02-03,Qua,1,ART2123,KW1123,por que a Terra tem campo magnético,Por que a Terra tem campo magnético?,Universo e espaço,universo-e-espaco,,,KW4489; KW4490; KW4491; KW4492; KW4493; KW4494; KW4495; KW4496,por que a Terra tem campo magnético explicado de forma simples; por que a Terra tem campo magnético entenda como funciona; por que a Terra tem campo magnético causas e explicação; por que a Terra tem campo magnético perguntas e respostas; por que a Terra tem campo magnético o que a ciência sabe; por que a Terra tem campo magnético curiosidades e fatos; por que a Terra tem campo magnético exemplos do dia a dia; por que a Terra tem campo magnético mitos e verdades,por-que-a-terra-tem-campo-magnetico,planejado,,pendente,,,,
CAL0285,03/02/2027,2027-02-03,Qua,2,ART2086,KW1086,como funcionam os pulmões,Como funcionam os pulmões?,Corpo humano,corpo-humano,,,KW4497; KW4498; KW4499; KW4500; KW4501; KW4502; KW4503; KW4504,como funcionam os pulmões explicado de forma simples; como funcionam os pulmões entenda como funciona; como funcionam os pulmões causas e explicação; como funcionam os pulmões perguntas e respostas; como funcionam os pulmões o que a ciência sabe; como funcionam os pulmões curiosidades e fatos; como funcionam os pulmões exemplos do dia a dia; como funcionam os pulmões mitos e verdades,como-funcionam-os-pulmoes,planejado,,pendente,,,,
CAL0286,03/02/2027,2027-02-03,Qua,3,ART2208,KW1208,como os cães enxergam as cores,Como os cães enxergam as cores?,Animais,animais,,,KW4505; KW4506; KW4507; KW4508; KW4509; KW4510; KW4511; KW4512,como os cães enxergam as cores explicado de forma simples; como os cães enxergam as cores entenda como funciona; como os cães enxergam as cores causas e explicação; como os cães enxergam as cores perguntas e respostas; como os cães enxergam as cores o que a ciência sabe; como os cães enxergam as cores curiosidades e fatos; como os cães enxergam as cores exemplos do dia a dia; como os cães enxergam as cores mitos e verdades,como-os-caes-enxergam-as-cores,planejado,,pendente,,,,
CAL0287,04/02/2027,2027-02-04,Qui,1,ART2221,KW1221,como se formam os rios,Como se formam os rios?,Ciência e fenômenos,ciencia-e-fenomenos,,,KW4513; KW4514; KW4515; KW4516; KW4517; KW4518; KW4519; KW4520,como se formam os rios explicado de forma simples; como se formam os rios entenda como funciona; como se formam os rios causas e explicação; como se formam os rios perguntas e respostas; como se formam os rios o que a ciência sabe; como se formam os rios curiosidades e fatos; como se formam os rios exemplos do dia a dia; como se formam os rios mitos e verdades,como-se-formam-os-rios,planejado,,pendente,,,,
CAL0288,04/02/2027,2027-02-04,Qui,2,ART2073,KW1073,por que sentimos alegria,Por que sentimos alegria?,Psicologia e comportamento,psicologia-e-comportamento,,,KW4521; KW4522; KW4523; KW4524; KW4525; KW4526; KW4527; KW4528,por que sentimos alegria explicado de forma simples; por que sentimos alegria entenda como funciona; por que sentimos alegria causas e explicação; por que sentimos alegria perguntas e respostas; por que sentimos alegria o que a ciência sabe; por que sentimos alegria curiosidades e fatos; por que sentimos alegria exemplos do dia a dia; por que sentimos alegria mitos e verdades,por-que-sentimos-alegria,planejado,,pendente,,,,
CAL0289,04/02/2027,2027-02-04,Qui,3,ART2204,KW1204,o que é um aplicativo,O que é um aplicativo?,"Tecnologia, IA e ciência",tecnologia-ia-e-ciencia,,,KW4529; KW4530; KW4531; KW4532; KW4533; KW4534; KW4535; KW4536,o que é um aplicativo explicado de forma simples; o que é um aplicativo entenda como funciona; o que é um aplicativo causas e explicação; o que é um aplicativo perguntas e respostas; o que é um aplicativo o que a ciência sabe; o que é um aplicativo curiosidades e fatos; o que é um aplicativo exemplos do dia a dia; o que é um aplicativo mitos e verdades,o-que-e-um-aplicativo,planejado,,pendente,,,,
CAL0290,05/02/2027,2027-02-05,Sex,1,ART2129,KW1129,o que existe no núcleo da Terra,O que existe no núcleo da Terra?,Universo e espaço,universo-e-espaco,,,KW4537; KW4538; KW4539; KW4540; KW4541; KW4542; KW4543; KW4544,o que existe no núcleo da Terra explicado de forma simples; o que existe no núcleo da Terra entenda como funciona; o que existe no núcleo da Terra causas e explicação; o que existe no núcleo da Terra perguntas e respostas; o que existe no núcleo da Terra o que a ciência sabe; o que existe no núcleo da Terra curiosidades e fatos; o que existe no núcleo da Terra exemplos do dia a dia; o que existe no núcleo da Terra mitos e verdades,o-que-existe-no-nucleo-da-terra,planejado,,pendente,,,,
CAL0291,05/02/2027,2027-02-05,Sex,2,ART2092,KW1092,como funcionam os rins,Como funcionam os rins?,Corpo humano,corpo-humano,,,KW4545; KW4546; KW4547; KW4548; KW4549; KW4550; KW4551; KW4552,como funcionam os rins explicado de forma simples; como funcionam os rins entenda como funciona; como funcionam os rins causas e explicação; como funcionam os rins perguntas e respostas; como funcionam os rins o que a ciência sabe; como funcionam os rins curiosidades e fatos; como funcionam os rins exemplos do dia a dia; como funcionam os rins mitos e verdades,como-funcionam-os-rins,planejado,,pendente,,,,
CAL0292,05/02/2027,2027-02-05,Sex,3,ART2214,KW1214,por que os cachorros suspiram,Por que os cachorros suspiram?,Animais,animais,,,KW4553; KW4554; KW4555; KW4556; KW4557; KW4558; KW4559; KW4560,por que os cachorros suspiram explicado de forma simples; por que os cachorros suspiram entenda como funciona; por que os cachorros suspiram causas e explicação; por que os cachorros suspiram perguntas e respostas; por que os cachorros suspiram o que a ciência sabe; por que os cachorros suspiram curiosidades e fatos; por que os cachorros suspiram exemplos do dia a dia; por que os cachorros suspiram mitos e verdades,por-que-os-cachorros-suspiram,planejado,,pendente,,,,
CAL0293,06/02/2027,2027-02-06,Sab,1,ART2227,KW1227,como se formam os lagos,Como se formam os lagos?,Ciência e fenômenos,ciencia-e-fenomenos,,,KW4561; KW4562; KW4563; KW4564; KW4565; KW4566; KW4567; KW4568,como se formam os lagos explicado de forma simples; como se formam os lagos entenda como funciona; como se formam os lagos causas e explicação; como se formam os lagos perguntas e respostas; como se formam os lagos o que a ciência sabe; como se formam os lagos curiosidades e fatos; como se formam os lagos exemplos do dia a dia; como se formam os lagos mitos e verdades,como-se-formam-os-lagos,planejado,,pendente,,,,
CAL0294,06/02/2027,2027-02-06,Sab,2,ART2079,KW1079,por que sentimos saudade,Por que sentimos saudade?,Psicologia e comportamento,psicologia-e-comportamento,,,KW4569; KW4570; KW4571; KW4572; KW4573; KW4574; KW4575; KW4576,por que sentimos saudade explicado de forma simples; por que sentimos saudade entenda como funciona; por que sentimos saudade causas e explicação; por que sentimos saudade perguntas e respostas; por que sentimos saudade o que a ciência sabe; por que sentimos saudade curiosidades e fatos; por que sentimos saudade exemplos do dia a dia; por que sentimos saudade mitos e verdades,por-que-sentimos-saudade,planejado,,pendente,,,,
CAL0295,06/02/2027,2027-02-06,Sab,3,ART2210,KW1210,como funciona um navegador de internet,Como funciona um navegador de internet?,"Tecnologia, IA e ciência",tecnologia-ia-e-ciencia,,,KW4577; KW4578; KW4579; KW4580; KW4581; KW4582; KW4583; KW4584,como funciona um navegador de internet explicado de forma simples; como funciona um navegador de internet entenda como funciona; como funciona um navegador de internet causas e explicação; como funciona um navegador de internet perguntas e respostas; como funciona um navegador de internet o que a ciência sabe; como funciona um navegador de internet curiosidades e fatos; como funciona um navegador de internet exemplos do dia a dia; como funciona um navegador de internet mitos e verdades,como-funciona-um-navegador-de-internet,planejado,,pendente,,,,
CAL0296,07/02/2027,2027-02-07,Dom,1,ART2135,KW1135,por que a Terra tem atmosfera,Por que a Terra tem atmosfera?,Universo e espaço,universo-e-espaco,,,KW4585; KW4586; KW4587; KW4588; KW4589; KW4590; KW4591; KW4592,por que a Terra tem atmosfera explicado de forma simples; por que a Terra tem atmosfera entenda como funciona; por que a Terra tem atmosfera causas e explicação; por que a Terra tem atmosfera perguntas e respostas; por que a Terra tem atmosfera o que a ciência sabe; por que a Terra tem atmosfera curiosidades e fatos; por que a Terra tem atmosfera exemplos do dia a dia; por que a Terra tem atmosfera mitos e verdades,por-que-a-terra-tem-atmosfera,planejado,,pendente,,,,
CAL0297,07/02/2027,2027-02-07,Dom,2,ART2098,KW1098,como funciona o fígado,Como funciona o fígado?,Corpo humano,corpo-humano,,,KW4593; KW4594; KW4595; KW4596; KW4597; KW4598; KW4599; KW4600,como funciona o fígado explicado de forma simples; como funciona o fígado entenda como funciona; como funciona o fígado causas e explicação; como funciona o fígado perguntas e respostas; como funciona o fígado o que a ciência sabe; como funciona o fígado curiosidades e fatos; como funciona o fígado exemplos do dia a dia; como funciona o fígado mitos e verdades,como-funciona-o-figado,planejado,,pendente,,,,
CAL0298,07/02/2027,2027-02-07,Dom,3,ART2220,KW1220,por que os cães rosnam,Por que os cães rosnam?,Animais,animais,,,KW4601; KW4602; KW4603; KW4604; KW4605; KW4606; KW4607; KW4608,por que os cães rosnam explicado de forma simples; por que os cães rosnam entenda como funciona; por que os cães rosnam causas e explicação; por que os cães rosnam perguntas e respostas; por que os cães rosnam o que a ciência sabe; por que os cães rosnam curiosidades e fatos; por que os cães rosnam exemplos do dia a dia; por que os cães rosnam mitos e verdades,por-que-os-caes-rosnam,planejado,,pendente,,,,
CAL0299,08/02/2027,2027-02-08,Seg,1,ART2233,KW1233,como se formam as cachoeiras,Como se formam as cachoeiras?,Ciência e fenômenos,ciencia-e-fenomenos,,,KW4609; KW4610; KW4611; KW4612; KW4613; KW4614; KW4615; KW4616,como se formam as cachoeiras explicado de forma simples; como se formam as cachoeiras entenda como funciona; como se formam as cachoeiras causas e explicação; como se formam as cachoeiras perguntas e respostas; como se formam as cachoeiras o que a ciência sabe; como se formam as cachoeiras curiosidades e fatos; como se formam as cachoeiras exemplos do dia a dia; como se formam as cachoeiras mitos e verdades,como-se-formam-as-cachoeiras,planejado,,pendente,,,,
CAL0300,08/02/2027,2027-02-08,Seg,2,ART2085,KW1085,por que sentimos tédio,Por que sentimos tédio?,Psicologia e comportamento,psicologia-e-comportamento,,,KW4617; KW4618; KW4619; KW4620; KW4621; KW4622; KW4623; KW4624,por que sentimos tédio explicado de forma simples; por que sentimos tédio entenda como funciona; por que sentimos tédio causas e explicação; por que sentimos tédio perguntas e respostas; por que sentimos tédio o que a ciência sabe; por que sentimos tédio curiosidades e fatos; por que sentimos tédio exemplos do dia a dia; por que sentimos tédio mitos e verdades,por-que-sentimos-tedio,planejado,,pendente,,,,
CAL0301,08/02/2027,2027-02-08,Seg,3,ART2216,KW1216,como funciona um site,Como funciona um site?,"Tecnologia, IA e ciência",tecnologia-ia-e-ciencia,,,KW4625; KW4626; KW4627; KW4628; KW4629; KW4630; KW4631; KW4632,como funciona um site explicado de forma simples; como funciona um site entenda como funciona; como funciona um site causas e explicação; como funciona um site perguntas e respostas; como funciona um site o que a ciência sabe; como funciona um site curiosidades e fatos; como funciona um site exemplos do dia a dia; como funciona um site mitos e verdades,como-funciona-um-site,planejado,,pendente,,,,
CAL0302,09/02/2027,2027-02-09,Ter,1,ART2141,KW1141,por que a Lua tem crateras,Por que a Lua tem crateras?,Universo e espaço,universo-e-espaco,,,KW4633; KW4634; KW4635; KW4636; KW4637; KW4638; KW4639; KW4640,por que a Lua tem crateras explicado de forma simples; por que a Lua tem crateras entenda como funciona; por que a Lua tem crateras causas e explicação; por que a Lua tem crateras perguntas e respostas; por que a Lua tem crateras o que a ciência sabe; por que a Lua tem crateras curiosidades e fatos; por que a Lua tem crateras exemplos do dia a dia; por que a Lua tem crateras mitos e verdades,por-que-a-lua-tem-crateras,planejado,,pendente,,,,
CAL0303,09/02/2027,2027-02-09,Ter,2,ART2104,KW1104,como funciona o pâncreas,Como funciona o pâncreas?,Corpo humano,corpo-humano,,,KW4641; KW4642; KW4643; KW4644; KW4645; KW4646; KW4647; KW4648,como funciona o pâncreas explicado de forma simples; como funciona o pâncreas entenda como funciona; como funciona o pâncreas causas e explicação; como funciona o pâncreas perguntas e respostas; como funciona o pâncreas o que a ciência sabe; como funciona o pâncreas curiosidades e fatos; como funciona o pâncreas exemplos do dia a dia; como funciona o pâncreas mitos e verdades,como-funciona-o-pancreas,planejado,,pendente,,,,
CAL0304,09/02/2027,2027-02-09,Ter,3,ART2226,KW1226,por que os cães cavam buracos,Por que os cães cavam buracos?,Animais,animais,,,KW4649; KW4650; KW4651; KW4652; KW4653; KW4654; KW4655; KW4656,por que os cães cavam buracos explicado de forma simples; por que os cães cavam buracos entenda como funciona; por que os cães cavam buracos causas e explicação; por que os cães cavam buracos perguntas e respostas; por que os cães cavam buracos o que a ciência sabe; por que os cães cavam buracos curiosidades e fatos; por que os cães cavam buracos exemplos do dia a dia; por que os cães cavam buracos mitos e verdades,por-que-os-caes-cavam-buracos,planejado,,pendente,,,,
CAL0305,10/02/2027,2027-02-10,Qua,1,ART2239,KW1239,como se formam as montanhas,Como se formam as montanhas?,Ciência e fenômenos,ciencia-e-fenomenos,,,KW4657; KW4658; KW4659; KW4660; KW4661; KW4662; KW4663; KW4664,como se formam as montanhas explicado de forma simples; como se formam as montanhas entenda como funciona; como se formam as montanhas causas e explicação; como se formam as montanhas perguntas e respostas; como se formam as montanhas o que a ciência sabe; como se formam as montanhas curiosidades e fatos; como se formam as montanhas exemplos do dia a dia; como se formam as montanhas mitos e verdades,como-se-formam-as-montanhas,planejado,,pendente,,,,
CAL0306,10/02/2027,2027-02-10,Qua,2,ART2091,KW1091,por que sentimos angústia,Por que sentimos angústia?,Psicologia e comportamento,psicologia-e-comportamento,,,KW4665; KW4666; KW4667; KW4668; KW4669; KW4670; KW4671; KW4672,por que sentimos angústia explicado de forma simples; por que sentimos angústia entenda como funciona; por que sentimos angústia causas e explicação; por que sentimos angústia perguntas e respostas; por que sentimos angústia o que a ciência sabe; por que sentimos angústia curiosidades e fatos; por que sentimos angústia exemplos do dia a dia; por que sentimos angústia mitos e verdades,por-que-sentimos-angustia,planejado,,pendente,,,,
CAL0307,10/02/2027,2027-02-10,Qua,3,ART2222,KW1222,como funciona um servidor,Como funciona um servidor?,"Tecnologia, IA e ciência",tecnologia-ia-e-ciencia,,,KW4673; KW4674; KW4675; KW4676; KW4677; KW4678; KW4679; KW4680,como funciona um servidor explicado de forma simples; como funciona um servidor entenda como funciona; como funciona um servidor causas e explicação; como funciona um servidor perguntas e respostas; como funciona um servidor o que a ciência sabe; como funciona um servidor curiosidades e fatos; como funciona um servidor exemplos do dia a dia; como funciona um servidor mitos e verdades,como-funciona-um-servidor,planejado,,pendente,,,,
CAL0308,11/02/2027,2027-02-11,Qui,1,ART2147,KW1147,o que é a superlua,O que é a superlua?,Universo e espaço,universo-e-espaco,,,KW4681; KW4682; KW4683; KW4684; KW4685; KW4686; KW4687; KW4688,o que é a superlua explicado de forma simples; o que é a superlua entenda como funciona; o que é a superlua causas e explicação; o que é a superlua perguntas e respostas; o que é a superlua o que a ciência sabe; o que é a superlua curiosidades e fatos; o que é a superlua exemplos do dia a dia; o que é a superlua mitos e verdades,o-que-e-a-superlua,planejado,,pendente,,,,
CAL0309,11/02/2027,2027-02-11,Qui,2,ART2110,KW1110,como funciona o estômago,Como funciona o estômago?,Corpo humano,corpo-humano,,,KW4689; KW4690; KW4691; KW4692; KW4693; KW4694; KW4695; KW4696,como funciona o estômago explicado de forma simples; como funciona o estômago entenda como funciona; como funciona o estômago causas e explicação; como funciona o estômago perguntas e respostas; como funciona o estômago o que a ciência sabe; como funciona o estômago curiosidades e fatos; como funciona o estômago exemplos do dia a dia; como funciona o estômago mitos e verdades,como-funciona-o-estomago,planejado,,pendente,,,,
CAL0310,11/02/2027,2027-02-11,Qui,3,ART2232,KW1232,por que os pássaros cantam,Por que os pássaros cantam?,Animais,animais,,,KW4697; KW4698; KW4699; KW4700; KW4701; KW4702; KW4703; KW4704,por que os pássaros cantam explicado de forma simples; por que os pássaros cantam entenda como funciona; por que os pássaros cantam causas e explicação; por que os pássaros cantam perguntas e respostas; por que os pássaros cantam o que a ciência sabe; por que os pássaros cantam curiosidades e fatos; por que os pássaros cantam exemplos do dia a dia; por que os pássaros cantam mitos e verdades,por-que-os-passaros-cantam,planejado,,pendente,,,,
CAL0311,12/02/2027,2027-02-12,Sex,1,ART2245,KW1245,como se formam as ilhas,Como se formam as ilhas?,Ciência e fenômenos,ciencia-e-fenomenos,,,KW4705; KW4706; KW4707; KW4708; KW4709; KW4710; KW4711; KW4712,como se formam as ilhas explicado de forma simples; como se formam as ilhas entenda como funciona; como se formam as ilhas causas e explicação; como se formam as ilhas perguntas e respostas; como se formam as ilhas o que a ciência sabe; como se formam as ilhas curiosidades e fatos; como se formam as ilhas exemplos do dia a dia; como se formam as ilhas mitos e verdades,como-se-formam-as-ilhas,planejado,,pendente,,,,
CAL0312,12/02/2027,2027-02-12,Sex,2,ART2097,KW1097,por que sentimos orgulho,Por que sentimos orgulho?,Psicologia e comportamento,psicologia-e-comportamento,,,KW4713; KW4714; KW4715; KW4716; KW4717; KW4718; KW4719; KW4720,por que sentimos orgulho explicado de forma simples; por que sentimos orgulho entenda como funciona; por que sentimos orgulho causas e explicação; por que sentimos orgulho perguntas e respostas; por que sentimos orgulho o que a ciência sabe; por que sentimos orgulho curiosidades e fatos; por que sentimos orgulho exemplos do dia a dia; por que sentimos orgulho mitos e verdades,por-que-sentimos-orgulho,planejado,,pendente,,,,
CAL0313,12/02/2027,2027-02-12,Sex,3,ART2228,KW1228,o que é um endereço IP,O que é um endereço IP?,"Tecnologia, IA e ciência",tecnologia-ia-e-ciencia,,,KW4721; KW4722; KW4723; KW4724; KW4725; KW4726; KW4727; KW4728,o que é um endereço IP explicado de forma simples; o que é um endereço IP entenda como funciona; o que é um endereço IP causas e explicação; o que é um endereço IP perguntas e respostas; o que é um endereço IP o que a ciência sabe; o que é um endereço IP curiosidades e fatos; o que é um endereço IP exemplos do dia a dia; o que é um endereço IP mitos e verdades,o-que-e-um-endereco-ip,planejado,,pendente,,,,
CAL0314,13/02/2027,2027-02-13,Sab,1,ART2165,KW1165,por que a lua parece maior no horizonte,Por que a lua parece maior no horizonte?,Universo e espaço,universo-e-espaco,,,KW4729; KW4730; KW4731; KW4732; KW4733; KW4734; KW4735; KW4736,por que a lua parece maior no horizonte explicado de forma simples; por que a lua parece maior no horizonte entenda como funciona; por que a lua parece maior no horizonte causas e explicação; por que a lua parece maior no horizonte perguntas e respostas; por que a lua parece maior no horizonte o que a ciência sabe; por que a lua parece maior no horizonte curiosidades e fatos; por que a lua parece maior no horizonte exemplos do dia a dia; por que a lua parece maior no horizonte mitos e verdades,por-que-a-lua-parece-maior-no-horizonte,planejado,,pendente,,,,
CAL0315,13/02/2027,2027-02-13,Sab,2,ART2116,KW1116,como funciona o intestino,Como funciona o intestino?,Corpo humano,corpo-humano,,,KW4737; KW4738; KW4739; KW4740; KW4741; KW4742; KW4743; KW4744,como funciona o intestino explicado de forma simples; como funciona o intestino entenda como funciona; como funciona o intestino causas e explicação; como funciona o intestino perguntas e respostas; como funciona o intestino o que a ciência sabe; como funciona o intestino curiosidades e fatos; como funciona o intestino exemplos do dia a dia; como funciona o intestino mitos e verdades,como-funciona-o-intestino,planejado,,pendente,,,,
CAL0316,13/02/2027,2027-02-13,Sab,3,ART2238,KW1238,por que os pássaros voam em V,Por que os pássaros voam em V?,Animais,animais,,,KW4745; KW4746; KW4747; KW4748; KW4749; KW4750; KW4751; KW4752,por que os pássaros voam em V explicado de forma simples; por que os pássaros voam em V entenda como funciona; por que os pássaros voam em V causas e explicação; por que os pássaros voam em V perguntas e respostas; por que os pássaros voam em V o que a ciência sabe; por que os pássaros voam em V curiosidades e fatos; por que os pássaros voam em V exemplos do dia a dia; por que os pássaros voam em V mitos e verdades,por-que-os-passaros-voam-em-v,planejado,,pendente,,,,
CAL0317,14/02/2027,2027-02-14,Dom,1,ART2251,KW1251,como se formam os desertos,Como se formam os desertos?,Ciência e fenômenos,ciencia-e-fenomenos,,,KW4753; KW4754; KW4755; KW4756; KW4757; KW4758; KW4759; KW4760,como se formam os desertos explicado de forma simples; como se formam os desertos entenda como funciona; como se formam os desertos causas e explicação; como se formam os desertos perguntas e respostas; como se formam os desertos o que a ciência sabe; como se formam os desertos curiosidades e fatos; como se formam os desertos exemplos do dia a dia; como se formam os desertos mitos e verdades,como-se-formam-os-desertos,planejado,,pendente,,,,
CAL0318,14/02/2027,2027-02-14,Dom,2,ART2103,KW1103,por que sentimos gratidão,Por que sentimos gratidão?,Psicologia e comportamento,psicologia-e-comportamento,,,KW4761; KW4762; KW4763; KW4764; KW4765; KW4766; KW4767; KW4768,por que sentimos gratidão explicado de forma simples; por que sentimos gratidão entenda como funciona; por que sentimos gratidão causas e explicação; por que sentimos gratidão perguntas e respostas; por que sentimos gratidão o que a ciência sabe; por que sentimos gratidão curiosidades e fatos; por que sentimos gratidão exemplos do dia a dia; por que sentimos gratidão mitos e verdades,por-que-sentimos-gratidao,planejado,,pendente,,,,
CAL0319,14/02/2027,2027-02-14,Dom,3,ART2234,KW1234,o que é um DNS,O que é um DNS?,"Tecnologia, IA e ciência",tecnologia-ia-e-ciencia,,,KW4769; KW4770; KW4771; KW4772; KW4773; KW4774; KW4775; KW4776,o que é um DNS explicado de forma simples; o que é um DNS entenda como funciona; o que é um DNS causas e explicação; o que é um DNS perguntas e respostas; o que é um DNS o que a ciência sabe; o que é um DNS curiosidades e fatos; o que é um DNS exemplos do dia a dia; o que é um DNS mitos e verdades,o-que-e-um-dns,planejado,,pendente,,,,
CAL0320,15/02/2027,2027-02-15,Seg,1,ART2171,KW1171,por que vemos a lua de dia,Por que vemos a lua de dia?,Universo e espaço,universo-e-espaco,,,KW4777; KW4778; KW4779; KW4780; KW4781; KW4782; KW4783; KW4784,por que vemos a lua de dia explicado de forma simples; por que vemos a lua de dia entenda como funciona; por que vemos a lua de dia causas e explicação; por que vemos a lua de dia perguntas e respostas; por que vemos a lua de dia o que a ciência sabe; por que vemos a lua de dia curiosidades e fatos; por que vemos a lua de dia exemplos do dia a dia; por que vemos a lua de dia mitos e verdades,por-que-vemos-a-lua-de-dia,planejado,,pendente,,,,
CAL0321,15/02/2027,2027-02-15,Seg,2,ART2122,KW1122,como funciona a bexiga,Como funciona a bexiga?,Corpo humano,corpo-humano,,,KW4785; KW4786; KW4787; KW4788; KW4789; KW4790; KW4791; KW4792,como funciona a bexiga explicado de forma simples; como funciona a bexiga entenda como funciona; como funciona a bexiga causas e explicação; como funciona a bexiga perguntas e respostas; como funciona a bexiga o que a ciência sabe; como funciona a bexiga curiosidades e fatos; como funciona a bexiga exemplos do dia a dia; como funciona a bexiga mitos e verdades,como-funciona-a-bexiga,planejado,,pendente,,,,
CAL0322,15/02/2027,2027-02-15,Seg,3,ART2244,KW1244,como os pássaros sabem para onde ir,Como os pássaros sabem para onde ir?,Animais,animais,,,KW4793; KW4794; KW4795; KW4796; KW4797; KW4798; KW4799; KW4800,como os pássaros sabem para onde ir explicado de forma simples; como os pássaros sabem para onde ir entenda como funciona; como os pássaros sabem para onde ir causas e explicação; como os pássaros sabem para onde ir perguntas e respostas; como os pássaros sabem para onde ir o que a ciência sabe; como os pássaros sabem para onde ir curiosidades e fatos; como os pássaros sabem para onde ir exemplos do dia a dia; como os pássaros sabem para onde ir mitos e verdades,como-os-passaros-sabem-para-onde-ir,planejado,,pendente,,,,
CAL0323,16/02/2027,2027-02-16,Ter,1,ART2257,KW1257,como se formam as dunas,Como se formam as dunas?,Ciência e fenômenos,ciencia-e-fenomenos,,,KW4801; KW4802; KW4803; KW4804; KW4805; KW4806; KW4807; KW4808,como se formam as dunas explicado de forma simples; como se formam as dunas entenda como funciona; como se formam as dunas causas e explicação; como se formam as dunas perguntas e respostas; como se formam as dunas o que a ciência sabe; como se formam as dunas curiosidades e fatos; como se formam as dunas exemplos do dia a dia; como se formam as dunas mitos e verdades,como-se-formam-as-dunas,planejado,,pendente,,,,
CAL0324,16/02/2027,2027-02-16,Ter,2,ART2109,KW1109,por que sentimos esperança,Por que sentimos esperança?,Psicologia e comportamento,psicologia-e-comportamento,,,KW4809; KW4810; KW4811; KW4812; KW4813; KW4814; KW4815; KW4816,por que sentimos esperança explicado de forma simples; por que sentimos esperança entenda como funciona; por que sentimos esperança causas e explicação; por que sentimos esperança perguntas e respostas; por que sentimos esperança o que a ciência sabe; por que sentimos esperança curiosidades e fatos; por que sentimos esperança exemplos do dia a dia; por que sentimos esperança mitos e verdades,por-que-sentimos-esperanca,planejado,,pendente,,,,
CAL0325,16/02/2027,2027-02-16,Ter,3,ART2240,KW1240,como funciona o e-mail,Como funciona o e-mail?,"Tecnologia, IA e ciência",tecnologia-ia-e-ciencia,,,KW4817; KW4818; KW4819; KW4820; KW4821; KW4822; KW4823; KW4824,como funciona o e-mail explicado de forma simples; como funciona o e-mail entenda como funciona; como funciona o e-mail causas e explicação; como funciona o e-mail perguntas e respostas; como funciona o e-mail o que a ciência sabe; como funciona o e-mail curiosidades e fatos; como funciona o e-mail exemplos do dia a dia; como funciona o e-mail mitos e verdades,como-funciona-o-e-mail,planejado,,pendente,,,,
CAL0326,17/02/2027,2027-02-17,Qua,1,ART2177,KW1177,por que a lua muda de cor,Por que a lua muda de cor?,Universo e espaço,universo-e-espaco,,,KW4825; KW4826; KW4827; KW4828; KW4829; KW4830; KW4831; KW4832,por que a lua muda de cor explicado de forma simples; por que a lua muda de cor entenda como funciona; por que a lua muda de cor causas e explicação; por que a lua muda de cor perguntas e respostas; por que a lua muda de cor o que a ciência sabe; por que a lua muda de cor curiosidades e fatos; por que a lua muda de cor exemplos do dia a dia; por que a lua muda de cor mitos e verdades,por-que-a-lua-muda-de-cor,planejado,,pendente,,,,
CAL0327,17/02/2027,2027-02-17,Qua,2,ART2128,KW1128,como funciona a pele,Como funciona a pele?,Corpo humano,corpo-humano,,,KW4833; KW4834; KW4835; KW4836; KW4837; KW4838; KW4839; KW4840,como funciona a pele explicado de forma simples; como funciona a pele entenda como funciona; como funciona a pele causas e explicação; como funciona a pele perguntas e respostas; como funciona a pele o que a ciência sabe; como funciona a pele curiosidades e fatos; como funciona a pele exemplos do dia a dia; como funciona a pele mitos e verdades,como-funciona-a-pele,planejado,,pendente,,,,
CAL0328,17/02/2027,2027-02-17,Qua,3,ART2250,KW1250,por que os pássaros não caem do galho quando dormem,Por que os pássaros não caem do galho quando dormem?,Animais,animais,,,KW4841; KW4842; KW4843; KW4844; KW4845; KW4846; KW4847; KW4848,por que os pássaros não caem do galho quando dormem explicado de forma simples; por que os pássaros não caem do galho quando dormem entenda como funciona; por que os pássaros não caem do galho quando dormem causas e explicação; por que os pássaros não caem do galho quando dormem perguntas e respostas; por que os pássaros não caem do galho quando dormem o que a ciência sabe; por que os pássaros não caem do galho quando dormem curiosidades e fatos; por que os pássaros não caem do galho quando dormem exemplos do dia a dia; por que os pássaros não caem do galho quando dormem mitos e verdades,por-que-os-passaros-nao-caem-do-galho-quando-dormem,planejado,,pendente,,,,
CAL0329,18/02/2027,2027-02-18,Qui,1,ART2263,KW1263,como se formam as geleiras,Como se formam as geleiras?,Ciência e fenômenos,ciencia-e-fenomenos,,,KW4849; KW4850; KW4851; KW4852; KW4853; KW4854; KW4855; KW4856,como se formam as geleiras explicado de forma simples; como se formam as geleiras entenda como funciona; como se formam as geleiras causas e explicação; como se formam as geleiras perguntas e respostas; como se formam as geleiras o que a ciência sabe; como se formam as geleiras curiosidades e fatos; como se formam as geleiras exemplos do dia a dia; como se formam as geleiras mitos e verdades,como-se-formam-as-geleiras,planejado,,pendente,,,,
CAL0330,18/02/2027,2027-02-18,Qui,2,ART2115,KW1115,por que sentimos frustração,Por que sentimos frustração?,Psicologia e comportamento,psicologia-e-comportamento,,,KW4857; KW4858; KW4859; KW4860; KW4861; KW4862; KW4863; KW4864,por que sentimos frustração explicado de forma simples; por que sentimos frustração entenda como funciona; por que sentimos frustração causas e explicação; por que sentimos frustração perguntas e respostas; por que sentimos frustração o que a ciência sabe; por que sentimos frustração curiosidades e fatos; por que sentimos frustração exemplos do dia a dia; por que sentimos frustração mitos e verdades,por-que-sentimos-frustracao,planejado,,pendente,,,,
CAL0331,18/02/2027,2027-02-18,Qui,3,ART2246,KW1246,como funciona o WhatsApp,Como funciona o WhatsApp?,"Tecnologia, IA e ciência",tecnologia-ia-e-ciencia,,,KW4865; KW4866; KW4867; KW4868; KW4869; KW4870; KW4871; KW4872,como funciona o WhatsApp explicado de forma simples; como funciona o WhatsApp entenda como funciona; como funciona o WhatsApp causas e explicação; como funciona o WhatsApp perguntas e respostas; como funciona o WhatsApp o que a ciência sabe; como funciona o WhatsApp curiosidades e fatos; como funciona o WhatsApp exemplos do dia a dia; como funciona o WhatsApp mitos e verdades,como-funciona-o-whatsapp,planejado,,pendente,,,,
CAL0332,19/02/2027,2027-02-19,Sex,1,ART2195,KW1195,o que é a grande mancha vermelha de Júpiter,O que é a grande mancha vermelha de Júpiter?,Universo e espaço,universo-e-espaco,,,KW4873; KW4874; KW4875; KW4876; KW4877; KW4878; KW4879; KW4880,o que é a grande mancha vermelha de Júpiter explicado de forma simples; o que é a grande mancha vermelha de Júpiter entenda como funciona; o que é a grande mancha vermelha de Júpiter causas e explicação; o que é a grande mancha vermelha de Júpiter perguntas e respostas; o que é a grande mancha vermelha de Júpiter o que a ciência sabe; o que é a grande mancha vermelha de Júpiter curiosidades e fatos; o que é a grande mancha vermelha de Júpiter exemplos do dia a dia; o que é a grande mancha vermelha de Júpiter mitos e verdades,o-que-e-a-grande-mancha-vermelha-de-jupiter,planejado,,pendente,,,,
CAL0333,19/02/2027,2027-02-19,Sex,2,ART2134,KW1134,como funcionam os ossos,Como funcionam os ossos?,Corpo humano,corpo-humano,,,KW4881; KW4882; KW4883; KW4884; KW4885; KW4886; KW4887; KW4888,como funcionam os ossos explicado de forma simples; como funcionam os ossos entenda como funciona; como funcionam os ossos causas e explicação; como funcionam os ossos perguntas e respostas; como funcionam os ossos o que a ciência sabe; como funcionam os ossos curiosidades e fatos; como funcionam os ossos exemplos do dia a dia; como funcionam os ossos mitos e verdades,como-funcionam-os-ossos,planejado,,pendente,,,,
CAL0334,19/02/2027,2027-02-19,Sex,3,ART2256,KW1256,por que os pavões abrem a cauda,Por que os pavões abrem a cauda?,Animais,animais,,,KW4889; KW4890; KW4891; KW4892; KW4893; KW4894; KW4895; KW4896,por que os pavões abrem a cauda explicado de forma simples; por que os pavões abrem a cauda entenda como funciona; por que os pavões abrem a cauda causas e explicação; por que os pavões abrem a cauda perguntas e respostas; por que os pavões abrem a cauda o que a ciência sabe; por que os pavões abrem a cauda curiosidades e fatos; por que os pavões abrem a cauda exemplos do dia a dia; por que os pavões abrem a cauda mitos e verdades,por-que-os-pavoes-abrem-a-cauda,planejado,,pendente,,,,
CAL0335,20/02/2027,2027-02-20,Sab,1,ART2269,KW1269,o que são os icebergs,O que são os icebergs?,Ciência e fenômenos,ciencia-e-fenomenos,,,KW4897; KW4898; KW4899; KW4900; KW4901; KW4902; KW4903; KW4904,o que são os icebergs explicado de forma simples; o que são os icebergs entenda como funciona; o que são os icebergs causas e explicação; o que são os icebergs perguntas e respostas; o que são os icebergs o que a ciência sabe; o que são os icebergs curiosidades e fatos; o que são os icebergs exemplos do dia a dia; o que são os icebergs mitos e verdades,o-que-sao-os-icebergs,planejado,,pendente,,,,
CAL0336,20/02/2027,2027-02-20,Sab,2,ART2121,KW1121,por que sentimos arrependimento,Por que sentimos arrependimento?,Psicologia e comportamento,psicologia-e-comportamento,,,KW4905; KW4906; KW4907; KW4908; KW4909; KW4910; KW4911; KW4912,por que sentimos arrependimento explicado de forma simples; por que sentimos arrependimento entenda como funciona; por que sentimos arrependimento causas e explicação; por que sentimos arrependimento perguntas e respostas; por que sentimos arrependimento o que a ciência sabe; por que sentimos arrependimento curiosidades e fatos; por que sentimos arrependimento exemplos do dia a dia; por que sentimos arrependimento mitos e verdades,por-que-sentimos-arrependimento,planejado,,pendente,,,,
CAL0337,20/02/2027,2027-02-20,Sab,3,ART2258,KW1258,como funciona uma senha,Como funciona uma senha?,"Tecnologia, IA e ciência",tecnologia-ia-e-ciencia,,,KW4913; KW4914; KW4915; KW4916; KW4917; KW4918; KW4919; KW4920,como funciona uma senha explicado de forma simples; como funciona uma senha entenda como funciona; como funciona uma senha causas e explicação; como funciona uma senha perguntas e respostas; como funciona uma senha o que a ciência sabe; como funciona uma senha curiosidades e fatos; como funciona uma senha exemplos do dia a dia; como funciona uma senha mitos e verdades,como-funciona-uma-senha,planejado,,pendente,,,,
CAL0338,21/02/2027,2027-02-21,Dom,1,ART2201,KW1201,por que Júpiter tem tantas luas,Por que Júpiter tem tantas luas?,Universo e espaço,universo-e-espaco,,,KW4921; KW4922; KW4923; KW4924; KW4925; KW4926; KW4927; KW4928,por que Júpiter tem tantas luas explicado de forma simples; por que Júpiter tem tantas luas entenda como funciona; por que Júpiter tem tantas luas causas e explicação; por que Júpiter tem tantas luas perguntas e respostas; por que Júpiter tem tantas luas o que a ciência sabe; por que Júpiter tem tantas luas curiosidades e fatos; por que Júpiter tem tantas luas exemplos do dia a dia; por que Júpiter tem tantas luas mitos e verdades,por-que-jupiter-tem-tantas-luas,planejado,,pendente,,,,
CAL0339,21/02/2027,2027-02-21,Dom,2,ART2140,KW1140,como funcionam os músculos,Como funcionam os músculos?,Corpo humano,corpo-humano,,,KW4929; KW4930; KW4931; KW4932; KW4933; KW4934; KW4935; KW4936,como funcionam os músculos explicado de forma simples; como funcionam os músculos entenda como funciona; como funcionam os músculos causas e explicação; como funcionam os músculos perguntas e respostas; como funcionam os músculos o que a ciência sabe; como funcionam os músculos curiosidades e fatos; como funcionam os músculos exemplos do dia a dia; como funcionam os músculos mitos e verdades,como-funcionam-os-musculos,planejado,,pendente,,,,
CAL0340,21/02/2027,2027-02-21,Dom,3,ART2262,KW1262,por que os beija-flores batem asas tão rápido,Por que os beija-flores batem asas tão rápido?,Animais,animais,,,KW4937; KW4938; KW4939; KW4940; KW4941; KW4942; KW4943; KW4944,por que os beija-flores batem asas tão rápido explicado de forma simples; por que os beija-flores batem asas tão rápido entenda como funciona; por que os beija-flores batem asas tão rápido causas e explicação; por que os beija-flores batem asas tão rápido perguntas e respostas; por que os beija-flores batem asas tão rápido o que a ciência sabe; por que os beija-flores batem asas tão rápido curiosidades e fatos; por que os beija-flores batem asas tão rápido exemplos do dia a dia; por que os beija-flores batem asas tão rápido mitos e verdades,por-que-os-beija-flores-batem-asas-tao-rapido,planejado,,pendente,,,,
CAL0341,22/02/2027,2027-02-22,Seg,1,ART2275,KW1275,por que o gelo derrete,Por que o gelo derrete?,Ciência e fenômenos,ciencia-e-fenomenos,,,KW4945; KW4946; KW4947; KW4948; KW4949; KW4950; KW4951; KW4952,por que o gelo derrete explicado de forma simples; por que o gelo derrete entenda como funciona; por que o gelo derrete causas e explicação; por que o gelo derrete perguntas e respostas; por que o gelo derrete o que a ciência sabe; por que o gelo derrete curiosidades e fatos; por que o gelo derrete exemplos do dia a dia; por que o gelo derrete mitos e verdades,por-que-o-gelo-derrete,planejado,,pendente,,,,
CAL0342,22/02/2027,2027-02-22,Seg,2,ART2127,KW1127,por que sentimos compaixão,Por que sentimos compaixão?,Psicologia e comportamento,psicologia-e-comportamento,,,KW4953; KW4954; KW4955; KW4956; KW4957; KW4958; KW4959; KW4960,por que sentimos compaixão explicado de forma simples; por que sentimos compaixão entenda como funciona; por que sentimos compaixão causas e explicação; por que sentimos compaixão perguntas e respostas; por que sentimos compaixão o que a ciência sabe; por que sentimos compaixão curiosidades e fatos; por que sentimos compaixão exemplos do dia a dia; por que sentimos compaixão mitos e verdades,por-que-sentimos-compaixao,planejado,,pendente,,,,
CAL0343,22/02/2027,2027-02-22,Seg,3,ART2264,KW1264,o que é autenticação em dois fatores,O que é autenticação em dois fatores?,"Tecnologia, IA e ciência",tecnologia-ia-e-ciencia,,,KW4961; KW4962; KW4963; KW4964; KW4965; KW4966; KW4967; KW4968,o que é autenticação em dois fatores explicado de forma simples; o que é autenticação em dois fatores entenda como funciona; o que é autenticação em dois fatores causas e explicação; o que é autenticação em dois fatores perguntas e respostas; o que é autenticação em dois fatores o que a ciência sabe; o que é autenticação em dois fatores curiosidades e fatos; o que é autenticação em dois fatores exemplos do dia a dia; o que é autenticação em dois fatores mitos e verdades,o-que-e-autenticacao-em-dois-fatores,planejado,,pendente,,,,
CAL0344,23/02/2027,2027-02-23,Ter,1,ART2219,KW1219,por que Urano gira deitado,Por que Urano gira deitado?,Universo e espaço,universo-e-espaco,,,KW4969; KW4970; KW4971; KW4972; KW4973; KW4974; KW4975; KW4976,por que Urano gira deitado explicado de forma simples; por que Urano gira deitado entenda como funciona; por que Urano gira deitado causas e explicação; por que Urano gira deitado perguntas e respostas; por que Urano gira deitado o que a ciência sabe; por que Urano gira deitado curiosidades e fatos; por que Urano gira deitado exemplos do dia a dia; por que Urano gira deitado mitos e verdades,por-que-urano-gira-deitado,planejado,,pendente,,,,
CAL0345,23/02/2027,2027-02-23,Ter,2,ART2146,KW1146,como funcionam as articulações,Como funcionam as articulações?,Corpo humano,corpo-humano,,,KW4977; KW4978; KW4979; KW4980; KW4981; KW4982; KW4983; KW4984,como funcionam as articulações explicado de forma simples; como funcionam as articulações entenda como funciona; como funcionam as articulações causas e explicação; como funcionam as articulações perguntas e respostas; como funcionam as articulações o que a ciência sabe; como funcionam as articulações curiosidades e fatos; como funcionam as articulações exemplos do dia a dia; como funcionam as articulações mitos e verdades,como-funcionam-as-articulacoes,planejado,,pendente,,,,
CAL0346,23/02/2027,2027-02-23,Ter,3,ART2268,KW1268,por que as aves têm penas,Por que as aves têm penas?,Animais,animais,,,KW4985; KW4986; KW4987; KW4988; KW4989; KW4990; KW4991; KW4992,por que as aves têm penas explicado de forma simples; por que as aves têm penas entenda como funciona; por que as aves têm penas causas e explicação; por que as aves têm penas perguntas e respostas; por que as aves têm penas o que a ciência sabe; por que as aves têm penas curiosidades e fatos; por que as aves têm penas exemplos do dia a dia; por que as aves têm penas mitos e verdades,por-que-as-aves-tem-penas,planejado,,pendente,,,,
CAL0347,24/02/2027,2027-02-24,Qua,1,ART2281,KW1281,por que a água congela,Por que a água congela?,Ciência e fenômenos,ciencia-e-fenomenos,,,KW4993; KW4994; KW4995; KW4996; KW4997; KW4998; KW4999; KW5000,por que a água congela explicado de forma simples; por que a água congela entenda como funciona; por que a água congela causas e explicação; por que a água congela perguntas e respostas; por que a água congela o que a ciência sabe; por que a água congela curiosidades e fatos; por que a água congela exemplos do dia a dia; por que a água congela mitos e verdades,por-que-a-agua-congela,planejado,,pendente,,,,
CAL0348,24/02/2027,2027-02-24,Qua,2,ART2133,KW1133,por que sentimos amor,Por que sentimos amor?,Psicologia e comportamento,psicologia-e-comportamento,,,KW5001; KW5002; KW5003; KW5004; KW5005; KW5006; KW5007; KW5008,por que sentimos amor explicado de forma simples; por que sentimos amor entenda como funciona; por que sentimos amor causas e explicação; por que sentimos amor perguntas e respostas; por que sentimos amor o que a ciência sabe; por que sentimos amor curiosidades e fatos; por que sentimos amor exemplos do dia a dia; por que sentimos amor mitos e verdades,por-que-sentimos-amor,planejado,,pendente,,,,
CAL0349,24/02/2027,2027-02-24,Qua,3,ART2270,KW1270,o que é um vírus de computador,O que é um vírus de computador?,"Tecnologia, IA e ciência",tecnologia-ia-e-ciencia,,,KW5009; KW5010; KW5011; KW5012; KW5013; KW5014; KW5015; KW5016,o que é um vírus de computador explicado de forma simples; o que é um vírus de computador entenda como funciona; o que é um vírus de computador causas e explicação; o que é um vírus de computador perguntas e respostas; o que é um vírus de computador o que a ciência sabe; o que é um vírus de computador curiosidades e fatos; o que é um vírus de computador exemplos do dia a dia; o que é um vírus de computador mitos e verdades,o-que-e-um-virus-de-computador,planejado,,pendente,,,,
CAL0350,25/02/2027,2027-02-25,Qui,1,ART2231,KW1231,por que Netuno é azul,Por que Netuno é azul?,Universo e espaço,universo-e-espaco,,,KW5017; KW5018; KW5019; KW5020; KW5021; KW5022; KW5023; KW5024,por que Netuno é azul explicado de forma simples; por que Netuno é azul entenda como funciona; por que Netuno é azul causas e explicação; por que Netuno é azul perguntas e respostas; por que Netuno é azul o que a ciência sabe; por que Netuno é azul curiosidades e fatos; por que Netuno é azul exemplos do dia a dia; por que Netuno é azul mitos e verdades,por-que-netuno-e-azul,planejado,,pendente,,,,
CAL0351,25/02/2027,2027-02-25,Qui,2,ART2152,KW1152,como funciona a coluna vertebral,Como funciona a coluna vertebral?,Corpo humano,corpo-humano,,,KW5025; KW5026; KW5027; KW5028; KW5029; KW5030; KW5031; KW5032,como funciona a coluna vertebral explicado de forma simples; como funciona a coluna vertebral entenda como funciona; como funciona a coluna vertebral causas e explicação; como funciona a coluna vertebral perguntas e respostas; como funciona a coluna vertebral o que a ciência sabe; como funciona a coluna vertebral curiosidades e fatos; como funciona a coluna vertebral exemplos do dia a dia; como funciona a coluna vertebral mitos e verdades,como-funciona-a-coluna-vertebral,planejado,,pendente,,,,
CAL0352,25/02/2027,2027-02-25,Qui,3,ART2274,KW1274,como as aves fazem ninhos,Como as aves fazem ninhos?,Animais,animais,,,KW5033; KW5034; KW5035; KW5036; KW5037; KW5038; KW5039; KW5040,como as aves fazem ninhos explicado de forma simples; como as aves fazem ninhos entenda como funciona; como as aves fazem ninhos causas e explicação; como as aves fazem ninhos perguntas e respostas; como as aves fazem ninhos o que a ciência sabe; como as aves fazem ninhos curiosidades e fatos; como as aves fazem ninhos exemplos do dia a dia; como as aves fazem ninhos mitos e verdades,como-as-aves-fazem-ninhos,planejado,,pendente,,,,
CAL0353,26/02/2027,2027-02-26,Sex,1,ART2287,KW1287,como se forma o diamante,Como se forma o diamante?,Ciência e fenômenos,ciencia-e-fenomenos,,,KW5041; KW5042; KW5043; KW5044; KW5045; KW5046; KW5047; KW5048,como se forma o diamante explicado de forma simples; como se forma o diamante entenda como funciona; como se forma o diamante causas e explicação; como se forma o diamante perguntas e respostas; como se forma o diamante o que a ciência sabe; como se forma o diamante curiosidades e fatos; como se forma o diamante exemplos do dia a dia; como se forma o diamante mitos e verdades,como-se-forma-o-diamante,planejado,,pendente,,,,
CAL0354,26/02/2027,2027-02-26,Sex,2,ART2139,KW1139,por que nos apaixonamos,Por que nos apaixonamos?,Psicologia e comportamento,psicologia-e-comportamento,,,KW5049; KW5050; KW5051; KW5052; KW5053; KW5054; KW5055; KW5056,por que nos apaixonamos explicado de forma simples; por que nos apaixonamos entenda como funciona; por que nos apaixonamos causas e explicação; por que nos apaixonamos perguntas e respostas; por que nos apaixonamos o que a ciência sabe; por que nos apaixonamos curiosidades e fatos; por que nos apaixonamos exemplos do dia a dia; por que nos apaixonamos mitos e verdades,por-que-nos-apaixonamos,planejado,,pendente,,,,
CAL0355,26/02/2027,2027-02-26,Sex,3,ART2276,KW1276,o que é um malware,O que é um malware?,"Tecnologia, IA e ciência",tecnologia-ia-e-ciencia,,,KW5057; KW5058; KW5059; KW5060; KW5061; KW5062; KW5063; KW5064,o que é um malware explicado de forma simples; o que é um malware entenda como funciona; o que é um malware causas e explicação; o que é um malware perguntas e respostas; o que é um malware o que a ciência sabe; o que é um malware curiosidades e fatos; o que é um malware exemplos do dia a dia; o que é um malware mitos e verdades,o-que-e-um-malware,planejado,,pendente,,,,
CAL0356,27/02/2027,2027-02-27,Sab,1,ART2237,KW1237,o que é o cinturão de asteroides,O que é o cinturão de asteroides?,Universo e espaço,universo-e-espaco,,,KW5065; KW5066; KW5067; KW5068; KW5069; KW5070; KW5071; KW5072,o que é o cinturão de asteroides explicado de forma simples; o que é o cinturão de asteroides entenda como funciona; o que é o cinturão de asteroides causas e explicação; o que é o cinturão de asteroides perguntas e respostas; o que é o cinturão de asteroides o que a ciência sabe; o que é o cinturão de asteroides curiosidades e fatos; o que é o cinturão de asteroides exemplos do dia a dia; o que é o cinturão de asteroides mitos e verdades,o-que-e-o-cinturao-de-asteroides,planejado,,pendente,,,,
CAL0357,27/02/2027,2027-02-27,Sab,2,ART2158,KW1158,como funciona o sistema nervoso,Como funciona o sistema nervoso?,Corpo humano,corpo-humano,,,KW5073; KW5074; KW5075; KW5076; KW5077; KW5078; KW5079; KW5080,como funciona o sistema nervoso explicado de forma simples; como funciona o sistema nervoso entenda como funciona; como funciona o sistema nervoso causas e explicação; como funciona o sistema nervoso perguntas e respostas; como funciona o sistema nervoso o que a ciência sabe; como funciona o sistema nervoso curiosidades e fatos; como funciona o sistema nervoso exemplos do dia a dia; como funciona o sistema nervoso mitos e verdades,como-funciona-o-sistema-nervoso,planejado,,pendente,,,,
CAL0358,27/02/2027,2027-02-27,Sab,3,ART2280,KW1280,por que os papagaios falam,Por que os papagaios falam?,Animais,animais,,,KW5081; KW5082; KW5083; KW5084; KW5085; KW5086; KW5087; KW5088,por que os papagaios falam explicado de forma simples; por que os papagaios falam entenda como funciona; por que os papagaios falam causas e explicação; por que os papagaios falam perguntas e respostas; por que os papagaios falam o que a ciência sabe; por que os papagaios falam curiosidades e fatos; por que os papagaios falam exemplos do dia a dia; por que os papagaios falam mitos e verdades,por-que-os-papagaios-falam,planejado,,pendente,,,,
CAL0359,28/02/2027,2027-02-28,Dom,1,ART2293,KW1293,como se forma o petróleo,Como se forma o petróleo?,Ciência e fenômenos,ciencia-e-fenomenos,,,KW5089; KW5090; KW5091; KW5092; KW5093; KW5094; KW5095; KW5096,como se forma o petróleo explicado de forma simples; como se forma o petróleo entenda como funciona; como se forma o petróleo causas e explicação; como se forma o petróleo perguntas e respostas; como se forma o petróleo o que a ciência sabe; como se forma o petróleo curiosidades e fatos; como se forma o petróleo exemplos do dia a dia; como se forma o petróleo mitos e verdades,como-se-forma-o-petroleo,planejado,,pendente,,,,
CAL0360,28/02/2027,2027-02-28,Dom,2,ART2145,KW1145,por que sentimos atração por alguém,Por que sentimos atração por alguém?,Psicologia e comportamento,psicologia-e-comportamento,,,KW5097; KW5098; KW5099; KW5100; KW5101; KW5102; KW5103; KW5104,por que sentimos atração por alguém explicado de forma simples; por que sentimos atração por alguém entenda como funciona; por que sentimos atração por alguém causas e explicação; por que sentimos atração por alguém perguntas e respostas; por que sentimos atração por alguém o que a ciência sabe; por que sentimos atração por alguém curiosidades e fatos; por que sentimos atração por alguém exemplos do dia a dia; por que sentimos atração por alguém mitos e verdades,por-que-sentimos-atracao-por-alguem,planejado,,pendente,,,,
CAL0361,28/02/2027,2027-02-28,Dom,3,ART2282,KW1282,o que é phishing,O que é phishing?,"Tecnologia, IA e ciência",tecnologia-ia-e-ciencia,,,KW5105; KW5106; KW5107; KW5108; KW5109; KW5110; KW5111; KW5112,o que é phishing explicado de forma simples; o que é phishing entenda como funciona; o que é phishing causas e explicação; o que é phishing perguntas e respostas; o que é phishing o que a ciência sabe; o que é phishing curiosidades e fatos; o que é phishing exemplos do dia a dia; o que é phishing mitos e verdades,o-que-e-phishing,planejado,,pendente,,,,
CAL0362,01/03/2027,2027-03-01,Seg,1,ART2243,KW1243,o que é o cinturão de Kuiper,O que é o cinturão de Kuiper?,Universo e espaço,universo-e-espaco,,,KW5113; KW5114; KW5115; KW5116; KW5117; KW5118; KW5119; KW5120,o que é o cinturão de Kuiper explicado de forma simples; o que é o cinturão de Kuiper entenda como funciona; o que é o cinturão de Kuiper causas e explicação; o que é o cinturão de Kuiper perguntas e respostas; o que é o cinturão de Kuiper o que a ciência sabe; o que é o cinturão de Kuiper curiosidades e fatos; o que é o cinturão de Kuiper exemplos do dia a dia; o que é o cinturão de Kuiper mitos e verdades,o-que-e-o-cinturao-de-kuiper,planejado,,pendente,,,,
CAL0363,01/03/2027,2027-03-01,Seg,2,ART2164,KW1164,como funciona o sistema endócrino,Como funciona o sistema endócrino?,Corpo humano,corpo-humano,,,KW5121; KW5122; KW5123; KW5124; KW5125; KW5126; KW5127; KW5128,como funciona o sistema endócrino explicado de forma simples; como funciona o sistema endócrino entenda como funciona; como funciona o sistema endócrino causas e explicação; como funciona o sistema endócrino perguntas e respostas; como funciona o sistema endócrino o que a ciência sabe; como funciona o sistema endócrino curiosidades e fatos; como funciona o sistema endócrino exemplos do dia a dia; como funciona o sistema endócrino mitos e verdades,como-funciona-o-sistema-endocrino,planejado,,pendente,,,,
CAL0364,01/03/2027,2027-03-01,Seg,3,ART2286,KW1286,por que as corujas giram a cabeça,Por que as corujas giram a cabeça?,Animais,animais,,,KW5129; KW5130; KW5131; KW5132; KW5133; KW5134; KW5135; KW5136,por que as corujas giram a cabeça explicado de forma simples; por que as corujas giram a cabeça entenda como funciona; por que as corujas giram a cabeça causas e explicação; por que as corujas giram a cabeça perguntas e respostas; por que as corujas giram a cabeça o que a ciência sabe; por que as corujas giram a cabeça curiosidades e fatos; por que as corujas giram a cabeça exemplos do dia a dia; por que as corujas giram a cabeça mitos e verdades,por-que-as-corujas-giram-a-cabeca,planejado,,pendente,,,,
CAL0365,02/03/2027,2027-03-02,Ter,1,ART2299,KW1299,como se forma o carvão,Como se forma o carvão?,Ciência e fenômenos,ciencia-e-fenomenos,,,KW5137; KW5138; KW5139; KW5140; KW5141; KW5142; KW5143; KW5144,como se forma o carvão explicado de forma simples; como se forma o carvão entenda como funciona; como se forma o carvão causas e explicação; como se forma o carvão perguntas e respostas; como se forma o carvão o que a ciência sabe; como se forma o carvão curiosidades e fatos; como se forma o carvão exemplos do dia a dia; como se forma o carvão mitos e verdades,como-se-forma-o-carvao,planejado,,pendente,,,,
CAL0366,02/03/2027,2027-03-02,Ter,2,ART2151,KW1151,por que sentimos euforia,Por que sentimos euforia?,Psicologia e comportamento,psicologia-e-comportamento,,,KW5145; KW5146; KW5147; KW5148; KW5149; KW5150; KW5151; KW5152,por que sentimos euforia explicado de forma simples; por que sentimos euforia entenda como funciona; por que sentimos euforia causas e explicação; por que sentimos euforia perguntas e respostas; por que sentimos euforia o que a ciência sabe; por que sentimos euforia curiosidades e fatos; por que sentimos euforia exemplos do dia a dia; por que sentimos euforia mitos e verdades,por-que-sentimos-euforia,planejado,,pendente,,,,
CAL0367,02/03/2027,2027-03-02,Ter,3,ART2288,KW1288,como funciona um antivírus,Como funciona um antivírus?,"Tecnologia, IA e ciência",tecnologia-ia-e-ciencia,,,KW5153; KW5154; KW5155; KW5156; KW5157; KW5158; KW5159; KW5160,como funciona um antivírus explicado de forma simples; como funciona um antivírus entenda como funciona; como funciona um antivírus causas e explicação; como funciona um antivírus perguntas e respostas; como funciona um antivírus o que a ciência sabe; como funciona um antivírus curiosidades e fatos; como funciona um antivírus exemplos do dia a dia; como funciona um antivírus mitos e verdades,como-funciona-um-antivirus,planejado,,pendente,,,,
CAL0368,03/03/2027,2027-03-03,Qua,1,ART2249,KW1249,o que são asteroides,O que são asteroides?,Universo e espaço,universo-e-espaco,,,KW5161; KW5162; KW5163; KW5164; KW5165; KW5166; KW5167; KW5168,o que são asteroides explicado de forma simples; o que são asteroides entenda como funciona; o que são asteroides causas e explicação; o que são asteroides perguntas e respostas; o que são asteroides o que a ciência sabe; o que são asteroides curiosidades e fatos; o que são asteroides exemplos do dia a dia; o que são asteroides mitos e verdades,o-que-sao-asteroides,planejado,,pendente,,,,
CAL0369,03/03/2027,2027-03-03,Qua,2,ART2170,KW1170,como funcionam os hormônios,Como funcionam os hormônios?,Corpo humano,corpo-humano,,,KW5169; KW5170; KW5171; KW5172; KW5173; KW5174; KW5175; KW5176,como funcionam os hormônios explicado de forma simples; como funcionam os hormônios entenda como funciona; como funcionam os hormônios causas e explicação; como funcionam os hormônios perguntas e respostas; como funcionam os hormônios o que a ciência sabe; como funcionam os hormônios curiosidades e fatos; como funcionam os hormônios exemplos do dia a dia; como funcionam os hormônios mitos e verdades,como-funcionam-os-hormonios,planejado,,pendente,,,,
CAL0370,03/03/2027,2027-03-03,Qua,3,ART2292,KW1292,por que os pinguins andam em grupo,Por que os pinguins andam em grupo?,Animais,animais,,,KW5177; KW5178; KW5179; KW5180; KW5181; KW5182; KW5183; KW5184,por que os pinguins andam em grupo explicado de forma simples; por que os pinguins andam em grupo entenda como funciona; por que os pinguins andam em grupo causas e explicação; por que os pinguins andam em grupo perguntas e respostas; por que os pinguins andam em grupo o que a ciência sabe; por que os pinguins andam em grupo curiosidades e fatos; por que os pinguins andam em grupo exemplos do dia a dia; por que os pinguins andam em grupo mitos e verdades,por-que-os-pinguins-andam-em-grupo,planejado,,pendente,,,,
CAL0371,04/03/2027,2027-03-04,Qui,1,ART2305,KW1305,como se formam os fósseis,Como se formam os fósseis?,Ciência e fenômenos,ciencia-e-fenomenos,,,KW5185; KW5186; KW5187; KW5188; KW5189; KW5190; KW5191; KW5192,como se formam os fósseis explicado de forma simples; como se formam os fósseis entenda como funciona; como se formam os fósseis causas e explicação; como se formam os fósseis perguntas e respostas; como se formam os fósseis o que a ciência sabe; como se formam os fósseis curiosidades e fatos; como se formam os fósseis exemplos do dia a dia; como se formam os fósseis mitos e verdades,como-se-formam-os-fosseis,planejado,,pendente,,,,
CAL0372,04/03/2027,2027-03-04,Qui,2,ART2157,KW1157,por que sentimos nojo,Por que sentimos nojo?,Psicologia e comportamento,psicologia-e-comportamento,,,KW5193; KW5194; KW5195; KW5196; KW5197; KW5198; KW5199; KW5200,por que sentimos nojo explicado de forma simples; por que sentimos nojo entenda como funciona; por que sentimos nojo causas e explicação; por que sentimos nojo perguntas e respostas; por que sentimos nojo o que a ciência sabe; por que sentimos nojo curiosidades e fatos; por que sentimos nojo exemplos do dia a dia; por que sentimos nojo mitos e verdades,por-que-sentimos-nojo,planejado,,pendente,,,,
CAL0373,04/03/2027,2027-03-04,Qui,3,ART2294,KW1294,como funciona um firewall,Como funciona um firewall?,"Tecnologia, IA e ciência",tecnologia-ia-e-ciencia,,,KW5201; KW5202; KW5203; KW5204; KW5205; KW5206; KW5207; KW5208,como funciona um firewall explicado de forma simples; como funciona um firewall entenda como funciona; como funciona um firewall causas e explicação; como funciona um firewall perguntas e respostas; como funciona um firewall o que a ciência sabe; como funciona um firewall curiosidades e fatos; como funciona um firewall exemplos do dia a dia; como funciona um firewall mitos e verdades,como-funciona-um-firewall,planejado,,pendente,,,,
CAL0374,05/03/2027,2027-03-05,Sex,1,ART2255,KW1255,o que é um meteoro,O que é um meteoro?,Universo e espaço,universo-e-espaco,,,KW5209; KW5210; KW5211; KW5212; KW5213; KW5214; KW5215; KW5216,o que é um meteoro explicado de forma simples; o que é um meteoro entenda como funciona; o que é um meteoro causas e explicação; o que é um meteoro perguntas e respostas; o que é um meteoro o que a ciência sabe; o que é um meteoro curiosidades e fatos; o que é um meteoro exemplos do dia a dia; o que é um meteoro mitos e verdades,o-que-e-um-meteoro,planejado,,pendente,,,,
CAL0375,05/03/2027,2027-03-05,Sex,2,ART2176,KW1176,como funciona o sistema linfático,Como funciona o sistema linfático?,Corpo humano,corpo-humano,,,KW5217; KW5218; KW5219; KW5220; KW5221; KW5222; KW5223; KW5224,como funciona o sistema linfático explicado de forma simples; como funciona o sistema linfático entenda como funciona; como funciona o sistema linfático causas e explicação; como funciona o sistema linfático perguntas e respostas; como funciona o sistema linfático o que a ciência sabe; como funciona o sistema linfático curiosidades e fatos; como funciona o sistema linfático exemplos do dia a dia; como funciona o sistema linfático mitos e verdades,como-funciona-o-sistema-linfatico,planejado,,pendente,,,,
CAL0376,05/03/2027,2027-03-05,Sex,3,ART2298,KW1298,por que os flamingos são rosa,Por que os flamingos são rosa?,Animais,animais,,,KW5225; KW5226; KW5227; KW5228; KW5229; KW5230; KW5231; KW5232,por que os flamingos são rosa explicado de forma simples; por que os flamingos são rosa entenda como funciona; por que os flamingos são rosa causas e explicação; por que os flamingos são rosa perguntas e respostas; por que os flamingos são rosa o que a ciência sabe; por que os flamingos são rosa curiosidades e fatos; por que os flamingos são rosa exemplos do dia a dia; por que os flamingos são rosa mitos e verdades,por-que-os-flamingos-sao-rosa,planejado,,pendente,,,,
CAL0377,06/03/2027,2027-03-06,Sab,1,ART2311,KW1311,como se formam as rochas,Como se formam as rochas?,Ciência e fenômenos,ciencia-e-fenomenos,,,KW5233; KW5234; KW5235; KW5236; KW5237; KW5238; KW5239; KW5240,como se formam as rochas explicado de forma simples; como se formam as rochas entenda como funciona; como se formam as rochas causas e explicação; como se formam as rochas perguntas e respostas; como se formam as rochas o que a ciência sabe; como se formam as rochas curiosidades e fatos; como se formam as rochas exemplos do dia a dia; como se formam as rochas mitos e verdades,como-se-formam-as-rochas,planejado,,pendente,,,,
CAL0378,06/03/2027,2027-03-06,Sab,2,ART2163,KW1163,por que sentimos nervosismo,Por que sentimos nervosismo?,Psicologia e comportamento,psicologia-e-comportamento,,,KW5241; KW5242; KW5243; KW5244; KW5245; KW5246; KW5247; KW5248,por que sentimos nervosismo explicado de forma simples; por que sentimos nervosismo entenda como funciona; por que sentimos nervosismo causas e explicação; por que sentimos nervosismo perguntas e respostas; por que sentimos nervosismo o que a ciência sabe; por que sentimos nervosismo curiosidades e fatos; por que sentimos nervosismo exemplos do dia a dia; por que sentimos nervosismo mitos e verdades,por-que-sentimos-nervosismo,planejado,,pendente,,,,
CAL0379,06/03/2027,2027-03-06,Sab,3,ART2300,KW1300,o que é uma VPN,O que é uma VPN?,"Tecnologia, IA e ciência",tecnologia-ia-e-ciencia,,,KW5249; KW5250; KW5251; KW5252; KW5253; KW5254; KW5255; KW5256,o que é uma VPN explicado de forma simples; o que é uma VPN entenda como funciona; o que é uma VPN causas e explicação; o que é uma VPN perguntas e respostas; o que é uma VPN o que a ciência sabe; o que é uma VPN curiosidades e fatos; o que é uma VPN exemplos do dia a dia; o que é uma VPN mitos e verdades,o-que-e-uma-vpn,planejado,,pendente,,,,
CAL0380,07/03/2027,2027-03-07,Dom,1,ART2261,KW1261,o que é um meteorito,O que é um meteorito?,Universo e espaço,universo-e-espaco,,,KW5257; KW5258; KW5259; KW5260; KW5261; KW5262; KW5263; KW5264,o que é um meteorito explicado de forma simples; o que é um meteorito entenda como funciona; o que é um meteorito causas e explicação; o que é um meteorito perguntas e respostas; o que é um meteorito o que a ciência sabe; o que é um meteorito curiosidades e fatos; o que é um meteorito exemplos do dia a dia; o que é um meteorito mitos e verdades,o-que-e-um-meteorito,planejado,,pendente,,,,
CAL0381,07/03/2027,2027-03-07,Dom,2,ART2182,KW1182,como funciona o sangue,Como funciona o sangue?,Corpo humano,corpo-humano,,,KW5265; KW5266; KW5267; KW5268; KW5269; KW5270; KW5271; KW5272,como funciona o sangue explicado de forma simples; como funciona o sangue entenda como funciona; como funciona o sangue causas e explicação; como funciona o sangue perguntas e respostas; como funciona o sangue o que a ciência sabe; como funciona o sangue curiosidades e fatos; como funciona o sangue exemplos do dia a dia; como funciona o sangue mitos e verdades,como-funciona-o-sangue,planejado,,pendente,,,,
CAL0382,07/03/2027,2027-03-07,Dom,3,ART2304,KW1304,por que as galinhas botam ovos,Por que as galinhas botam ovos?,Animais,animais,,,KW5273; KW5274; KW5275; KW5276; KW5277; KW5278; KW5279; KW5280,por que as galinhas botam ovos explicado de forma simples; por que as galinhas botam ovos entenda como funciona; por que as galinhas botam ovos causas e explicação; por que as galinhas botam ovos perguntas e respostas; por que as galinhas botam ovos o que a ciência sabe; por que as galinhas botam ovos curiosidades e fatos; por que as galinhas botam ovos exemplos do dia a dia; por que as galinhas botam ovos mitos e verdades,por-que-as-galinhas-botam-ovos,planejado,,pendente,,,,
CAL0383,08/03/2027,2027-03-08,Seg,1,ART2317,KW1317,o que é o ciclo da água,O que é o ciclo da água?,Ciência e fenômenos,ciencia-e-fenomenos,,,KW5281; KW5282; KW5283; KW5284; KW5285; KW5286; KW5287; KW5288,o que é o ciclo da água explicado de forma simples; o que é o ciclo da água entenda como funciona; o que é o ciclo da água causas e explicação; o que é o ciclo da água perguntas e respostas; o que é o ciclo da água o que a ciência sabe; o que é o ciclo da água curiosidades e fatos; o que é o ciclo da água exemplos do dia a dia; o que é o ciclo da água mitos e verdades,o-que-e-o-ciclo-da-agua,planejado,,pendente,,,,
CAL0384,08/03/2027,2027-03-08,Seg,2,ART2169,KW1169,por que temos medo do escuro,Por que temos medo do escuro?,Psicologia e comportamento,psicologia-e-comportamento,,,KW5289; KW5290; KW5291; KW5292; KW5293; KW5294; KW5295; KW5296,por que temos medo do escuro explicado de forma simples; por que temos medo do escuro entenda como funciona; por que temos medo do escuro causas e explicação; por que temos medo do escuro perguntas e respostas; por que temos medo do escuro o que a ciência sabe; por que temos medo do escuro curiosidades e fatos; por que temos medo do escuro exemplos do dia a dia; por que temos medo do escuro mitos e verdades,por-que-temos-medo-do-escuro,planejado,,pendente,,,,
CAL0385,08/03/2027,2027-03-08,Seg,3,ART2306,KW1306,como funciona o modo anônimo,Como funciona o modo anônimo?,"Tecnologia, IA e ciência",tecnologia-ia-e-ciencia,,,KW5297; KW5298; KW5299; KW5300; KW5301; KW5302; KW5303; KW5304,como funciona o modo anônimo explicado de forma simples; como funciona o modo anônimo entenda como funciona; como funciona o modo anônimo causas e explicação; como funciona o modo anônimo perguntas e respostas; como funciona o modo anônimo o que a ciência sabe; como funciona o modo anônimo curiosidades e fatos; como funciona o modo anônimo exemplos do dia a dia; como funciona o modo anônimo mitos e verdades,como-funciona-o-modo-anonimo,planejado,,pendente,,,,
CAL0386,09/03/2027,2027-03-09,Ter,1,ART2267,KW1267,o que é uma chuva de meteoros,O que é uma chuva de meteoros?,Universo e espaço,universo-e-espaco,,,KW5305; KW5306; KW5307; KW5308; KW5309; KW5310; KW5311; KW5312,o que é uma chuva de meteoros explicado de forma simples; o que é uma chuva de meteoros entenda como funciona; o que é uma chuva de meteoros causas e explicação; o que é uma chuva de meteoros perguntas e respostas; o que é uma chuva de meteoros o que a ciência sabe; o que é uma chuva de meteoros curiosidades e fatos; o que é uma chuva de meteoros exemplos do dia a dia; o que é uma chuva de meteoros mitos e verdades,o-que-e-uma-chuva-de-meteoros,planejado,,pendente,,,,
CAL0387,09/03/2027,2027-03-09,Ter,2,ART2188,KW1188,como funcionam os tipos sanguíneos,Como funcionam os tipos sanguíneos?,Corpo humano,corpo-humano,,,KW5313; KW5314; KW5315; KW5316; KW5317; KW5318; KW5319; KW5320,como funcionam os tipos sanguíneos explicado de forma simples; como funcionam os tipos sanguíneos entenda como funciona; como funcionam os tipos sanguíneos causas e explicação; como funcionam os tipos sanguíneos perguntas e respostas; como funcionam os tipos sanguíneos o que a ciência sabe; como funcionam os tipos sanguíneos curiosidades e fatos; como funcionam os tipos sanguíneos exemplos do dia a dia; como funcionam os tipos sanguíneos mitos e verdades,como-funcionam-os-tipos-sanguineos,planejado,,pendente,,,,
CAL0388,09/03/2027,2027-03-09,Ter,3,ART2310,KW1310,por que as águias enxergam tão longe,Por que as águias enxergam tão longe?,Animais,animais,,,KW5321; KW5322; KW5323; KW5324; KW5325; KW5326; KW5327; KW5328,por que as águias enxergam tão longe explicado de forma simples; por que as águias enxergam tão longe entenda como funciona; por que as águias enxergam tão longe causas e explicação; por que as águias enxergam tão longe perguntas e respostas; por que as águias enxergam tão longe o que a ciência sabe; por que as águias enxergam tão longe curiosidades e fatos; por que as águias enxergam tão longe exemplos do dia a dia; por que as águias enxergam tão longe mitos e verdades,por-que-as-aguias-enxergam-tao-longe,planejado,,pendente,,,,
CAL0389,10/03/2027,2027-03-10,Qua,1,ART2323,KW1323,o que é o ciclo do carbono,O que é o ciclo do carbono?,Ciência e fenômenos,ciencia-e-fenomenos,,,KW5329; KW5330; KW5331; KW5332; KW5333; KW5334; KW5335; KW5336,o que é o ciclo do carbono explicado de forma simples; o que é o ciclo do carbono entenda como funciona; o que é o ciclo do carbono causas e explicação; o que é o ciclo do carbono perguntas e respostas; o que é o ciclo do carbono o que a ciência sabe; o que é o ciclo do carbono curiosidades e fatos; o que é o ciclo do carbono exemplos do dia a dia; o que é o ciclo do carbono mitos e verdades,o-que-e-o-ciclo-do-carbono,planejado,,pendente,,,,
CAL0390,10/03/2027,2027-03-10,Qua,2,ART2175,KW1175,por que temos medo de altura,Por que temos medo de altura?,Psicologia e comportamento,psicologia-e-comportamento,,,KW5337; KW5338; KW5339; KW5340; KW5341; KW5342; KW5343; KW5344,por que temos medo de altura explicado de forma simples; por que temos medo de altura entenda como funciona; por que temos medo de altura causas e explicação; por que temos medo de altura perguntas e respostas; por que temos medo de altura o que a ciência sabe; por que temos medo de altura curiosidades e fatos; por que temos medo de altura exemplos do dia a dia; por que temos medo de altura mitos e verdades,por-que-temos-medo-de-altura,planejado,,pendente,,,,
CAL0391,10/03/2027,2027-03-10,Qua,3,ART2312,KW1312,como funcionam os cookies,Como funcionam os cookies?,"Tecnologia, IA e ciência",tecnologia-ia-e-ciencia,,,KW5345; KW5346; KW5347; KW5348; KW5349; KW5350; KW5351; KW5352,como funcionam os cookies explicado de forma simples; como funcionam os cookies entenda como funciona; como funcionam os cookies causas e explicação; como funcionam os cookies perguntas e respostas; como funcionam os cookies o que a ciência sabe; como funcionam os cookies curiosidades e fatos; como funcionam os cookies exemplos do dia a dia; como funcionam os cookies mitos e verdades,como-funcionam-os-cookies,planejado,,pendente,,,,
CAL0392,11/03/2027,2027-03-11,Qui,1,ART2279,KW1279,por que Io tem tantos vulcões,Por que Io tem tantos vulcões?,Universo e espaço,universo-e-espaco,,,KW5353; KW5354; KW5355; KW5356; KW5357; KW5358; KW5359; KW5360,por que Io tem tantos vulcões explicado de forma simples; por que Io tem tantos vulcões entenda como funciona; por que Io tem tantos vulcões causas e explicação; por que Io tem tantos vulcões perguntas e respostas; por que Io tem tantos vulcões o que a ciência sabe; por que Io tem tantos vulcões curiosidades e fatos; por que Io tem tantos vulcões exemplos do dia a dia; por que Io tem tantos vulcões mitos e verdades,por-que-io-tem-tantos-vulcoes,planejado,,pendente,,,,
CAL0393,11/03/2027,2027-03-11,Qui,2,ART2194,KW1194,como funciona a coagulação do sangue,Como funciona a coagulação do sangue?,Corpo humano,corpo-humano,,,KW5361; KW5362; KW5363; KW5364; KW5365; KW5366; KW5367; KW5368,como funciona a coagulação do sangue explicado de forma simples; como funciona a coagulação do sangue entenda como funciona; como funciona a coagulação do sangue causas e explicação; como funciona a coagulação do sangue perguntas e respostas; como funciona a coagulação do sangue o que a ciência sabe; como funciona a coagulação do sangue curiosidades e fatos; como funciona a coagulação do sangue exemplos do dia a dia; como funciona a coagulação do sangue mitos e verdades,como-funciona-a-coagulacao-do-sangue,planejado,,pendente,,,,
CAL0394,11/03/2027,2027-03-11,Qui,3,ART2316,KW1316,como as cobras se movem,Como as cobras se movem?,Animais,animais,,,KW5369; KW5370; KW5371; KW5372; KW5373; KW5374; KW5375; KW5376,como as cobras se movem explicado de forma simples; como as cobras se movem entenda como funciona; como as cobras se movem causas e explicação; como as cobras se movem perguntas e respostas; como as cobras se movem o que a ciência sabe; como as cobras se movem curiosidades e fatos; como as cobras se movem exemplos do dia a dia; como as cobras se movem mitos e verdades,como-as-cobras-se-movem,planejado,,pendente,,,,
CAL0395,12/03/2027,2027-03-12,Sex,1,ART2329,KW1329,o que são as placas tectônicas,O que são as placas tectônicas?,Ciência e fenômenos,ciencia-e-fenomenos,,,KW5377; KW5378; KW5379; KW5380; KW5381; KW5382; KW5383; KW5384,o que são as placas tectônicas explicado de forma simples; o que são as placas tectônicas entenda como funciona; o que são as placas tectônicas causas e explicação; o que são as placas tectônicas perguntas e respostas; o que são as placas tectônicas o que a ciência sabe; o que são as placas tectônicas curiosidades e fatos; o que são as placas tectônicas exemplos do dia a dia; o que são as placas tectônicas mitos e verdades,o-que-sao-as-placas-tectonicas,planejado,,pendente,,,,
CAL0396,12/03/2027,2027-03-12,Sex,2,ART2181,KW1181,por que temos medo de aranhas,Por que temos medo de aranhas?,Psicologia e comportamento,psicologia-e-comportamento,,,KW5385; KW5386; KW5387; KW5388; KW5389; KW5390; KW5391; KW5392,por que temos medo de aranhas explicado de forma simples; por que temos medo de aranhas entenda como funciona; por que temos medo de aranhas causas e explicação; por que temos medo de aranhas perguntas e respostas; por que temos medo de aranhas o que a ciência sabe; por que temos medo de aranhas curiosidades e fatos; por que temos medo de aranhas exemplos do dia a dia; por que temos medo de aranhas mitos e verdades,por-que-temos-medo-de-aranhas,planejado,,pendente,,,,
CAL0397,12/03/2027,2027-03-12,Sex,3,ART2318,KW1318,como funciona a nuvem,Como funciona a nuvem?,"Tecnologia, IA e ciência",tecnologia-ia-e-ciencia,,,KW5393; KW5394; KW5395; KW5396; KW5397; KW5398; KW5399; KW5400,como funciona a nuvem explicado de forma simples; como funciona a nuvem entenda como funciona; como funciona a nuvem causas e explicação; como funciona a nuvem perguntas e respostas; como funciona a nuvem o que a ciência sabe; como funciona a nuvem curiosidades e fatos; como funciona a nuvem exemplos do dia a dia; como funciona a nuvem mitos e verdades,como-funciona-a-nuvem,planejado,,pendente,,,,
CAL0398,13/03/2027,2027-03-13,Sab,1,ART2285,KW1285,o que é Europa a lua de Júpiter,O que é Europa a lua de Júpiter?,Universo e espaço,universo-e-espaco,,,KW5401; KW5402; KW5403; KW5404; KW5405; KW5406; KW5407; KW5408,o que é Europa a lua de Júpiter explicado de forma simples; o que é Europa a lua de Júpiter entenda como funciona; o que é Europa a lua de Júpiter causas e explicação; o que é Europa a lua de Júpiter perguntas e respostas; o que é Europa a lua de Júpiter o que a ciência sabe; o que é Europa a lua de Júpiter curiosidades e fatos; o que é Europa a lua de Júpiter exemplos do dia a dia; o que é Europa a lua de Júpiter mitos e verdades,o-que-e-europa-a-lua-de-jupiter,planejado,,pendente,,,,
CAL0399,13/03/2027,2027-03-13,Sab,2,ART2200,KW1200,como funcionam as vacinas,Como funcionam as vacinas?,Corpo humano,corpo-humano,,,KW5409; KW5410; KW5411; KW5412; KW5413; KW5414; KW5415; KW5416,como funcionam as vacinas explicado de forma simples; como funcionam as vacinas entenda como funciona; como funcionam as vacinas causas e explicação; como funcionam as vacinas perguntas e respostas; como funcionam as vacinas o que a ciência sabe; como funcionam as vacinas curiosidades e fatos; como funcionam as vacinas exemplos do dia a dia; como funcionam as vacinas mitos e verdades,como-funcionam-as-vacinas,planejado,,pendente,,,,
CAL0400,13/03/2027,2027-03-13,Sab,3,ART2322,KW1322,por que as cobras soltam a língua,Por que as cobras soltam a língua?,Animais,animais,,,KW5417; KW5418; KW5419; KW5420; KW5421; KW5422; KW5423; KW5424,por que as cobras soltam a língua explicado de forma simples; por que as cobras soltam a língua entenda como funciona; por que as cobras soltam a língua causas e explicação; por que as cobras soltam a língua perguntas e respostas; por que as cobras soltam a língua o que a ciência sabe; por que as cobras soltam a língua curiosidades e fatos; por que as cobras soltam a língua exemplos do dia a dia; por que as cobras soltam a língua mitos e verdades,por-que-as-cobras-soltam-a-lingua,planejado,,pendente,,,,
CAL0401,14/03/2027,2027-03-14,Dom,1,ART2335,KW1335,o que é a deriva continental,O que é a deriva continental?,Ciência e fenômenos,ciencia-e-fenomenos,,,KW5425; KW5426; KW5427; KW5428; KW5429; KW5430; KW5431; KW5432,o que é a deriva continental explicado de forma simples; o que é a deriva continental entenda como funciona; o que é a deriva continental causas e explicação; o que é a deriva continental perguntas e respostas; o que é a deriva continental o que a ciência sabe; o que é a deriva continental curiosidades e fatos; o que é a deriva continental exemplos do dia a dia; o que é a deriva continental mitos e verdades,o-que-e-a-deriva-continental,planejado,,pendente,,,,
CAL0402,14/03/2027,2027-03-14,Dom,2,ART2187,KW1187,por que temos fobias,Por que temos fobias?,Psicologia e comportamento,psicologia-e-comportamento,,,KW5433; KW5434; KW5435; KW5436; KW5437; KW5438; KW5439; KW5440,por que temos fobias explicado de forma simples; por que temos fobias entenda como funciona; por que temos fobias causas e explicação; por que temos fobias perguntas e respostas; por que temos fobias o que a ciência sabe; por que temos fobias curiosidades e fatos; por que temos fobias exemplos do dia a dia; por que temos fobias mitos e verdades,por-que-temos-fobias,planejado,,pendente,,,,
CAL0403,14/03/2027,2027-03-14,Dom,3,ART2324,KW1324,como funciona o streaming de vídeo,Como funciona o streaming de vídeo?,"Tecnologia, IA e ciência",tecnologia-ia-e-ciencia,,,KW5441; KW5442; KW5443; KW5444; KW5445; KW5446; KW5447; KW5448,como funciona o streaming de vídeo explicado de forma simples; como funciona o streaming de vídeo entenda como funciona; como funciona o streaming de vídeo causas e explicação; como funciona o streaming de vídeo perguntas e respostas; como funciona o streaming de vídeo o que a ciência sabe; como funciona o streaming de vídeo curiosidades e fatos; como funciona o streaming de vídeo exemplos do dia a dia; como funciona o streaming de vídeo mitos e verdades,como-funciona-o-streaming-de-video,planejado,,pendente,,,,
CAL0404,15/03/2027,2027-03-15,Seg,1,ART2291,KW1291,o que é Titã a lua de Saturno,O que é Titã a lua de Saturno?,Universo e espaço,universo-e-espaco,,,KW5449; KW5450; KW5451; KW5452; KW5453; KW5454; KW5455; KW5456,o que é Titã a lua de Saturno explicado de forma simples; o que é Titã a lua de Saturno entenda como funciona; o que é Titã a lua de Saturno causas e explicação; o que é Titã a lua de Saturno perguntas e respostas; o que é Titã a lua de Saturno o que a ciência sabe; o que é Titã a lua de Saturno curiosidades e fatos; o que é Titã a lua de Saturno exemplos do dia a dia; o que é Titã a lua de Saturno mitos e verdades,o-que-e-tita-a-lua-de-saturno,planejado,,pendente,,,,
CAL0405,15/03/2027,2027-03-15,Seg,2,ART2206,KW1206,como funcionam os anticorpos,Como funcionam os anticorpos?,Corpo humano,corpo-humano,,,KW5457; KW5458; KW5459; KW5460; KW5461; KW5462; KW5463; KW5464,como funcionam os anticorpos explicado de forma simples; como funcionam os anticorpos entenda como funciona; como funcionam os anticorpos causas e explicação; como funcionam os anticorpos perguntas e respostas; como funcionam os anticorpos o que a ciência sabe; como funcionam os anticorpos curiosidades e fatos; como funcionam os anticorpos exemplos do dia a dia; como funcionam os anticorpos mitos e verdades,como-funcionam-os-anticorpos,planejado,,pendente,,,,
CAL0406,15/03/2027,2027-03-15,Seg,3,ART2328,KW1328,por que as cobras trocam de pele,Por que as cobras trocam de pele?,Animais,animais,,,KW5465; KW5466; KW5467; KW5468; KW5469; KW5470; KW5471; KW5472,por que as cobras trocam de pele explicado de forma simples; por que as cobras trocam de pele entenda como funciona; por que as cobras trocam de pele causas e explicação; por que as cobras trocam de pele perguntas e respostas; por que as cobras trocam de pele o que a ciência sabe; por que as cobras trocam de pele curiosidades e fatos; por que as cobras trocam de pele exemplos do dia a dia; por que as cobras trocam de pele mitos e verdades,por-que-as-cobras-trocam-de-pele,planejado,,pendente,,,,
CAL0407,16/03/2027,2027-03-16,Ter,1,ART2341,KW1341,o que é a lava,O que é a lava?,Ciência e fenômenos,ciencia-e-fenomenos,,,KW5473; KW5474; KW5475; KW5476; KW5477; KW5478; KW5479; KW5480,o que é a lava explicado de forma simples; o que é a lava entenda como funciona; o que é a lava causas e explicação; o que é a lava perguntas e respostas; o que é a lava o que a ciência sabe; o que é a lava curiosidades e fatos; o que é a lava exemplos do dia a dia; o que é a lava mitos e verdades,o-que-e-a-lava,planejado,,pendente,,,,
CAL0408,16/03/2027,2027-03-16,Ter,2,ART2193,KW1193,por que temos medo de ficar sozinho,Por que temos medo de ficar sozinho?,Psicologia e comportamento,psicologia-e-comportamento,,,KW5481; KW5482; KW5483; KW5484; KW5485; KW5486; KW5487; KW5488,por que temos medo de ficar sozinho explicado de forma simples; por que temos medo de ficar sozinho entenda como funciona; por que temos medo de ficar sozinho causas e explicação; por que temos medo de ficar sozinho perguntas e respostas; por que temos medo de ficar sozinho o que a ciência sabe; por que temos medo de ficar sozinho curiosidades e fatos; por que temos medo de ficar sozinho exemplos do dia a dia; por que temos medo de ficar sozinho mitos e verdades,por-que-temos-medo-de-ficar-sozinho,planejado,,pendente,,,,
CAL0409,16/03/2027,2027-03-16,Ter,3,ART2330,KW1330,como funciona a Netflix,Como funciona a Netflix?,"Tecnologia, IA e ciência",tecnologia-ia-e-ciencia,,,KW5489; KW5490; KW5491; KW5492; KW5493; KW5494; KW5495; KW5496,como funciona a Netflix explicado de forma simples; como funciona a Netflix entenda como funciona; como funciona a Netflix causas e explicação; como funciona a Netflix perguntas e respostas; como funciona a Netflix o que a ciência sabe; como funciona a Netflix curiosidades e fatos; como funciona a Netflix exemplos do dia a dia; como funciona a Netflix mitos e verdades,como-funciona-a-netflix,planejado,,pendente,,,,
CAL0410,17/03/2027,2027-03-17,Qua,1,ART2297,KW1297,o que são as manchas solares,O que são as manchas solares?,Universo e espaço,universo-e-espaco,,,KW5497; KW5498; KW5499; KW5500; KW5501; KW5502; KW5503; KW5504,o que são as manchas solares explicado de forma simples; o que são as manchas solares entenda como funciona; o que são as manchas solares causas e explicação; o que são as manchas solares perguntas e respostas; o que são as manchas solares o que a ciência sabe; o que são as manchas solares curiosidades e fatos; o que são as manchas solares exemplos do dia a dia; o que são as manchas solares mitos e verdades,o-que-sao-as-manchas-solares,planejado,,pendente,,,,
CAL0411,17/03/2027,2027-03-17,Qua,2,ART2212,KW1212,como funciona a inflamação,Como funciona a inflamação?,Corpo humano,corpo-humano,,,KW5505; KW5506; KW5507; KW5508; KW5509; KW5510; KW5511; KW5512,como funciona a inflamação explicado de forma simples; como funciona a inflamação entenda como funciona; como funciona a inflamação causas e explicação; como funciona a inflamação perguntas e respostas; como funciona a inflamação o que a ciência sabe; como funciona a inflamação curiosidades e fatos; como funciona a inflamação exemplos do dia a dia; como funciona a inflamação mitos e verdades,como-funciona-a-inflamacao,planejado,,pendente,,,,
CAL0412,17/03/2027,2027-03-17,Qua,3,ART2334,KW1334,como as cobras sentem o calor,Como as cobras sentem o calor?,Animais,animais,,,KW5513; KW5514; KW5515; KW5516; KW5517; KW5518; KW5519; KW5520,como as cobras sentem o calor explicado de forma simples; como as cobras sentem o calor entenda como funciona; como as cobras sentem o calor causas e explicação; como as cobras sentem o calor perguntas e respostas; como as cobras sentem o calor o que a ciência sabe; como as cobras sentem o calor curiosidades e fatos; como as cobras sentem o calor exemplos do dia a dia; como as cobras sentem o calor mitos e verdades,como-as-cobras-sentem-o-calor,planejado,,pendente,,,,
CAL0413,18/03/2027,2027-03-18,Qui,1,ART2347,KW1347,o que é um gêiser,O que é um gêiser?,Ciência e fenômenos,ciencia-e-fenomenos,,,KW5521; KW5522; KW5523; KW5524; KW5525; KW5526; KW5527; KW5528,o que é um gêiser explicado de forma simples; o que é um gêiser entenda como funciona; o que é um gêiser causas e explicação; o que é um gêiser perguntas e respostas; o que é um gêiser o que a ciência sabe; o que é um gêiser curiosidades e fatos; o que é um gêiser exemplos do dia a dia; o que é um gêiser mitos e verdades,o-que-e-um-geiser,planejado,,pendente,,,,
CAL0414,18/03/2027,2027-03-18,Qui,2,ART2199,KW1199,por que temos medo do fracasso,Por que temos medo do fracasso?,Psicologia e comportamento,psicologia-e-comportamento,,,KW5529; KW5530; KW5531; KW5532; KW5533; KW5534; KW5535; KW5536,por que temos medo do fracasso explicado de forma simples; por que temos medo do fracasso entenda como funciona; por que temos medo do fracasso causas e explicação; por que temos medo do fracasso perguntas e respostas; por que temos medo do fracasso o que a ciência sabe; por que temos medo do fracasso curiosidades e fatos; por que temos medo do fracasso exemplos do dia a dia; por que temos medo do fracasso mitos e verdades,por-que-temos-medo-do-fracasso,planejado,,pendente,,,,
CAL0415,18/03/2027,2027-03-18,Qui,3,ART2336,KW1336,como funciona o YouTube,Como funciona o YouTube?,"Tecnologia, IA e ciência",tecnologia-ia-e-ciencia,,,KW5537; KW5538; KW5539; KW5540; KW5541; KW5542; KW5543; KW5544,como funciona o YouTube explicado de forma simples; como funciona o YouTube entenda como funciona; como funciona o YouTube causas e explicação; como funciona o YouTube perguntas e respostas; como funciona o YouTube o que a ciência sabe; como funciona o YouTube curiosidades e fatos; como funciona o YouTube exemplos do dia a dia; como funciona o YouTube mitos e verdades,como-funciona-o-youtube,planejado,,pendente,,,,
CAL0416,19/03/2027,2027-03-19,Sex,1,ART2303,KW1303,o que é uma tempestade solar,O que é uma tempestade solar?,Universo e espaço,universo-e-espaco,,,KW5545; KW5546; KW5547; KW5548; KW5549; KW5550; KW5551; KW5552,o que é uma tempestade solar explicado de forma simples; o que é uma tempestade solar entenda como funciona; o que é uma tempestade solar causas e explicação; o que é uma tempestade solar perguntas e respostas; o que é uma tempestade solar o que a ciência sabe; o que é uma tempestade solar curiosidades e fatos; o que é uma tempestade solar exemplos do dia a dia; o que é uma tempestade solar mitos e verdades,o-que-e-uma-tempestade-solar,planejado,,pendente,,,,
CAL0417,19/03/2027,2027-03-19,Sex,2,ART2218,KW1218,como funciona a visão,Como funciona a visão?,Corpo humano,corpo-humano,,,KW5553; KW5554; KW5555; KW5556; KW5557; KW5558; KW5559; KW5560,como funciona a visão explicado de forma simples; como funciona a visão entenda como funciona; como funciona a visão causas e explicação; como funciona a visão perguntas e respostas; como funciona a visão o que a ciência sabe; como funciona a visão curiosidades e fatos; como funciona a visão exemplos do dia a dia; como funciona a visão mitos e verdades,como-funciona-a-visao,planejado,,pendente,,,,
CAL0418,19/03/2027,2027-03-19,Sex,3,ART2340,KW1340,por que os jacarés abrem a boca ao sol,Por que os jacarés abrem a boca ao sol?,Animais,animais,,,KW5561; KW5562; KW5563; KW5564; KW5565; KW5566; KW5567; KW5568,por que os jacarés abrem a boca ao sol explicado de forma simples; por que os jacarés abrem a boca ao sol entenda como funciona; por que os jacarés abrem a boca ao sol causas e explicação; por que os jacarés abrem a boca ao sol perguntas e respostas; por que os jacarés abrem a boca ao sol o que a ciência sabe; por que os jacarés abrem a boca ao sol curiosidades e fatos; por que os jacarés abrem a boca ao sol exemplos do dia a dia; por que os jacarés abrem a boca ao sol mitos e verdades,por-que-os-jacares-abrem-a-boca-ao-sol,planejado,,pendente,,,,
CAL0419,20/03/2027,2027-03-20,Sab,1,ART2353,KW1353,o que é o Círculo de Fogo do Pacífico,O que é o Círculo de Fogo do Pacífico?,Ciência e fenômenos,ciencia-e-fenomenos,,,KW5569; KW5570; KW5571; KW5572; KW5573; KW5574; KW5575; KW5576,o que é o Círculo de Fogo do Pacífico explicado de forma simples; o que é o Círculo de Fogo do Pacífico entenda como funciona; o que é o Círculo de Fogo do Pacífico causas e explicação; o que é o Círculo de Fogo do Pacífico perguntas e respostas; o que é o Círculo de Fogo do Pacífico o que a ciência sabe; o que é o Círculo de Fogo do Pacífico curiosidades e fatos; o que é o Círculo de Fogo do Pacífico exemplos do dia a dia; o que é o Círculo de Fogo do Pacífico mitos e verdades,o-que-e-o-circulo-de-fogo-do-pacifico,planejado,,pendente,,,,
CAL0420,20/03/2027,2027-03-20,Sab,2,ART2205,KW1205,por que temos medo de mudanças,Por que temos medo de mudanças?,Psicologia e comportamento,psicologia-e-comportamento,,,KW5577; KW5578; KW5579; KW5580; KW5581; KW5582; KW5583; KW5584,por que temos medo de mudanças explicado de forma simples; por que temos medo de mudanças entenda como funciona; por que temos medo de mudanças causas e explicação; por que temos medo de mudanças perguntas e respostas; por que temos medo de mudanças o que a ciência sabe; por que temos medo de mudanças curiosidades e fatos; por que temos medo de mudanças exemplos do dia a dia; por que temos medo de mudanças mitos e verdades,por-que-temos-medo-de-mudancas,planejado,,pendente,,,,
CAL0421,20/03/2027,2027-03-20,Sab,3,ART2342,KW1342,como funciona o algoritmo das redes sociais,Como funciona o algoritmo das redes sociais?,"Tecnologia, IA e ciência",tecnologia-ia-e-ciencia,,,KW5585; KW5586; KW5587; KW5588; KW5589; KW5590; KW5591; KW5592,como funciona o algoritmo das redes sociais explicado de forma simples; como funciona o algoritmo das redes sociais entenda como funciona; como funciona o algoritmo das redes sociais causas e explicação; como funciona o algoritmo das redes sociais perguntas e respostas; como funciona o algoritmo das redes sociais o que a ciência sabe; como funciona o algoritmo das redes sociais curiosidades e fatos; como funciona o algoritmo das redes sociais exemplos do dia a dia; como funciona o algoritmo das redes sociais mitos e verdades,como-funciona-o-algoritmo-das-redes-sociais,planejado,,pendente,,,,
CAL0422,21/03/2027,2027-03-21,Dom,1,ART2309,KW1309,o que é o vento solar,O que é o vento solar?,Universo e espaço,universo-e-espaco,,,KW5593; KW5594; KW5595; KW5596; KW5597; KW5598; KW5599; KW5600,o que é o vento solar explicado de forma simples; o que é o vento solar entenda como funciona; o que é o vento solar causas e explicação; o que é o vento solar perguntas e respostas; o que é o vento solar o que a ciência sabe; o que é o vento solar curiosidades e fatos; o que é o vento solar exemplos do dia a dia; o que é o vento solar mitos e verdades,o-que-e-o-vento-solar,planejado,,pendente,,,,
CAL0423,21/03/2027,2027-03-21,Dom,2,ART2224,KW1224,como funciona a audição,Como funciona a audição?,Corpo humano,corpo-humano,,,KW5601; KW5602; KW5603; KW5604; KW5605; KW5606; KW5607; KW5608,como funciona a audição explicado de forma simples; como funciona a audição entenda como funciona; como funciona a audição causas e explicação; como funciona a audição perguntas e respostas; como funciona a audição o que a ciência sabe; como funciona a audição curiosidades e fatos; como funciona a audição exemplos do dia a dia; como funciona a audição mitos e verdades,como-funciona-a-audicao,planejado,,pendente,,,,
CAL0424,21/03/2027,2027-03-21,Dom,3,ART2346,KW1346,por que os lagartos perdem a cauda,Por que os lagartos perdem a cauda?,Animais,animais,,,KW5609; KW5610; KW5611; KW5612; KW5613; KW5614; KW5615; KW5616,por que os lagartos perdem a cauda explicado de forma simples; por que os lagartos perdem a cauda entenda como funciona; por que os lagartos perdem a cauda causas e explicação; por que os lagartos perdem a cauda perguntas e respostas; por que os lagartos perdem a cauda o que a ciência sabe; por que os lagartos perdem a cauda curiosidades e fatos; por que os lagartos perdem a cauda exemplos do dia a dia; por que os lagartos perdem a cauda mitos e verdades,por-que-os-lagartos-perdem-a-cauda,planejado,,pendente,,,,
CAL0425,22/03/2027,2027-03-22,Seg,1,ART2359,KW1359,como se medem os terremotos,Como se medem os terremotos?,Ciência e fenômenos,ciencia-e-fenomenos,,,KW5617; KW5618; KW5619; KW5620; KW5621; KW5622; KW5623; KW5624,como se medem os terremotos explicado de forma simples; como se medem os terremotos entenda como funciona; como se medem os terremotos causas e explicação; como se medem os terremotos perguntas e respostas; como se medem os terremotos o que a ciência sabe; como se medem os terremotos curiosidades e fatos; como se medem os terremotos exemplos do dia a dia; como se medem os terremotos mitos e verdades,como-se-medem-os-terremotos,planejado,,pendente,,,,
CAL0426,22/03/2027,2027-03-22,Seg,2,ART2211,KW1211,por que temos medo da morte,Por que temos medo da morte?,Psicologia e comportamento,psicologia-e-comportamento,,,KW5625; KW5626; KW5627; KW5628; KW5629; KW5630; KW5631; KW5632,por que temos medo da morte explicado de forma simples; por que temos medo da morte entenda como funciona; por que temos medo da morte causas e explicação; por que temos medo da morte perguntas e respostas; por que temos medo da morte o que a ciência sabe; por que temos medo da morte curiosidades e fatos; por que temos medo da morte exemplos do dia a dia; por que temos medo da morte mitos e verdades,por-que-temos-medo-da-morte,planejado,,pendente,,,,
CAL0427,22/03/2027,2027-03-22,Seg,3,ART2348,KW1348,como funciona um buscador,Como funciona um buscador?,"Tecnologia, IA e ciência",tecnologia-ia-e-ciencia,,,KW5633; KW5634; KW5635; KW5636; KW5637; KW5638; KW5639; KW5640,como funciona um buscador explicado de forma simples; como funciona um buscador entenda como funciona; como funciona um buscador causas e explicação; como funciona um buscador perguntas e respostas; como funciona um buscador o que a ciência sabe; como funciona um buscador curiosidades e fatos; como funciona um buscador exemplos do dia a dia; como funciona um buscador mitos e verdades,como-funciona-um-buscador,planejado,,pendente,,,,
CAL0428,23/03/2027,2027-03-23,Ter,1,ART2315,KW1315,o que é a coroa solar,O que é a coroa solar?,Universo e espaço,universo-e-espaco,,,KW5641; KW5642; KW5643; KW5644; KW5645; KW5646; KW5647; KW5648,o que é a coroa solar explicado de forma simples; o que é a coroa solar entenda como funciona; o que é a coroa solar causas e explicação; o que é a coroa solar perguntas e respostas; o que é a coroa solar o que a ciência sabe; o que é a coroa solar curiosidades e fatos; o que é a coroa solar exemplos do dia a dia; o que é a coroa solar mitos e verdades,o-que-e-a-coroa-solar,planejado,,pendente,,,,
CAL0429,23/03/2027,2027-03-23,Ter,2,ART2230,KW1230,como funciona o olfato,Como funciona o olfato?,Corpo humano,corpo-humano,,,KW5649; KW5650; KW5651; KW5652; KW5653; KW5654; KW5655; KW5656,como funciona o olfato explicado de forma simples; como funciona o olfato entenda como funciona; como funciona o olfato causas e explicação; como funciona o olfato perguntas e respostas; como funciona o olfato o que a ciência sabe; como funciona o olfato curiosidades e fatos; como funciona o olfato exemplos do dia a dia; como funciona o olfato mitos e verdades,como-funciona-o-olfato,planejado,,pendente,,,,
CAL0430,23/03/2027,2027-03-23,Ter,3,ART2352,KW1352,por que as tartarugas têm casco,Por que as tartarugas têm casco?,Animais,animais,,,KW5657; KW5658; KW5659; KW5660; KW5661; KW5662; KW5663; KW5664,por que as tartarugas têm casco explicado de forma simples; por que as tartarugas têm casco entenda como funciona; por que as tartarugas têm casco causas e explicação; por que as tartarugas têm casco perguntas e respostas; por que as tartarugas têm casco o que a ciência sabe; por que as tartarugas têm casco curiosidades e fatos; por que as tartarugas têm casco exemplos do dia a dia; por que as tartarugas têm casco mitos e verdades,por-que-as-tartarugas-tem-casco,planejado,,pendente,,,,
CAL0431,24/03/2027,2027-03-24,Qua,1,ART2365,KW1365,o que é a escala Richter,O que é a escala Richter?,Ciência e fenômenos,ciencia-e-fenomenos,,,KW5665; KW5666; KW5667; KW5668; KW5669; KW5670; KW5671; KW5672,o que é a escala Richter explicado de forma simples; o que é a escala Richter entenda como funciona; o que é a escala Richter causas e explicação; o que é a escala Richter perguntas e respostas; o que é a escala Richter o que a ciência sabe; o que é a escala Richter curiosidades e fatos; o que é a escala Richter exemplos do dia a dia; o que é a escala Richter mitos e verdades,o-que-e-a-escala-richter,planejado,,pendente,,,,
CAL0432,24/03/2027,2027-03-24,Qua,2,ART2217,KW1217,por que temos medo de palhaços,Por que temos medo de palhaços?,Psicologia e comportamento,psicologia-e-comportamento,,,KW5673; KW5674; KW5675; KW5676; KW5677; KW5678; KW5679; KW5680,por que temos medo de palhaços explicado de forma simples; por que temos medo de palhaços entenda como funciona; por que temos medo de palhaços causas e explicação; por que temos medo de palhaços perguntas e respostas; por que temos medo de palhaços o que a ciência sabe; por que temos medo de palhaços curiosidades e fatos; por que temos medo de palhaços exemplos do dia a dia; por que temos medo de palhaços mitos e verdades,por-que-temos-medo-de-palhacos,planejado,,pendente,,,,
CAL0433,24/03/2027,2027-03-24,Qua,3,ART2354,KW1354,como funciona o Google,Como funciona o Google?,"Tecnologia, IA e ciência",tecnologia-ia-e-ciencia,,,KW5681; KW5682; KW5683; KW5684; KW5685; KW5686; KW5687; KW5688,como funciona o Google explicado de forma simples; como funciona o Google entenda como funciona; como funciona o Google causas e explicação; como funciona o Google perguntas e respostas; como funciona o Google o que a ciência sabe; como funciona o Google curiosidades e fatos; como funciona o Google exemplos do dia a dia; como funciona o Google mitos e verdades,como-funciona-o-google,planejado,,pendente,,,,
CAL0434,25/03/2027,2027-03-25,Qui,1,ART2321,KW1321,quanto tempo o Sol vai durar,Quanto tempo o Sol vai durar?,Universo e espaço,universo-e-espaco,,,KW5689; KW5690; KW5691; KW5692; KW5693; KW5694; KW5695; KW5696,quanto tempo o Sol vai durar explicado de forma simples; quanto tempo o Sol vai durar entenda como funciona; quanto tempo o Sol vai durar causas e explicação; quanto tempo o Sol vai durar perguntas e respostas; quanto tempo o Sol vai durar o que a ciência sabe; quanto tempo o Sol vai durar curiosidades e fatos; quanto tempo o Sol vai durar exemplos do dia a dia; quanto tempo o Sol vai durar mitos e verdades,quanto-tempo-o-sol-vai-durar,planejado,,pendente,,,,
CAL0435,25/03/2027,2027-03-25,Qui,2,ART2236,KW1236,como funciona o paladar,Como funciona o paladar?,Corpo humano,corpo-humano,,,KW5697; KW5698; KW5699; KW5700; KW5701; KW5702; KW5703; KW5704,como funciona o paladar explicado de forma simples; como funciona o paladar entenda como funciona; como funciona o paladar causas e explicação; como funciona o paladar perguntas e respostas; como funciona o paladar o que a ciência sabe; como funciona o paladar curiosidades e fatos; como funciona o paladar exemplos do dia a dia; como funciona o paladar mitos e verdades,como-funciona-o-paladar,planejado,,pendente,,,,
CAL0436,25/03/2027,2027-03-25,Qui,3,ART2358,KW1358,por que os sapos coaxam,Por que os sapos coaxam?,Animais,animais,,,KW5705; KW5706; KW5707; KW5708; KW5709; KW5710; KW5711; KW5712,por que os sapos coaxam explicado de forma simples; por que os sapos coaxam entenda como funciona; por que os sapos coaxam causas e explicação; por que os sapos coaxam perguntas e respostas; por que os sapos coaxam o que a ciência sabe; por que os sapos coaxam curiosidades e fatos; por que os sapos coaxam exemplos do dia a dia; por que os sapos coaxam mitos e verdades,por-que-os-sapos-coaxam,planejado,,pendente,,,,
CAL0437,26/03/2027,2027-03-26,Sex,1,ART2371,KW1371,por que o som tem eco,Por que o som tem eco?,Ciência e fenômenos,ciencia-e-fenomenos,,,KW5713; KW5714; KW5715; KW5716; KW5717; KW5718; KW5719; KW5720,por que o som tem eco explicado de forma simples; por que o som tem eco entenda como funciona; por que o som tem eco causas e explicação; por que o som tem eco perguntas e respostas; por que o som tem eco o que a ciência sabe; por que o som tem eco curiosidades e fatos; por que o som tem eco exemplos do dia a dia; por que o som tem eco mitos e verdades,por-que-o-som-tem-eco,planejado,,pendente,,,,
CAL0438,26/03/2027,2027-03-26,Sex,2,ART2223,KW1223,por que temos medo de cobras,Por que temos medo de cobras?,Psicologia e comportamento,psicologia-e-comportamento,,,KW5721; KW5722; KW5723; KW5724; KW5725; KW5726; KW5727; KW5728,por que temos medo de cobras explicado de forma simples; por que temos medo de cobras entenda como funciona; por que temos medo de cobras causas e explicação; por que temos medo de cobras perguntas e respostas; por que temos medo de cobras o que a ciência sabe; por que temos medo de cobras curiosidades e fatos; por que temos medo de cobras exemplos do dia a dia; por que temos medo de cobras mitos e verdades,por-que-temos-medo-de-cobras,planejado,,pendente,,,,
CAL0439,26/03/2027,2027-03-26,Sex,3,ART2360,KW1360,como funciona o GPS do celular,Como funciona o GPS do celular?,"Tecnologia, IA e ciência",tecnologia-ia-e-ciencia,,,KW5729; KW5730; KW5731; KW5732; KW5733; KW5734; KW5735; KW5736,como funciona o GPS do celular explicado de forma simples; como funciona o GPS do celular entenda como funciona; como funciona o GPS do celular causas e explicação; como funciona o GPS do celular perguntas e respostas; como funciona o GPS do celular o que a ciência sabe; como funciona o GPS do celular curiosidades e fatos; como funciona o GPS do celular exemplos do dia a dia; como funciona o GPS do celular mitos e verdades,como-funciona-o-gps-do-celular,planejado,,pendente,,,,
CAL0440,27/03/2027,2027-03-27,Sab,1,ART2327,KW1327,o que acontece quando o Sol morrer,O que acontece quando o Sol morrer?,Universo e espaço,universo-e-espaco,,,KW5737; KW5738; KW5739; KW5740; KW5741; KW5742; KW5743; KW5744,o que acontece quando o Sol morrer explicado de forma simples; o que acontece quando o Sol morrer entenda como funciona; o que acontece quando o Sol morrer causas e explicação; o que acontece quando o Sol morrer perguntas e respostas; o que acontece quando o Sol morrer o que a ciência sabe; o que acontece quando o Sol morrer curiosidades e fatos; o que acontece quando o Sol morrer exemplos do dia a dia; o que acontece quando o Sol morrer mitos e verdades,o-que-acontece-quando-o-sol-morrer,planejado,,pendente,,,,
CAL0441,27/03/2027,2027-03-27,Sab,2,ART2242,KW1242,como funciona o tato,Como funciona o tato?,Corpo humano,corpo-humano,,,KW5745; KW5746; KW5747; KW5748; KW5749; KW5750; KW5751; KW5752,como funciona o tato explicado de forma simples; como funciona o tato entenda como funciona; como funciona o tato causas e explicação; como funciona o tato perguntas e respostas; como funciona o tato o que a ciência sabe; como funciona o tato curiosidades e fatos; como funciona o tato exemplos do dia a dia; como funciona o tato mitos e verdades,como-funciona-o-tato,planejado,,pendente,,,,
CAL0442,27/03/2027,2027-03-27,Sab,3,ART2364,KW1364,por que os sapos têm a pele úmida,Por que os sapos têm a pele úmida?,Animais,animais,,,KW5753; KW5754; KW5755; KW5756; KW5757; KW5758; KW5759; KW5760,por que os sapos têm a pele úmida explicado de forma simples; por que os sapos têm a pele úmida entenda como funciona; por que os sapos têm a pele úmida causas e explicação; por que os sapos têm a pele úmida perguntas e respostas; por que os sapos têm a pele úmida o que a ciência sabe; por que os sapos têm a pele úmida curiosidades e fatos; por que os sapos têm a pele úmida exemplos do dia a dia; por que os sapos têm a pele úmida mitos e verdades,por-que-os-sapos-tem-a-pele-umida,planejado,,pendente,,,,
CAL0443,28/03/2027,2027-03-28,Dom,1,ART2377,KW1377,por que o som viaja mais rápido na água,Por que o som viaja mais rápido na água?,Ciência e fenômenos,ciencia-e-fenomenos,,,KW5761; KW5762; KW5763; KW5764; KW5765; KW5766; KW5767; KW5768,por que o som viaja mais rápido na água explicado de forma simples; por que o som viaja mais rápido na água entenda como funciona; por que o som viaja mais rápido na água causas e explicação; por que o som viaja mais rápido na água perguntas e respostas; por que o som viaja mais rápido na água o que a ciência sabe; por que o som viaja mais rápido na água curiosidades e fatos; por que o som viaja mais rápido na água exemplos do dia a dia; por que o som viaja mais rápido na água mitos e verdades,por-que-o-som-viaja-mais-rapido-na-agua,planejado,,pendente,,,,
CAL0444,28/03/2027,2027-03-28,Dom,2,ART2229,KW1229,por que temos medo de avião,Por que temos medo de avião?,Psicologia e comportamento,psicologia-e-comportamento,,,KW5769; KW5770; KW5771; KW5772; KW5773; KW5774; KW5775; KW5776,por que temos medo de avião explicado de forma simples; por que temos medo de avião entenda como funciona; por que temos medo de avião causas e explicação; por que temos medo de avião perguntas e respostas; por que temos medo de avião o que a ciência sabe; por que temos medo de avião curiosidades e fatos; por que temos medo de avião exemplos do dia a dia; por que temos medo de avião mitos e verdades,por-que-temos-medo-de-aviao,planejado,,pendente,,,,
CAL0445,28/03/2027,2027-03-28,Dom,3,ART2366,KW1366,como funciona a geolocalização,Como funciona a geolocalização?,"Tecnologia, IA e ciência",tecnologia-ia-e-ciencia,,,KW5777; KW5778; KW5779; KW5780; KW5781; KW5782; KW5783; KW5784,como funciona a geolocalização explicado de forma simples; como funciona a geolocalização entenda como funciona; como funciona a geolocalização causas e explicação; como funciona a geolocalização perguntas e respostas; como funciona a geolocalização o que a ciência sabe; como funciona a geolocalização curiosidades e fatos; como funciona a geolocalização exemplos do dia a dia; como funciona a geolocalização mitos e verdades,como-funciona-a-geolocalizacao,planejado,,pendente,,,,
CAL0446,29/03/2027,2027-03-29,Seg,1,ART2333,KW1333,por que o Sol é amarelo,Por que o Sol é amarelo?,Universo e espaço,universo-e-espaco,,,KW5785; KW5786; KW5787; KW5788; KW5789; KW5790; KW5791; KW5792,por que o Sol é amarelo explicado de forma simples; por que o Sol é amarelo entenda como funciona; por que o Sol é amarelo causas e explicação; por que o Sol é amarelo perguntas e respostas; por que o Sol é amarelo o que a ciência sabe; por que o Sol é amarelo curiosidades e fatos; por que o Sol é amarelo exemplos do dia a dia; por que o Sol é amarelo mitos e verdades,por-que-o-sol-e-amarelo,planejado,,pendente,,,,
CAL0447,29/03/2027,2027-03-29,Seg,2,ART2248,KW1248,como funciona o equilíbrio do corpo,Como funciona o equilíbrio do corpo?,Corpo humano,corpo-humano,,,KW5793; KW5794; KW5795; KW5796; KW5797; KW5798; KW5799; KW5800,como funciona o equilíbrio do corpo explicado de forma simples; como funciona o equilíbrio do corpo entenda como funciona; como funciona o equilíbrio do corpo causas e explicação; como funciona o equilíbrio do corpo perguntas e respostas; como funciona o equilíbrio do corpo o que a ciência sabe; como funciona o equilíbrio do corpo curiosidades e fatos; como funciona o equilíbrio do corpo exemplos do dia a dia; como funciona o equilíbrio do corpo mitos e verdades,como-funciona-o-equilibrio-do-corpo,planejado,,pendente,,,,
CAL0448,29/03/2027,2027-03-29,Seg,3,ART2370,KW1370,como os sapos saltam,Como os sapos saltam?,Animais,animais,,,KW5801; KW5802; KW5803; KW5804; KW5805; KW5806; KW5807; KW5808,como os sapos saltam explicado de forma simples; como os sapos saltam entenda como funciona; como os sapos saltam causas e explicação; como os sapos saltam perguntas e respostas; como os sapos saltam o que a ciência sabe; como os sapos saltam curiosidades e fatos; como os sapos saltam exemplos do dia a dia; como os sapos saltam mitos e verdades,como-os-sapos-saltam,planejado,,pendente,,,,
CAL0449,30/03/2027,2027-03-30,Ter,1,ART2383,KW1383,o que é a velocidade do som,O que é a velocidade do som?,Ciência e fenômenos,ciencia-e-fenomenos,,,KW5809; KW5810; KW5811; KW5812; KW5813; KW5814; KW5815; KW5816,o que é a velocidade do som explicado de forma simples; o que é a velocidade do som entenda como funciona; o que é a velocidade do som causas e explicação; o que é a velocidade do som perguntas e respostas; o que é a velocidade do som o que a ciência sabe; o que é a velocidade do som curiosidades e fatos; o que é a velocidade do som exemplos do dia a dia; o que é a velocidade do som mitos e verdades,o-que-e-a-velocidade-do-som,planejado,,pendente,,,,
CAL0450,30/03/2027,2027-03-30,Ter,2,ART2235,KW1235,por que temos medo do desconhecido,Por que temos medo do desconhecido?,Psicologia e comportamento,psicologia-e-comportamento,,,KW5817; KW5818; KW5819; KW5820; KW5821; KW5822; KW5823; KW5824,por que temos medo do desconhecido explicado de forma simples; por que temos medo do desconhecido entenda como funciona; por que temos medo do desconhecido causas e explicação; por que temos medo do desconhecido perguntas e respostas; por que temos medo do desconhecido o que a ciência sabe; por que temos medo do desconhecido curiosidades e fatos; por que temos medo do desconhecido exemplos do dia a dia; por que temos medo do desconhecido mitos e verdades,por-que-temos-medo-do-desconhecido,planejado,,pendente,,,,
CAL0451,30/03/2027,2027-03-30,Ter,3,ART2372,KW1372,como funciona um smartphone,Como funciona um smartphone?,"Tecnologia, IA e ciência",tecnologia-ia-e-ciencia,,,KW5825; KW5826; KW5827; KW5828; KW5829; KW5830; KW5831; KW5832,como funciona um smartphone explicado de forma simples; como funciona um smartphone entenda como funciona; como funciona um smartphone causas e explicação; como funciona um smartphone perguntas e respostas; como funciona um smartphone o que a ciência sabe; como funciona um smartphone curiosidades e fatos; como funciona um smartphone exemplos do dia a dia; como funciona um smartphone mitos e verdades,como-funciona-um-smartphone,planejado,,pendente,,,,
CAL0452,31/03/2027,2027-03-31,Qua,1,ART2339,KW1339,o que é uma anã branca,O que é uma anã branca?,Universo e espaço,universo-e-espaco,,,KW5833; KW5834; KW5835; KW5836; KW5837; KW5838; KW5839; KW5840,o que é uma anã branca explicado de forma simples; o que é uma anã branca entenda como funciona; o que é uma anã branca causas e explicação; o que é uma anã branca perguntas e respostas; o que é uma anã branca o que a ciência sabe; o que é uma anã branca curiosidades e fatos; o que é uma anã branca exemplos do dia a dia; o que é uma anã branca mitos e verdades,o-que-e-uma-ana-branca,planejado,,pendente,,,,
CAL0453,31/03/2027,2027-03-31,Qua,2,ART2254,KW1254,como funciona o ouvido,Como funciona o ouvido?,Corpo humano,corpo-humano,,,KW5841; KW5842; KW5843; KW5844; KW5845; KW5846; KW5847; KW5848,como funciona o ouvido explicado de forma simples; como funciona o ouvido entenda como funciona; como funciona o ouvido causas e explicação; como funciona o ouvido perguntas e respostas; como funciona o ouvido o que a ciência sabe; como funciona o ouvido curiosidades e fatos; como funciona o ouvido exemplos do dia a dia; como funciona o ouvido mitos e verdades,como-funciona-o-ouvido,planejado,,pendente,,,,
CAL0454,31/03/2027,2027-03-31,Qua,3,ART2376,KW1376,como as rãs respiram,Como as rãs respiram?,Animais,animais,,,KW5849; KW5850; KW5851; KW5852; KW5853; KW5854; KW5855; KW5856,como as rãs respiram explicado de forma simples; como as rãs respiram entenda como funciona; como as rãs respiram causas e explicação; como as rãs respiram perguntas e respostas; como as rãs respiram o que a ciência sabe; como as rãs respiram curiosidades e fatos; como as rãs respiram exemplos do dia a dia; como as rãs respiram mitos e verdades,como-as-ras-respiram,planejado,,pendente,,,,
CAL0455,01/04/2027,2027-04-01,Qui,1,ART2389,KW1389,o que é o estrondo sônico,O que é o estrondo sônico?,Ciência e fenômenos,ciencia-e-fenomenos,,,KW5857; KW5858; KW5859; KW5860; KW5861; KW5862; KW5863; KW5864,o que é o estrondo sônico explicado de forma simples; o que é o estrondo sônico entenda como funciona; o que é o estrondo sônico causas e explicação; o que é o estrondo sônico perguntas e respostas; o que é o estrondo sônico o que a ciência sabe; o que é o estrondo sônico curiosidades e fatos; o que é o estrondo sônico exemplos do dia a dia; o que é o estrondo sônico mitos e verdades,o-que-e-o-estrondo-sonico,planejado,,pendente,,,,
CAL0456,01/04/2027,2027-04-01,Qui,2,ART2241,KW1241,o que é viés de confirmação,O que é viés de confirmação?,Psicologia e comportamento,psicologia-e-comportamento,,,KW5865; KW5866; KW5867; KW5868; KW5869; KW5870; KW5871; KW5872,o que é viés de confirmação explicado de forma simples; o que é viés de confirmação entenda como funciona; o que é viés de confirmação causas e explicação; o que é viés de confirmação perguntas e respostas; o que é viés de confirmação o que a ciência sabe; o que é viés de confirmação curiosidades e fatos; o que é viés de confirmação exemplos do dia a dia; o que é viés de confirmação mitos e verdades,o-que-e-vies-de-confirmacao,planejado,,pendente,,,,
CAL0457,01/04/2027,2027-04-01,Qui,3,ART2378,KW1378,como funciona a tela sensível ao toque,Como funciona a tela sensível ao toque?,"Tecnologia, IA e ciência",tecnologia-ia-e-ciencia,,,KW5873; KW5874; KW5875; KW5876; KW5877; KW5878; KW5879; KW5880,como funciona a tela sensível ao toque explicado de forma simples; como funciona a tela sensível ao toque entenda como funciona; como funciona a tela sensível ao toque causas e explicação; como funciona a tela sensível ao toque perguntas e respostas; como funciona a tela sensível ao toque o que a ciência sabe; como funciona a tela sensível ao toque curiosidades e fatos; como funciona a tela sensível ao toque exemplos do dia a dia; como funciona a tela sensível ao toque mitos e verdades,como-funciona-a-tela-sensivel-ao-toque,planejado,,pendente,,,,
CAL0458,02/04/2027,2027-04-02,Sex,1,ART2345,KW1345,o que é uma estrela de nêutrons,O que é uma estrela de nêutrons?,Universo e espaço,universo-e-espaco,,,KW5881; KW5882; KW5883; KW5884; KW5885; KW5886; KW5887; KW5888,o que é uma estrela de nêutrons explicado de forma simples; o que é uma estrela de nêutrons entenda como funciona; o que é uma estrela de nêutrons causas e explicação; o que é uma estrela de nêutrons perguntas e respostas; o que é uma estrela de nêutrons o que a ciência sabe; o que é uma estrela de nêutrons curiosidades e fatos; o que é uma estrela de nêutrons exemplos do dia a dia; o que é uma estrela de nêutrons mitos e verdades,o-que-e-uma-estrela-de-neutrons,planejado,,pendente,,,,
CAL0459,02/04/2027,2027-04-02,Sex,2,ART2260,KW1260,como funciona o olho humano,Como funciona o olho humano?,Corpo humano,corpo-humano,,,KW5889; KW5890; KW5891; KW5892; KW5893; KW5894; KW5895; KW5896,como funciona o olho humano explicado de forma simples; como funciona o olho humano entenda como funciona; como funciona o olho humano causas e explicação; como funciona o olho humano perguntas e respostas; como funciona o olho humano o que a ciência sabe; como funciona o olho humano curiosidades e fatos; como funciona o olho humano exemplos do dia a dia; como funciona o olho humano mitos e verdades,como-funciona-o-olho-humano,planejado,,pendente,,,,
CAL0460,02/04/2027,2027-04-02,Sex,3,ART2382,KW1382,por que as salamandras regeneram partes do corpo,Por que as salamandras regeneram partes do corpo?,Animais,animais,,,KW5897; KW5898; KW5899; KW5900; KW5901; KW5902; KW5903; KW5904,por que as salamandras regeneram partes do corpo explicado de forma simples; por que as salamandras regeneram partes do corpo entenda como funciona; por que as salamandras regeneram partes do corpo causas e explicação; por que as salamandras regeneram partes do corpo perguntas e respostas; por que as salamandras regeneram partes do corpo o que a ciência sabe; por que as salamandras regeneram partes do corpo curiosidades e fatos; por que as salamandras regeneram partes do corpo exemplos do dia a dia; por que as salamandras regeneram partes do corpo mitos e verdades,por-que-as-salamandras-regeneram-partes-do-corpo,planejado,,pendente,,,,
CAL0461,03/04/2027,2027-04-03,Sab,1,ART2395,KW1395,o que é ultrassom,O que é ultrassom?,Ciência e fenômenos,ciencia-e-fenomenos,,,KW5905; KW5906; KW5907; KW5908; KW5909; KW5910; KW5911; KW5912,o que é ultrassom explicado de forma simples; o que é ultrassom entenda como funciona; o que é ultrassom causas e explicação; o que é ultrassom perguntas e respostas; o que é ultrassom o que a ciência sabe; o que é ultrassom curiosidades e fatos; o que é ultrassom exemplos do dia a dia; o que é ultrassom mitos e verdades,o-que-e-ultrassom,planejado,,pendente,,,,
CAL0462,03/04/2027,2027-04-03,Sab,2,ART2247,KW1247,o que é o efeito halo,O que é o efeito halo?,Psicologia e comportamento,psicologia-e-comportamento,,,KW5913; KW5914; KW5915; KW5916; KW5917; KW5918; KW5919; KW5920,o que é o efeito halo explicado de forma simples; o que é o efeito halo entenda como funciona; o que é o efeito halo causas e explicação; o que é o efeito halo perguntas e respostas; o que é o efeito halo o que a ciência sabe; o que é o efeito halo curiosidades e fatos; o que é o efeito halo exemplos do dia a dia; o que é o efeito halo mitos e verdades,o-que-e-o-efeito-halo,planejado,,pendente,,,,
CAL0463,03/04/2027,2027-04-03,Sab,3,ART2384,KW1384,como funciona a câmera do celular,Como funciona a câmera do celular?,"Tecnologia, IA e ciência",tecnologia-ia-e-ciencia,,,KW5921; KW5922; KW5923; KW5924; KW5925; KW5926; KW5927; KW5928,como funciona a câmera do celular explicado de forma simples; como funciona a câmera do celular entenda como funciona; como funciona a câmera do celular causas e explicação; como funciona a câmera do celular perguntas e respostas; como funciona a câmera do celular o que a ciência sabe; como funciona a câmera do celular curiosidades e fatos; como funciona a câmera do celular exemplos do dia a dia; como funciona a câmera do celular mitos e verdades,como-funciona-a-camera-do-celular,planejado,,pendente,,,,
CAL0464,04/04/2027,2027-04-04,Dom,1,ART2351,KW1351,o que é um pulsar,O que é um pulsar?,Universo e espaço,universo-e-espaco,,,KW5929; KW5930; KW5931; KW5932; KW5933; KW5934; KW5935; KW5936,o que é um pulsar explicado de forma simples; o que é um pulsar entenda como funciona; o que é um pulsar causas e explicação; o que é um pulsar perguntas e respostas; o que é um pulsar o que a ciência sabe; o que é um pulsar curiosidades e fatos; o que é um pulsar exemplos do dia a dia; o que é um pulsar mitos e verdades,o-que-e-um-pulsar,planejado,,pendente,,,,
CAL0465,04/04/2027,2027-04-04,Dom,2,ART2266,KW1266,como funcionam os dentes,Como funcionam os dentes?,Corpo humano,corpo-humano,,,KW5937; KW5938; KW5939; KW5940; KW5941; KW5942; KW5943; KW5944,como funcionam os dentes explicado de forma simples; como funcionam os dentes entenda como funciona; como funcionam os dentes causas e explicação; como funcionam os dentes perguntas e respostas; como funcionam os dentes o que a ciência sabe; como funcionam os dentes curiosidades e fatos; como funcionam os dentes exemplos do dia a dia; como funcionam os dentes mitos e verdades,como-funcionam-os-dentes,planejado,,pendente,,,,
CAL0466,04/04/2027,2027-04-04,Dom,3,ART2388,KW1388,como os tubarões nadam sem parar,Como os tubarões nadam sem parar?,Animais,animais,,,KW5945; KW5946; KW5947; KW5948; KW5949; KW5950; KW5951; KW5952,como os tubarões nadam sem parar explicado de forma simples; como os tubarões nadam sem parar entenda como funciona; como os tubarões nadam sem parar causas e explicação; como os tubarões nadam sem parar perguntas e respostas; como os tubarões nadam sem parar o que a ciência sabe; como os tubarões nadam sem parar curiosidades e fatos; como os tubarões nadam sem parar exemplos do dia a dia; como os tubarões nadam sem parar mitos e verdades,como-os-tubaroes-nadam-sem-parar,planejado,,pendente,,,,
CAL0467,05/04/2027,2027-04-05,Seg,1,ART2401,KW1401,o que é o efeito Doppler,O que é o efeito Doppler?,Ciência e fenômenos,ciencia-e-fenomenos,,,KW5953; KW5954; KW5955; KW5956; KW5957; KW5958; KW5959; KW5960,o que é o efeito Doppler explicado de forma simples; o que é o efeito Doppler entenda como funciona; o que é o efeito Doppler causas e explicação; o que é o efeito Doppler perguntas e respostas; o que é o efeito Doppler o que a ciência sabe; o que é o efeito Doppler curiosidades e fatos; o que é o efeito Doppler exemplos do dia a dia; o que é o efeito Doppler mitos e verdades,o-que-e-o-efeito-doppler,planejado,,pendente,,,,
CAL0468,05/04/2027,2027-04-05,Seg,2,ART2253,KW1253,o que é o efeito dunning-kruger,O que é o efeito dunning-kruger?,Psicologia e comportamento,psicologia-e-comportamento,,,KW5961; KW5962; KW5963; KW5964; KW5965; KW5966; KW5967; KW5968,o que é o efeito dunning-kruger explicado de forma simples; o que é o efeito dunning-kruger entenda como funciona; o que é o efeito dunning-kruger causas e explicação; o que é o efeito dunning-kruger perguntas e respostas; o que é o efeito dunning-kruger o que a ciência sabe; o que é o efeito dunning-kruger curiosidades e fatos; o que é o efeito dunning-kruger exemplos do dia a dia; o que é o efeito dunning-kruger mitos e verdades,o-que-e-o-efeito-dunning-kruger,planejado,,pendente,,,,
CAL0469,05/04/2027,2027-04-05,Seg,3,ART2390,KW1390,como funciona a biometria facial,Como funciona a biometria facial?,"Tecnologia, IA e ciência",tecnologia-ia-e-ciencia,,,KW5969; KW5970; KW5971; KW5972; KW5973; KW5974; KW5975; KW5976,como funciona a biometria facial explicado de forma simples; como funciona a biometria facial entenda como funciona; como funciona a biometria facial causas e explicação; como funciona a biometria facial perguntas e respostas; como funciona a biometria facial o que a ciência sabe; como funciona a biometria facial curiosidades e fatos; como funciona a biometria facial exemplos do dia a dia; como funciona a biometria facial mitos e verdades,como-funciona-a-biometria-facial,planejado,,pendente,,,,
CAL0470,06/04/2027,2027-04-06,Ter,1,ART2357,KW1357,o que é um quasar,O que é um quasar?,Universo e espaço,universo-e-espaco,,,KW5977; KW5978; KW5979; KW5980; KW5981; KW5982; KW5983; KW5984,o que é um quasar explicado de forma simples; o que é um quasar entenda como funciona; o que é um quasar causas e explicação; o que é um quasar perguntas e respostas; o que é um quasar o que a ciência sabe; o que é um quasar curiosidades e fatos; o que é um quasar exemplos do dia a dia; o que é um quasar mitos e verdades,o-que-e-um-quasar,planejado,,pendente,,,,
CAL0471,06/04/2027,2027-04-06,Ter,2,ART2272,KW1272,como funciona a saliva,Como funciona a saliva?,Corpo humano,corpo-humano,,,KW5985; KW5986; KW5987; KW5988; KW5989; KW5990; KW5991; KW5992,como funciona a saliva explicado de forma simples; como funciona a saliva entenda como funciona; como funciona a saliva causas e explicação; como funciona a saliva perguntas e respostas; como funciona a saliva o que a ciência sabe; como funciona a saliva curiosidades e fatos; como funciona a saliva exemplos do dia a dia; como funciona a saliva mitos e verdades,como-funciona-a-saliva,planejado,,pendente,,,,
CAL0472,06/04/2027,2027-04-06,Ter,3,ART2394,KW1394,por que os tubarões perdem dentes,Por que os tubarões perdem dentes?,Animais,animais,,,KW5993; KW5994; KW5995; KW5996; KW5997; KW5998; KW5999; KW6000,por que os tubarões perdem dentes explicado de forma simples; por que os tubarões perdem dentes entenda como funciona; por que os tubarões perdem dentes causas e explicação; por que os tubarões perdem dentes perguntas e respostas; por que os tubarões perdem dentes o que a ciência sabe; por que os tubarões perdem dentes curiosidades e fatos; por que os tubarões perdem dentes exemplos do dia a dia; por que os tubarões perdem dentes mitos e verdades,por-que-os-tubaroes-perdem-dentes,planejado,,pendente,,,,
CAL0473,07/04/2027,2027-04-07,Qua,1,ART2407,KW1407,o que é o espectro eletromagnético,O que é o espectro eletromagnético?,Ciência e fenômenos,ciencia-e-fenomenos,,,KW6001; KW6002; KW6003; KW6004; KW6005; KW6006; KW6007; KW6008,o que é o espectro eletromagnético explicado de forma simples; o que é o espectro eletromagnético entenda como funciona; o que é o espectro eletromagnético causas e explicação; o que é o espectro eletromagnético perguntas e respostas; o que é o espectro eletromagnético o que a ciência sabe; o que é o espectro eletromagnético curiosidades e fatos; o que é o espectro eletromagnético exemplos do dia a dia; o que é o espectro eletromagnético mitos e verdades,o-que-e-o-espectro-eletromagnetico,planejado,,pendente,,,,
CAL0474,07/04/2027,2027-04-07,Qua,2,ART2259,KW1259,o que é o efeito placebo,O que é o efeito placebo?,Psicologia e comportamento,psicologia-e-comportamento,,,KW6009; KW6010; KW6011; KW6012; KW6013; KW6014; KW6015; KW6016,o que é o efeito placebo explicado de forma simples; o que é o efeito placebo entenda como funciona; o que é o efeito placebo causas e explicação; o que é o efeito placebo perguntas e respostas; o que é o efeito placebo o que a ciência sabe; o que é o efeito placebo curiosidades e fatos; o que é o efeito placebo exemplos do dia a dia; o que é o efeito placebo mitos e verdades,o-que-e-o-efeito-placebo,planejado,,pendente,,,,
CAL0475,07/04/2027,2027-04-07,Qua,3,ART2396,KW1396,como funciona a leitura de impressão digital,Como funciona a leitura de impressão digital?,"Tecnologia, IA e ciência",tecnologia-ia-e-ciencia,,,KW6017; KW6018; KW6019; KW6020; KW6021; KW6022; KW6023; KW6024,como funciona a leitura de impressão digital explicado de forma simples; como funciona a leitura de impressão digital entenda como funciona; como funciona a leitura de impressão digital causas e explicação; como funciona a leitura de impressão digital perguntas e respostas; como funciona a leitura de impressão digital o que a ciência sabe; como funciona a leitura de impressão digital curiosidades e fatos; como funciona a leitura de impressão digital exemplos do dia a dia; como funciona a leitura de impressão digital mitos e verdades,como-funciona-a-leitura-de-impressao-digital,planejado,,pendente,,,,
CAL0476,08/04/2027,2027-04-08,Qui,1,ART2363,KW1363,o que é uma gigante vermelha,O que é uma gigante vermelha?,Universo e espaço,universo-e-espaco,,,KW6025; KW6026; KW6027; KW6028; KW6029; KW6030; KW6031; KW6032,o que é uma gigante vermelha explicado de forma simples; o que é uma gigante vermelha entenda como funciona; o que é uma gigante vermelha causas e explicação; o que é uma gigante vermelha perguntas e respostas; o que é uma gigante vermelha o que a ciência sabe; o que é uma gigante vermelha curiosidades e fatos; o que é uma gigante vermelha exemplos do dia a dia; o que é uma gigante vermelha mitos e verdades,o-que-e-uma-gigante-vermelha,planejado,,pendente,,,,
CAL0477,08/04/2027,2027-04-08,Qui,2,ART2278,KW1278,como funciona a voz,Como funciona a voz?,Corpo humano,corpo-humano,,,KW6033; KW6034; KW6035; KW6036; KW6037; KW6038; KW6039; KW6040,como funciona a voz explicado de forma simples; como funciona a voz entenda como funciona; como funciona a voz causas e explicação; como funciona a voz perguntas e respostas; como funciona a voz o que a ciência sabe; como funciona a voz curiosidades e fatos; como funciona a voz exemplos do dia a dia; como funciona a voz mitos e verdades,como-funciona-a-voz,planejado,,pendente,,,,
CAL0478,08/04/2027,2027-04-08,Qui,3,ART2400,KW1400,por que as baleias cantam,Por que as baleias cantam?,Animais,animais,,,KW6041; KW6042; KW6043; KW6044; KW6045; KW6046; KW6047; KW6048,por que as baleias cantam explicado de forma simples; por que as baleias cantam entenda como funciona; por que as baleias cantam causas e explicação; por que as baleias cantam perguntas e respostas; por que as baleias cantam o que a ciência sabe; por que as baleias cantam curiosidades e fatos; por que as baleias cantam exemplos do dia a dia; por que as baleias cantam mitos e verdades,por-que-as-baleias-cantam,planejado,,pendente,,,,
CAL0479,09/04/2027,2027-04-09,Sex,1,ART2413,KW1413,o que é o infravermelho,O que é o infravermelho?,Ciência e fenômenos,ciencia-e-fenomenos,,,KW6049; KW6050; KW6051; KW6052; KW6053; KW6054; KW6055; KW6056,o que é o infravermelho explicado de forma simples; o que é o infravermelho entenda como funciona; o que é o infravermelho causas e explicação; o que é o infravermelho perguntas e respostas; o que é o infravermelho o que a ciência sabe; o que é o infravermelho curiosidades e fatos; o que é o infravermelho exemplos do dia a dia; o que é o infravermelho mitos e verdades,o-que-e-o-infravermelho,planejado,,pendente,,,,
CAL0480,09/04/2027,2027-04-09,Sex,2,ART2265,KW1265,o que é o efeito nocebo,O que é o efeito nocebo?,Psicologia e comportamento,psicologia-e-comportamento,,,KW6057; KW6058; KW6059; KW6060; KW6061; KW6062; KW6063; KW6064,o que é o efeito nocebo explicado de forma simples; o que é o efeito nocebo entenda como funciona; o que é o efeito nocebo causas e explicação; o que é o efeito nocebo perguntas e respostas; o que é o efeito nocebo o que a ciência sabe; o que é o efeito nocebo curiosidades e fatos; o que é o efeito nocebo exemplos do dia a dia; o que é o efeito nocebo mitos e verdades,o-que-e-o-efeito-nocebo,planejado,,pendente,,,,
CAL0481,09/04/2027,2027-04-09,Sex,3,ART2402,KW1402,como funciona a tela OLED,Como funciona a tela OLED?,"Tecnologia, IA e ciência",tecnologia-ia-e-ciencia,,,KW6065; KW6066; KW6067; KW6068; KW6069; KW6070; KW6071; KW6072,como funciona a tela OLED explicado de forma simples; como funciona a tela OLED entenda como funciona; como funciona a tela OLED causas e explicação; como funciona a tela OLED perguntas e respostas; como funciona a tela OLED o que a ciência sabe; como funciona a tela OLED curiosidades e fatos; como funciona a tela OLED exemplos do dia a dia; como funciona a tela OLED mitos e verdades,como-funciona-a-tela-oled,planejado,,pendente,,,,
CAL0482,10/04/2027,2027-04-10,Sab,1,ART2369,KW1369,o que é uma anã vermelha,O que é uma anã vermelha?,Universo e espaço,universo-e-espaco,,,KW6073; KW6074; KW6075; KW6076; KW6077; KW6078; KW6079; KW6080,o que é uma anã vermelha explicado de forma simples; o que é uma anã vermelha entenda como funciona; o que é uma anã vermelha causas e explicação; o que é uma anã vermelha perguntas e respostas; o que é uma anã vermelha o que a ciência sabe; o que é uma anã vermelha curiosidades e fatos; o que é uma anã vermelha exemplos do dia a dia; o que é uma anã vermelha mitos e verdades,o-que-e-uma-ana-vermelha,planejado,,pendente,,,,
CAL0483,10/04/2027,2027-04-10,Sab,2,ART2284,KW1284,por que os olhos ficam vermelhos,Por que os olhos ficam vermelhos?,Corpo humano,corpo-humano,,,KW6081; KW6082; KW6083; KW6084; KW6085; KW6086; KW6087; KW6088,por que os olhos ficam vermelhos explicado de forma simples; por que os olhos ficam vermelhos entenda como funciona; por que os olhos ficam vermelhos causas e explicação; por que os olhos ficam vermelhos perguntas e respostas; por que os olhos ficam vermelhos o que a ciência sabe; por que os olhos ficam vermelhos curiosidades e fatos; por que os olhos ficam vermelhos exemplos do dia a dia; por que os olhos ficam vermelhos mitos e verdades,por-que-os-olhos-ficam-vermelhos,planejado,,pendente,,,,
CAL0484,10/04/2027,2027-04-10,Sab,3,ART2406,KW1406,por que os golfinhos pulam fora da água,Por que os golfinhos pulam fora da água?,Animais,animais,,,KW6089; KW6090; KW6091; KW6092; KW6093; KW6094; KW6095; KW6096,por que os golfinhos pulam fora da água explicado de forma simples; por que os golfinhos pulam fora da água entenda como funciona; por que os golfinhos pulam fora da água causas e explicação; por que os golfinhos pulam fora da água perguntas e respostas; por que os golfinhos pulam fora da água o que a ciência sabe; por que os golfinhos pulam fora da água curiosidades e fatos; por que os golfinhos pulam fora da água exemplos do dia a dia; por que os golfinhos pulam fora da água mitos e verdades,por-que-os-golfinhos-pulam-fora-da-agua,planejado,,pendente,,,,
CAL0485,11/04/2027,2027-04-11,Dom,1,ART2419,KW1419,o que são os raios X,O que são os raios X?,Ciência e fenômenos,ciencia-e-fenomenos,,,KW6097; KW6098; KW6099; KW6100; KW6101; KW6102; KW6103; KW6104,o que são os raios X explicado de forma simples; o que são os raios X entenda como funciona; o que são os raios X causas e explicação; o que são os raios X perguntas e respostas; o que são os raios X o que a ciência sabe; o que são os raios X curiosidades e fatos; o que são os raios X exemplos do dia a dia; o que são os raios X mitos e verdades,o-que-sao-os-raios-x,planejado,,pendente,,,,
CAL0486,11/04/2027,2027-04-11,Dom,2,ART2271,KW1271,o que é o efeito manada,O que é o efeito manada?,Psicologia e comportamento,psicologia-e-comportamento,,,KW6105; KW6106; KW6107; KW6108; KW6109; KW6110; KW6111; KW6112,o que é o efeito manada explicado de forma simples; o que é o efeito manada entenda como funciona; o que é o efeito manada causas e explicação; o que é o efeito manada perguntas e respostas; o que é o efeito manada o que a ciência sabe; o que é o efeito manada curiosidades e fatos; o que é o efeito manada exemplos do dia a dia; o que é o efeito manada mitos e verdades,o-que-e-o-efeito-manada,planejado,,pendente,,,,
CAL0487,11/04/2027,2027-04-11,Dom,3,ART2408,KW1408,como funciona a tela de LCD,Como funciona a tela de LCD?,"Tecnologia, IA e ciência",tecnologia-ia-e-ciencia,,,KW6113; KW6114; KW6115; KW6116; KW6117; KW6118; KW6119; KW6120,como funciona a tela de LCD explicado de forma simples; como funciona a tela de LCD entenda como funciona; como funciona a tela de LCD causas e explicação; como funciona a tela de LCD perguntas e respostas; como funciona a tela de LCD o que a ciência sabe; como funciona a tela de LCD curiosidades e fatos; como funciona a tela de LCD exemplos do dia a dia; como funciona a tela de LCD mitos e verdades,como-funciona-a-tela-de-lcd,planejado,,pendente,,,,
CAL0488,12/04/2027,2027-04-12,Seg,1,ART2375,KW1375,o que é um sistema binário de estrelas,O que é um sistema binário de estrelas?,Universo e espaço,universo-e-espaco,,,KW6121; KW6122; KW6123; KW6124; KW6125; KW6126; KW6127; KW6128,o que é um sistema binário de estrelas explicado de forma simples; o que é um sistema binário de estrelas entenda como funciona; o que é um sistema binário de estrelas causas e explicação; o que é um sistema binário de estrelas perguntas e respostas; o que é um sistema binário de estrelas o que a ciência sabe; o que é um sistema binário de estrelas curiosidades e fatos; o que é um sistema binário de estrelas exemplos do dia a dia; o que é um sistema binário de estrelas mitos e verdades,o-que-e-um-sistema-binario-de-estrelas,planejado,,pendente,,,,
CAL0489,12/04/2027,2027-04-12,Seg,2,ART2290,KW1290,por que temos olheiras,Por que temos olheiras?,Corpo humano,corpo-humano,,,KW6129; KW6130; KW6131; KW6132; KW6133; KW6134; KW6135; KW6136,por que temos olheiras explicado de forma simples; por que temos olheiras entenda como funciona; por que temos olheiras causas e explicação; por que temos olheiras perguntas e respostas; por que temos olheiras o que a ciência sabe; por que temos olheiras curiosidades e fatos; por que temos olheiras exemplos do dia a dia; por que temos olheiras mitos e verdades,por-que-temos-olheiras,planejado,,pendente,,,,
CAL0490,12/04/2027,2027-04-12,Seg,3,ART2412,KW1412,por que os polvos têm três corações,Por que os polvos têm três corações?,Animais,animais,,,KW6137; KW6138; KW6139; KW6140; KW6141; KW6142; KW6143; KW6144,por que os polvos têm três corações explicado de forma simples; por que os polvos têm três corações entenda como funciona; por que os polvos têm três corações causas e explicação; por que os polvos têm três corações perguntas e respostas; por que os polvos têm três corações o que a ciência sabe; por que os polvos têm três corações curiosidades e fatos; por que os polvos têm três corações exemplos do dia a dia; por que os polvos têm três corações mitos e verdades,por-que-os-polvos-tem-tres-coracoes,planejado,,pendente,,,,
CAL0491,13/04/2027,2027-04-13,Ter,1,ART2425,KW1425,o que são as ondas de rádio,O que são as ondas de rádio?,Ciência e fenômenos,ciencia-e-fenomenos,,,KW6145; KW6146; KW6147; KW6148; KW6149; KW6150; KW6151; KW6152,o que são as ondas de rádio explicado de forma simples; o que são as ondas de rádio entenda como funciona; o que são as ondas de rádio causas e explicação; o que são as ondas de rádio perguntas e respostas; o que são as ondas de rádio o que a ciência sabe; o que são as ondas de rádio curiosidades e fatos; o que são as ondas de rádio exemplos do dia a dia; o que são as ondas de rádio mitos e verdades,o-que-sao-as-ondas-de-radio,planejado,,pendente,,,,
CAL0492,13/04/2027,2027-04-13,Ter,2,ART2277,KW1277,o que é viés de ancoragem,O que é viés de ancoragem?,Psicologia e comportamento,psicologia-e-comportamento,,,KW6153; KW6154; KW6155; KW6156; KW6157; KW6158; KW6159; KW6160,o que é viés de ancoragem explicado de forma simples; o que é viés de ancoragem entenda como funciona; o que é viés de ancoragem causas e explicação; o que é viés de ancoragem perguntas e respostas; o que é viés de ancoragem o que a ciência sabe; o que é viés de ancoragem curiosidades e fatos; o que é viés de ancoragem exemplos do dia a dia; o que é viés de ancoragem mitos e verdades,o-que-e-vies-de-ancoragem,planejado,,pendente,,,,
CAL0493,13/04/2027,2027-04-13,Ter,3,ART2414,KW1414,como funciona a bateria do celular,Como funciona a bateria do celular?,"Tecnologia, IA e ciência",tecnologia-ia-e-ciencia,,,KW6161; KW6162; KW6163; KW6164; KW6165; KW6166; KW6167; KW6168,como funciona a bateria do celular explicado de forma simples; como funciona a bateria do celular entenda como funciona; como funciona a bateria do celular causas e explicação; como funciona a bateria do celular perguntas e respostas; como funciona a bateria do celular o que a ciência sabe; como funciona a bateria do celular curiosidades e fatos; como funciona a bateria do celular exemplos do dia a dia; como funciona a bateria do celular mitos e verdades,como-funciona-a-bateria-do-celular,planejado,,pendente,,,,
CAL0494,14/04/2027,2027-04-14,Qua,1,ART2381,KW1381,o que são constelações,O que são constelações?,Universo e espaço,universo-e-espaco,,,KW6169; KW6170; KW6171; KW6172; KW6173; KW6174; KW6175; KW6176,o que são constelações explicado de forma simples; o que são constelações entenda como funciona; o que são constelações causas e explicação; o que são constelações perguntas e respostas; o que são constelações o que a ciência sabe; o que são constelações curiosidades e fatos; o que são constelações exemplos do dia a dia; o que são constelações mitos e verdades,o-que-sao-constelacoes,planejado,,pendente,,,,
CAL0495,14/04/2027,2027-04-14,Qua,2,ART2296,KW1296,por que lacrimejamos ao cortar cebola,Por que lacrimejamos ao cortar cebola?,Corpo humano,corpo-humano,,,KW6177; KW6178; KW6179; KW6180; KW6181; KW6182; KW6183; KW6184,por que lacrimejamos ao cortar cebola explicado de forma simples; por que lacrimejamos ao cortar cebola entenda como funciona; por que lacrimejamos ao cortar cebola causas e explicação; por que lacrimejamos ao cortar cebola perguntas e respostas; por que lacrimejamos ao cortar cebola o que a ciência sabe; por que lacrimejamos ao cortar cebola curiosidades e fatos; por que lacrimejamos ao cortar cebola exemplos do dia a dia; por que lacrimejamos ao cortar cebola mitos e verdades,por-que-lacrimejamos-ao-cortar-cebola,planejado,,pendente,,,,
CAL0496,14/04/2027,2027-04-14,Qua,3,ART2418,KW1418,por que as águas-vivas brilham,Por que as águas-vivas brilham?,Animais,animais,,,KW6185; KW6186; KW6187; KW6188; KW6189; KW6190; KW6191; KW6192,por que as águas-vivas brilham explicado de forma simples; por que as águas-vivas brilham entenda como funciona; por que as águas-vivas brilham causas e explicação; por que as águas-vivas brilham perguntas e respostas; por que as águas-vivas brilham o que a ciência sabe; por que as águas-vivas brilham curiosidades e fatos; por que as águas-vivas brilham exemplos do dia a dia; por que as águas-vivas brilham mitos e verdades,por-que-as-aguas-vivas-brilham,planejado,,pendente,,,,
CAL0497,15/04/2027,2027-04-15,Qui,1,ART2431,KW1431,o que é radiação,O que é radiação?,Ciência e fenômenos,ciencia-e-fenomenos,,,KW6193; KW6194; KW6195; KW6196; KW6197; KW6198; KW6199; KW6200,o que é radiação explicado de forma simples; o que é radiação entenda como funciona; o que é radiação causas e explicação; o que é radiação perguntas e respostas; o que é radiação o que a ciência sabe; o que é radiação curiosidades e fatos; o que é radiação exemplos do dia a dia; o que é radiação mitos e verdades,o-que-e-radiacao,planejado,,pendente,,,,
CAL0498,15/04/2027,2027-04-15,Qui,2,ART2283,KW1283,o que é viés de disponibilidade,O que é viés de disponibilidade?,Psicologia e comportamento,psicologia-e-comportamento,,,KW6201; KW6202; KW6203; KW6204; KW6205; KW6206; KW6207; KW6208,o que é viés de disponibilidade explicado de forma simples; o que é viés de disponibilidade entenda como funciona; o que é viés de disponibilidade causas e explicação; o que é viés de disponibilidade perguntas e respostas; o que é viés de disponibilidade o que a ciência sabe; o que é viés de disponibilidade curiosidades e fatos; o que é viés de disponibilidade exemplos do dia a dia; o que é viés de disponibilidade mitos e verdades,o-que-e-vies-de-disponibilidade,planejado,,pendente,,,,
CAL0499,15/04/2027,2027-04-15,Qui,3,ART2420,KW1420,como funciona a carga rápida,Como funciona a carga rápida?,"Tecnologia, IA e ciência",tecnologia-ia-e-ciencia,,,KW6209; KW6210; KW6211; KW6212; KW6213; KW6214; KW6215; KW6216,como funciona a carga rápida explicado de forma simples; como funciona a carga rápida entenda como funciona; como funciona a carga rápida causas e explicação; como funciona a carga rápida perguntas e respostas; como funciona a carga rápida o que a ciência sabe; como funciona a carga rápida curiosidades e fatos; como funciona a carga rápida exemplos do dia a dia; como funciona a carga rápida mitos e verdades,como-funciona-a-carga-rapida,planejado,,pendente,,,,
CAL0500,16/04/2027,2027-04-16,Sex,1,ART2387,KW1387,como surgiram as constelações,Como surgiram as constelações?,Universo e espaço,universo-e-espaco,,,KW6217; KW6218; KW6219; KW6220; KW6221; KW6222; KW6223; KW6224,como surgiram as constelações explicado de forma simples; como surgiram as constelações entenda como funciona; como surgiram as constelações causas e explicação; como surgiram as constelações perguntas e respostas; como surgiram as constelações o que a ciência sabe; como surgiram as constelações curiosidades e fatos; como surgiram as constelações exemplos do dia a dia; como surgiram as constelações mitos e verdades,como-surgiram-as-constelacoes,planejado,,pendente,,,,
CAL0501,16/04/2027,2027-04-16,Sex,2,ART2302,KW1302,por que o nariz escorre no frio,Por que o nariz escorre no frio?,Corpo humano,corpo-humano,,,KW6225; KW6226; KW6227; KW6228; KW6229; KW6230; KW6231; KW6232,por que o nariz escorre no frio explicado de forma simples; por que o nariz escorre no frio entenda como funciona; por que o nariz escorre no frio causas e explicação; por que o nariz escorre no frio perguntas e respostas; por que o nariz escorre no frio o que a ciência sabe; por que o nariz escorre no frio curiosidades e fatos; por que o nariz escorre no frio exemplos do dia a dia; por que o nariz escorre no frio mitos e verdades,por-que-o-nariz-escorre-no-frio,planejado,,pendente,,,,
CAL0502,16/04/2027,2027-04-16,Sex,3,ART2424,KW1424,como as estrelas-do-mar se movem,Como as estrelas-do-mar se movem?,Animais,animais,,,KW6233; KW6234; KW6235; KW6236; KW6237; KW6238; KW6239; KW6240,como as estrelas-do-mar se movem explicado de forma simples; como as estrelas-do-mar se movem entenda como funciona; como as estrelas-do-mar se movem causas e explicação; como as estrelas-do-mar se movem perguntas e respostas; como as estrelas-do-mar se movem o que a ciência sabe; como as estrelas-do-mar se movem curiosidades e fatos; como as estrelas-do-mar se movem exemplos do dia a dia; como as estrelas-do-mar se movem mitos e verdades,como-as-estrelas-do-mar-se-movem,planejado,,pendente,,,,
CAL0503,17/04/2027,2027-04-17,Sab,1,ART2437,KW1437,o que é radioatividade,O que é radioatividade?,Ciência e fenômenos,ciencia-e-fenomenos,,,KW6241; KW6242; KW6243; KW6244; KW6245; KW6246; KW6247; KW6248,o que é radioatividade explicado de forma simples; o que é radioatividade entenda como funciona; o que é radioatividade causas e explicação; o que é radioatividade perguntas e respostas; o que é radioatividade o que a ciência sabe; o que é radioatividade curiosidades e fatos; o que é radioatividade exemplos do dia a dia; o que é radioatividade mitos e verdades,o-que-e-radioatividade,planejado,,pendente,,,,
CAL0504,17/04/2027,2027-04-17,Sab,2,ART2289,KW1289,o que é a falácia do custo irrecuperável,O que é a falácia do custo irrecuperável?,Psicologia e comportamento,psicologia-e-comportamento,,,KW6249; KW6250; KW6251; KW6252; KW6253; KW6254; KW6255; KW6256,o que é a falácia do custo irrecuperável explicado de forma simples; o que é a falácia do custo irrecuperável entenda como funciona; o que é a falácia do custo irrecuperável causas e explicação; o que é a falácia do custo irrecuperável perguntas e respostas; o que é a falácia do custo irrecuperável o que a ciência sabe; o que é a falácia do custo irrecuperável curiosidades e fatos; o que é a falácia do custo irrecuperável exemplos do dia a dia; o que é a falácia do custo irrecuperável mitos e verdades,o-que-e-a-falacia-do-custo-irrecuperavel,planejado,,pendente,,,,
CAL0505,17/04/2027,2027-04-17,Sab,3,ART2426,KW1426,como funciona o NFC,Como funciona o NFC?,"Tecnologia, IA e ciência",tecnologia-ia-e-ciencia,,,KW6257; KW6258; KW6259; KW6260; KW6261; KW6262; KW6263; KW6264,como funciona o NFC explicado de forma simples; como funciona o NFC entenda como funciona; como funciona o NFC causas e explicação; como funciona o NFC perguntas e respostas; como funciona o NFC o que a ciência sabe; como funciona o NFC curiosidades e fatos; como funciona o NFC exemplos do dia a dia; como funciona o NFC mitos e verdades,como-funciona-o-nfc,planejado,,pendente,,,,
CAL0506,18/04/2027,2027-04-18,Dom,1,ART2393,KW1393,o que é a Estrela Polar,O que é a Estrela Polar?,Universo e espaço,universo-e-espaco,,,KW6265; KW6266; KW6267; KW6268; KW6269; KW6270; KW6271; KW6272,o que é a Estrela Polar explicado de forma simples; o que é a Estrela Polar entenda como funciona; o que é a Estrela Polar causas e explicação; o que é a Estrela Polar perguntas e respostas; o que é a Estrela Polar o que a ciência sabe; o que é a Estrela Polar curiosidades e fatos; o que é a Estrela Polar exemplos do dia a dia; o que é a Estrela Polar mitos e verdades,o-que-e-a-estrela-polar,planejado,,pendente,,,,
CAL0507,18/04/2027,2027-04-18,Dom,2,ART2308,KW1308,por que temos catarro,Por que temos catarro?,Corpo humano,corpo-humano,,,KW6273; KW6274; KW6275; KW6276; KW6277; KW6278; KW6279; KW6280,por que temos catarro explicado de forma simples; por que temos catarro entenda como funciona; por que temos catarro causas e explicação; por que temos catarro perguntas e respostas; por que temos catarro o que a ciência sabe; por que temos catarro curiosidades e fatos; por que temos catarro exemplos do dia a dia; por que temos catarro mitos e verdades,por-que-temos-catarro,planejado,,pendente,,,,
CAL0508,18/04/2027,2027-04-18,Dom,3,ART2430,KW1430,por que os peixes dormem de olhos abertos,Por que os peixes dormem de olhos abertos?,Animais,animais,,,KW6281; KW6282; KW6283; KW6284; KW6285; KW6286; KW6287; KW6288,por que os peixes dormem de olhos abertos explicado de forma simples; por que os peixes dormem de olhos abertos entenda como funciona; por que os peixes dormem de olhos abertos causas e explicação; por que os peixes dormem de olhos abertos perguntas e respostas; por que os peixes dormem de olhos abertos o que a ciência sabe; por que os peixes dormem de olhos abertos curiosidades e fatos; por que os peixes dormem de olhos abertos exemplos do dia a dia; por que os peixes dormem de olhos abertos mitos e verdades,por-que-os-peixes-dormem-de-olhos-abertos,planejado,,pendente,,,,
CAL0509,19/04/2027,2027-04-19,Seg,1,ART2443,KW1443,o que é energia nuclear,O que é energia nuclear?,Ciência e fenômenos,ciencia-e-fenomenos,,,KW6289; KW6290; KW6291; KW6292; KW6293; KW6294; KW6295; KW6296,o que é energia nuclear explicado de forma simples; o que é energia nuclear entenda como funciona; o que é energia nuclear causas e explicação; o que é energia nuclear perguntas e respostas; o que é energia nuclear o que a ciência sabe; o que é energia nuclear curiosidades e fatos; o que é energia nuclear exemplos do dia a dia; o que é energia nuclear mitos e verdades,o-que-e-energia-nuclear,planejado,,pendente,,,,
CAL0510,19/04/2027,2027-04-19,Seg,2,ART2295,KW1295,o que é dissonância cognitiva,O que é dissonância cognitiva?,Psicologia e comportamento,psicologia-e-comportamento,,,KW6297; KW6298; KW6299; KW6300; KW6301; KW6302; KW6303; KW6304,o que é dissonância cognitiva explicado de forma simples; o que é dissonância cognitiva entenda como funciona; o que é dissonância cognitiva causas e explicação; o que é dissonância cognitiva perguntas e respostas; o que é dissonância cognitiva o que a ciência sabe; o que é dissonância cognitiva curiosidades e fatos; o que é dissonância cognitiva exemplos do dia a dia; o que é dissonância cognitiva mitos e verdades,o-que-e-dissonancia-cognitiva,planejado,,pendente,,,,
CAL0511,19/04/2027,2027-04-19,Seg,3,ART2432,KW1432,como funciona o pagamento por aproximação,Como funciona o pagamento por aproximação?,"Tecnologia, IA e ciência",tecnologia-ia-e-ciencia,,,KW6305; KW6306; KW6307; KW6308; KW6309; KW6310; KW6311; KW6312,como funciona o pagamento por aproximação explicado de forma simples; como funciona o pagamento por aproximação entenda como funciona; como funciona o pagamento por aproximação causas e explicação; como funciona o pagamento por aproximação perguntas e respostas; como funciona o pagamento por aproximação o que a ciência sabe; como funciona o pagamento por aproximação curiosidades e fatos; como funciona o pagamento por aproximação exemplos do dia a dia; como funciona o pagamento por aproximação mitos e verdades,como-funciona-o-pagamento-por-aproximacao,planejado,,pendente,,,,
CAL0512,20/04/2027,2027-04-20,Ter,1,ART2399,KW1399,como se orientar pelas estrelas,Como se orientar pelas estrelas?,Universo e espaço,universo-e-espaco,,,KW6313; KW6314; KW6315; KW6316; KW6317; KW6318; KW6319; KW6320,como se orientar pelas estrelas explicado de forma simples; como se orientar pelas estrelas entenda como funciona; como se orientar pelas estrelas causas e explicação; como se orientar pelas estrelas perguntas e respostas; como se orientar pelas estrelas o que a ciência sabe; como se orientar pelas estrelas curiosidades e fatos; como se orientar pelas estrelas exemplos do dia a dia; como se orientar pelas estrelas mitos e verdades,como-se-orientar-pelas-estrelas,planejado,,pendente,,,,
CAL0513,20/04/2027,2027-04-20,Ter,2,ART2314,KW1314,por que tossimos,Por que tossimos?,Corpo humano,corpo-humano,,,KW6321; KW6322; KW6323; KW6324; KW6325; KW6326; KW6327; KW6328,por que tossimos explicado de forma simples; por que tossimos entenda como funciona; por que tossimos causas e explicação; por que tossimos perguntas e respostas; por que tossimos o que a ciência sabe; por que tossimos curiosidades e fatos; por que tossimos exemplos do dia a dia; por que tossimos mitos e verdades,por-que-tossimos,planejado,,pendente,,,,
CAL0514,20/04/2027,2027-04-20,Ter,3,ART2436,KW1436,como os peixes nadam em cardume,Como os peixes nadam em cardume?,Animais,animais,,,KW6329; KW6330; KW6331; KW6332; KW6333; KW6334; KW6335; KW6336,como os peixes nadam em cardume explicado de forma simples; como os peixes nadam em cardume entenda como funciona; como os peixes nadam em cardume causas e explicação; como os peixes nadam em cardume perguntas e respostas; como os peixes nadam em cardume o que a ciência sabe; como os peixes nadam em cardume curiosidades e fatos; como os peixes nadam em cardume exemplos do dia a dia; como os peixes nadam em cardume mitos e verdades,como-os-peixes-nadam-em-cardume,planejado,,pendente,,,,
CAL0515,21/04/2027,2027-04-21,Qua,1,ART2449,KW1449,como funciona uma usina nuclear,Como funciona uma usina nuclear?,Ciência e fenômenos,ciencia-e-fenomenos,,,KW6337; KW6338; KW6339; KW6340; KW6341; KW6342; KW6343; KW6344,como funciona uma usina nuclear explicado de forma simples; como funciona uma usina nuclear entenda como funciona; como funciona uma usina nuclear causas e explicação; como funciona uma usina nuclear perguntas e respostas; como funciona uma usina nuclear o que a ciência sabe; como funciona uma usina nuclear curiosidades e fatos; como funciona uma usina nuclear exemplos do dia a dia; como funciona uma usina nuclear mitos e verdades,como-funciona-uma-usina-nuclear,planejado,,pendente,,,,
CAL0516,21/04/2027,2027-04-21,Qua,2,ART2301,KW1301,o que é o efeito mandela,O que é o efeito mandela?,Psicologia e comportamento,psicologia-e-comportamento,,,KW6345; KW6346; KW6347; KW6348; KW6349; KW6350; KW6351; KW6352,o que é o efeito mandela explicado de forma simples; o que é o efeito mandela entenda como funciona; o que é o efeito mandela causas e explicação; o que é o efeito mandela perguntas e respostas; o que é o efeito mandela o que a ciência sabe; o que é o efeito mandela curiosidades e fatos; o que é o efeito mandela exemplos do dia a dia; o que é o efeito mandela mitos e verdades,o-que-e-o-efeito-mandela,planejado,,pendente,,,,
CAL0517,21/04/2027,2027-04-21,Qua,3,ART2438,KW1438,como funciona o cartão de crédito,Como funciona o cartão de crédito?,"Tecnologia, IA e ciência",tecnologia-ia-e-ciencia,,,KW6353; KW6354; KW6355; KW6356; KW6357; KW6358; KW6359; KW6360,como funciona o cartão de crédito explicado de forma simples; como funciona o cartão de crédito entenda como funciona; como funciona o cartão de crédito causas e explicação; como funciona o cartão de crédito perguntas e respostas; como funciona o cartão de crédito o que a ciência sabe; como funciona o cartão de crédito curiosidades e fatos; como funciona o cartão de crédito exemplos do dia a dia; como funciona o cartão de crédito mitos e verdades,como-funciona-o-cartao-de-credito,planejado,,pendente,,,,
CAL0518,22/04/2027,2027-04-22,Qui,1,ART2405,KW1405,o que é o Cruzeiro do Sul,O que é o Cruzeiro do Sul?,Universo e espaço,universo-e-espaco,,,KW6361; KW6362; KW6363; KW6364; KW6365; KW6366; KW6367; KW6368,o que é o Cruzeiro do Sul explicado de forma simples; o que é o Cruzeiro do Sul entenda como funciona; o que é o Cruzeiro do Sul causas e explicação; o que é o Cruzeiro do Sul perguntas e respostas; o que é o Cruzeiro do Sul o que a ciência sabe; o que é o Cruzeiro do Sul curiosidades e fatos; o que é o Cruzeiro do Sul exemplos do dia a dia; o que é o Cruzeiro do Sul mitos e verdades,o-que-e-o-cruzeiro-do-sul,planejado,,pendente,,,,
CAL0519,22/04/2027,2027-04-22,Qui,2,ART2320,KW1320,por que temos coceira,Por que temos coceira?,Corpo humano,corpo-humano,,,KW6369; KW6370; KW6371; KW6372; KW6373; KW6374; KW6375; KW6376,por que temos coceira explicado de forma simples; por que temos coceira entenda como funciona; por que temos coceira causas e explicação; por que temos coceira perguntas e respostas; por que temos coceira o que a ciência sabe; por que temos coceira curiosidades e fatos; por que temos coceira exemplos do dia a dia; por que temos coceira mitos e verdades,por-que-temos-coceira,planejado,,pendente,,,,
CAL0520,22/04/2027,2027-04-22,Qui,3,ART2442,KW1442,por que os peixes-palhaço vivem em anêmonas,Por que os peixes-palhaço vivem em anêmonas?,Animais,animais,,,KW6377; KW6378; KW6379; KW6380; KW6381; KW6382; KW6383; KW6384,por que os peixes-palhaço vivem em anêmonas explicado de forma simples; por que os peixes-palhaço vivem em anêmonas entenda como funciona; por que os peixes-palhaço vivem em anêmonas causas e explicação; por que os peixes-palhaço vivem em anêmonas perguntas e respostas; por que os peixes-palhaço vivem em anêmonas o que a ciência sabe; por que os peixes-palhaço vivem em anêmonas curiosidades e fatos; por que os peixes-palhaço vivem em anêmonas exemplos do dia a dia; por que os peixes-palhaço vivem em anêmonas mitos e verdades,por-que-os-peixes-palhaco-vivem-em-anemonas,planejado,,pendente,,,,
CAL0521,23/04/2027,2027-04-23,Sex,1,ART2455,KW1455,como funciona uma usina hidrelétrica,Como funciona uma usina hidrelétrica?,Ciência e fenômenos,ciencia-e-fenomenos,,,KW6385; KW6386; KW6387; KW6388; KW6389; KW6390; KW6391; KW6392,como funciona uma usina hidrelétrica explicado de forma simples; como funciona uma usina hidrelétrica entenda como funciona; como funciona uma usina hidrelétrica causas e explicação; como funciona uma usina hidrelétrica perguntas e respostas; como funciona uma usina hidrelétrica o que a ciência sabe; como funciona uma usina hidrelétrica curiosidades e fatos; como funciona uma usina hidrelétrica exemplos do dia a dia; como funciona uma usina hidrelétrica mitos e verdades,como-funciona-uma-usina-hidreletrica,planejado,,pendente,,,,
CAL0522,23/04/2027,2027-04-23,Sex,2,ART2307,KW1307,o que é o efeito zeigarnik,O que é o efeito zeigarnik?,Psicologia e comportamento,psicologia-e-comportamento,,,KW6393; KW6394; KW6395; KW6396; KW6397; KW6398; KW6399; KW6400,o que é o efeito zeigarnik explicado de forma simples; o que é o efeito zeigarnik entenda como funciona; o que é o efeito zeigarnik causas e explicação; o que é o efeito zeigarnik perguntas e respostas; o que é o efeito zeigarnik o que a ciência sabe; o que é o efeito zeigarnik curiosidades e fatos; o que é o efeito zeigarnik exemplos do dia a dia; o que é o efeito zeigarnik mitos e verdades,o-que-e-o-efeito-zeigarnik,planejado,,pendente,,,,
CAL0523,23/04/2027,2027-04-23,Sex,3,ART2450,KW1450,como funciona a fibra óptica,Como funciona a fibra óptica?,"Tecnologia, IA e ciência",tecnologia-ia-e-ciencia,,,KW6401; KW6402; KW6403; KW6404; KW6405; KW6406; KW6407; KW6408,como funciona a fibra óptica explicado de forma simples; como funciona a fibra óptica entenda como funciona; como funciona a fibra óptica causas e explicação; como funciona a fibra óptica perguntas e respostas; como funciona a fibra óptica o que a ciência sabe; como funciona a fibra óptica curiosidades e fatos; como funciona a fibra óptica exemplos do dia a dia; como funciona a fibra óptica mitos e verdades,como-funciona-a-fibra-optica,planejado,,pendente,,,,
CAL0524,24/04/2027,2027-04-24,Sab,1,ART2411,KW1411,por que as estrelas brilham,Por que as estrelas brilham?,Universo e espaço,universo-e-espaco,,,KW6409; KW6410; KW6411; KW6412; KW6413; KW6414; KW6415; KW6416,por que as estrelas brilham explicado de forma simples; por que as estrelas brilham entenda como funciona; por que as estrelas brilham causas e explicação; por que as estrelas brilham perguntas e respostas; por que as estrelas brilham o que a ciência sabe; por que as estrelas brilham curiosidades e fatos; por que as estrelas brilham exemplos do dia a dia; por que as estrelas brilham mitos e verdades,por-que-as-estrelas-brilham,planejado,,pendente,,,,
CAL0525,24/04/2027,2027-04-24,Sab,2,ART2326,KW1326,por que temos espinhas,Por que temos espinhas?,Corpo humano,corpo-humano,,,KW6417; KW6418; KW6419; KW6420; KW6421; KW6422; KW6423; KW6424,por que temos espinhas explicado de forma simples; por que temos espinhas entenda como funciona; por que temos espinhas causas e explicação; por que temos espinhas perguntas e respostas; por que temos espinhas o que a ciência sabe; por que temos espinhas curiosidades e fatos; por que temos espinhas exemplos do dia a dia; por que temos espinhas mitos e verdades,por-que-temos-espinhas,planejado,,pendente,,,,
CAL0526,24/04/2027,2027-04-24,Sab,3,ART2448,KW1448,como os peixes elétricos produzem eletricidade,Como os peixes elétricos produzem eletricidade?,Animais,animais,,,KW6425; KW6426; KW6427; KW6428; KW6429; KW6430; KW6431; KW6432,como os peixes elétricos produzem eletricidade explicado de forma simples; como os peixes elétricos produzem eletricidade entenda como funciona; como os peixes elétricos produzem eletricidade causas e explicação; como os peixes elétricos produzem eletricidade perguntas e respostas; como os peixes elétricos produzem eletricidade o que a ciência sabe; como os peixes elétricos produzem eletricidade curiosidades e fatos; como os peixes elétricos produzem eletricidade exemplos do dia a dia; como os peixes elétricos produzem eletricidade mitos e verdades,como-os-peixes-eletricos-produzem-eletricidade,planejado,,pendente,,,,
CAL0527,25/04/2027,2027-04-25,Dom,1,ART2461,KW1461,como funciona a energia solar,Como funciona a energia solar?,Ciência e fenômenos,ciencia-e-fenomenos,,,KW6433; KW6434; KW6435; KW6436; KW6437; KW6438; KW6439; KW6440,como funciona a energia solar explicado de forma simples; como funciona a energia solar entenda como funciona; como funciona a energia solar causas e explicação; como funciona a energia solar perguntas e respostas; como funciona a energia solar o que a ciência sabe; como funciona a energia solar curiosidades e fatos; como funciona a energia solar exemplos do dia a dia; como funciona a energia solar mitos e verdades,como-funciona-a-energia-solar,planejado,,pendente,,,,
CAL0528,25/04/2027,2027-04-25,Dom,2,ART2313,KW1313,o que é o efeito espectador,O que é o efeito espectador?,Psicologia e comportamento,psicologia-e-comportamento,,,KW6441; KW6442; KW6443; KW6444; KW6445; KW6446; KW6447; KW6448,o que é o efeito espectador explicado de forma simples; o que é o efeito espectador entenda como funciona; o que é o efeito espectador causas e explicação; o que é o efeito espectador perguntas e respostas; o que é o efeito espectador o que a ciência sabe; o que é o efeito espectador curiosidades e fatos; o que é o efeito espectador exemplos do dia a dia; o que é o efeito espectador mitos e verdades,o-que-e-o-efeito-espectador,planejado,,pendente,,,,
CAL0529,25/04/2027,2027-04-25,Dom,3,ART2456,KW1456,como funciona o roteador,Como funciona o roteador?,"Tecnologia, IA e ciência",tecnologia-ia-e-ciencia,,,KW6449; KW6450; KW6451; KW6452; KW6453; KW6454; KW6455; KW6456,como funciona o roteador explicado de forma simples; como funciona o roteador entenda como funciona; como funciona o roteador causas e explicação; como funciona o roteador perguntas e respostas; como funciona o roteador o que a ciência sabe; como funciona o roteador curiosidades e fatos; como funciona o roteador exemplos do dia a dia; como funciona o roteador mitos e verdades,como-funciona-o-roteador,planejado,,pendente,,,,
CAL0530,26/04/2027,2027-04-26,Seg,1,ART2423,KW1423,por que as estrelas têm cores diferentes,Por que as estrelas têm cores diferentes?,Universo e espaço,universo-e-espaco,,,KW6457; KW6458; KW6459; KW6460; KW6461; KW6462; KW6463; KW6464,por que as estrelas têm cores diferentes explicado de forma simples; por que as estrelas têm cores diferentes entenda como funciona; por que as estrelas têm cores diferentes causas e explicação; por que as estrelas têm cores diferentes perguntas e respostas; por que as estrelas têm cores diferentes o que a ciência sabe; por que as estrelas têm cores diferentes curiosidades e fatos; por que as estrelas têm cores diferentes exemplos do dia a dia; por que as estrelas têm cores diferentes mitos e verdades,por-que-as-estrelas-tem-cores-diferentes,planejado,,pendente,,,,
CAL0531,26/04/2027,2027-04-26,Seg,2,ART2332,KW1332,por que bronzeamos,Por que bronzeamos?,Corpo humano,corpo-humano,,,KW6465; KW6466; KW6467; KW6468; KW6469; KW6470; KW6471; KW6472,por que bronzeamos explicado de forma simples; por que bronzeamos entenda como funciona; por que bronzeamos causas e explicação; por que bronzeamos perguntas e respostas; por que bronzeamos o que a ciência sabe; por que bronzeamos curiosidades e fatos; por que bronzeamos exemplos do dia a dia; por que bronzeamos mitos e verdades,por-que-bronzeamos,planejado,,pendente,,,,
CAL0532,26/04/2027,2027-04-26,Seg,3,ART2454,KW1454,como o peixe-balão se infla,Como o peixe-balão se infla?,Animais,animais,,,KW6473; KW6474; KW6475; KW6476; KW6477; KW6478; KW6479; KW6480,como o peixe-balão se infla explicado de forma simples; como o peixe-balão se infla entenda como funciona; como o peixe-balão se infla causas e explicação; como o peixe-balão se infla perguntas e respostas; como o peixe-balão se infla o que a ciência sabe; como o peixe-balão se infla curiosidades e fatos; como o peixe-balão se infla exemplos do dia a dia; como o peixe-balão se infla mitos e verdades,como-o-peixe-balao-se-infla,planejado,,pendente,,,,
CAL0533,27/04/2027,2027-04-27,Ter,1,ART2467,KW1467,como funciona a energia eólica,Como funciona a energia eólica?,Ciência e fenômenos,ciencia-e-fenomenos,,,KW6481; KW6482; KW6483; KW6484; KW6485; KW6486; KW6487; KW6488,como funciona a energia eólica explicado de forma simples; como funciona a energia eólica entenda como funciona; como funciona a energia eólica causas e explicação; como funciona a energia eólica perguntas e respostas; como funciona a energia eólica o que a ciência sabe; como funciona a energia eólica curiosidades e fatos; como funciona a energia eólica exemplos do dia a dia; como funciona a energia eólica mitos e verdades,como-funciona-a-energia-eolica,planejado,,pendente,,,,
CAL0534,27/04/2027,2027-04-27,Ter,2,ART2319,KW1319,o que é a síndrome do impostor,O que é a síndrome do impostor?,Psicologia e comportamento,psicologia-e-comportamento,,,KW6489; KW6490; KW6491; KW6492; KW6493; KW6494; KW6495; KW6496,o que é a síndrome do impostor explicado de forma simples; o que é a síndrome do impostor entenda como funciona; o que é a síndrome do impostor causas e explicação; o que é a síndrome do impostor perguntas e respostas; o que é a síndrome do impostor o que a ciência sabe; o que é a síndrome do impostor curiosidades e fatos; o que é a síndrome do impostor exemplos do dia a dia; o que é a síndrome do impostor mitos e verdades,o-que-e-a-sindrome-do-impostor,planejado,,pendente,,,,
CAL0535,27/04/2027,2027-04-27,Ter,3,ART2462,KW1462,como funciona a rede 4G,Como funciona a rede 4G?,"Tecnologia, IA e ciência",tecnologia-ia-e-ciencia,,,KW6497; KW6498; KW6499; KW6500; KW6501; KW6502; KW6503; KW6504,como funciona a rede 4G explicado de forma simples; como funciona a rede 4G entenda como funciona; como funciona a rede 4G causas e explicação; como funciona a rede 4G perguntas e respostas; como funciona a rede 4G o que a ciência sabe; como funciona a rede 4G curiosidades e fatos; como funciona a rede 4G exemplos do dia a dia; como funciona a rede 4G mitos e verdades,como-funciona-a-rede-4g,planejado,,pendente,,,,
CAL0536,28/04/2027,2027-04-28,Qua,1,ART2429,KW1429,quantas estrelas existem,Quantas estrelas existem?,Universo e espaço,universo-e-espaco,,,KW6505; KW6506; KW6507; KW6508; KW6509; KW6510; KW6511; KW6512,quantas estrelas existem explicado de forma simples; quantas estrelas existem entenda como funciona; quantas estrelas existem causas e explicação; quantas estrelas existem perguntas e respostas; quantas estrelas existem o que a ciência sabe; quantas estrelas existem curiosidades e fatos; quantas estrelas existem exemplos do dia a dia; quantas estrelas existem mitos e verdades,quantas-estrelas-existem,planejado,,pendente,,,,
CAL0537,28/04/2027,2027-04-28,Qua,2,ART2338,KW1338,por que temos sardas,Por que temos sardas?,Corpo humano,corpo-humano,,,KW6513; KW6514; KW6515; KW6516; KW6517; KW6518; KW6519; KW6520,por que temos sardas explicado de forma simples; por que temos sardas entenda como funciona; por que temos sardas causas e explicação; por que temos sardas perguntas e respostas; por que temos sardas o que a ciência sabe; por que temos sardas curiosidades e fatos; por que temos sardas exemplos do dia a dia; por que temos sardas mitos e verdades,por-que-temos-sardas,planejado,,pendente,,,,
CAL0538,28/04/2027,2027-04-28,Qua,3,ART2460,KW1460,por que os atuns nunca param de nadar,Por que os atuns nunca param de nadar?,Animais,animais,,,KW6521; KW6522; KW6523; KW6524; KW6525; KW6526; KW6527; KW6528,por que os atuns nunca param de nadar explicado de forma simples; por que os atuns nunca param de nadar entenda como funciona; por que os atuns nunca param de nadar causas e explicação; por que os atuns nunca param de nadar perguntas e respostas; por que os atuns nunca param de nadar o que a ciência sabe; por que os atuns nunca param de nadar curiosidades e fatos; por que os atuns nunca param de nadar exemplos do dia a dia; por que os atuns nunca param de nadar mitos e verdades,por-que-os-atuns-nunca-param-de-nadar,planejado,,pendente,,,,
CAL0539,29/04/2027,2027-04-29,Qui,1,ART2479,KW1479,o que é resistência elétrica,O que é resistência elétrica?,Ciência e fenômenos,ciencia-e-fenomenos,,,KW6529; KW6530; KW6531; KW6532; KW6533; KW6534; KW6535; KW6536,o que é resistência elétrica explicado de forma simples; o que é resistência elétrica entenda como funciona; o que é resistência elétrica causas e explicação; o que é resistência elétrica perguntas e respostas; o que é resistência elétrica o que a ciência sabe; o que é resistência elétrica curiosidades e fatos; o que é resistência elétrica exemplos do dia a dia; o que é resistência elétrica mitos e verdades,o-que-e-resistencia-eletrica,planejado,,pendente,,,,
CAL0540,29/04/2027,2027-04-29,Qui,2,ART2325,KW1325,o que é o efeito pigmalião,O que é o efeito pigmalião?,Psicologia e comportamento,psicologia-e-comportamento,,,KW6537; KW6538; KW6539; KW6540; KW6541; KW6542; KW6543; KW6544,o que é o efeito pigmalião explicado de forma simples; o que é o efeito pigmalião entenda como funciona; o que é o efeito pigmalião causas e explicação; o que é o efeito pigmalião perguntas e respostas; o que é o efeito pigmalião o que a ciência sabe; o que é o efeito pigmalião curiosidades e fatos; o que é o efeito pigmalião exemplos do dia a dia; o que é o efeito pigmalião mitos e verdades,o-que-e-o-efeito-pigmaliao,planejado,,pendente,,,,
CAL0541,29/04/2027,2027-04-29,Qui,3,ART2468,KW1468,como funciona uma antena,Como funciona uma antena?,"Tecnologia, IA e ciência",tecnologia-ia-e-ciencia,,,KW6545; KW6546; KW6547; KW6548; KW6549; KW6550; KW6551; KW6552,como funciona uma antena explicado de forma simples; como funciona uma antena entenda como funciona; como funciona uma antena causas e explicação; como funciona uma antena perguntas e respostas; como funciona uma antena o que a ciência sabe; como funciona uma antena curiosidades e fatos; como funciona uma antena exemplos do dia a dia; como funciona uma antena mitos e verdades,como-funciona-uma-antena,planejado,,pendente,,,,
CAL0542,30/04/2027,2027-04-30,Sex,1,ART2435,KW1435,qual é a estrela mais próxima da Terra,Qual é a estrela mais próxima da Terra?,Universo e espaço,universo-e-espaco,,,KW6553; KW6554; KW6555; KW6556; KW6557; KW6558; KW6559; KW6560,qual é a estrela mais próxima da Terra explicado de forma simples; qual é a estrela mais próxima da Terra entenda como funciona; qual é a estrela mais próxima da Terra causas e explicação; qual é a estrela mais próxima da Terra perguntas e respostas; qual é a estrela mais próxima da Terra o que a ciência sabe; qual é a estrela mais próxima da Terra curiosidades e fatos; qual é a estrela mais próxima da Terra exemplos do dia a dia; qual é a estrela mais próxima da Terra mitos e verdades,qual-e-a-estrela-mais-proxima-da-terra,planejado,,pendente,,,,
CAL0543,30/04/2027,2027-04-30,Sex,2,ART2344,KW1344,por que temos cabelos brancos,Por que temos cabelos brancos?,Corpo humano,corpo-humano,,,KW6561; KW6562; KW6563; KW6564; KW6565; KW6566; KW6567; KW6568,por que temos cabelos brancos explicado de forma simples; por que temos cabelos brancos entenda como funciona; por que temos cabelos brancos causas e explicação; por que temos cabelos brancos perguntas e respostas; por que temos cabelos brancos o que a ciência sabe; por que temos cabelos brancos curiosidades e fatos; por que temos cabelos brancos exemplos do dia a dia; por que temos cabelos brancos mitos e verdades,por-que-temos-cabelos-brancos,planejado,,pendente,,,,
CAL0544,30/04/2027,2027-04-30,Sex,3,ART2466,KW1466,como as lulas gigantes vivem nas profundezas,Como as lulas gigantes vivem nas profundezas?,Animais,animais,,,KW6569; KW6570; KW6571; KW6572; KW6573; KW6574; KW6575; KW6576,como as lulas gigantes vivem nas profundezas explicado de forma simples; como as lulas gigantes vivem nas profundezas entenda como funciona; como as lulas gigantes vivem nas profundezas causas e explicação; como as lulas gigantes vivem nas profundezas perguntas e respostas; como as lulas gigantes vivem nas profundezas o que a ciência sabe; como as lulas gigantes vivem nas profundezas curiosidades e fatos; como as lulas gigantes vivem nas profundezas exemplos do dia a dia; como as lulas gigantes vivem nas profundezas mitos e verdades,como-as-lulas-gigantes-vivem-nas-profundezas,planejado,,pendente,,,,
CAL0545,01/05/2027,2027-05-01,Sab,1,ART2485,KW1485,por que levamos choque de eletricidade estática,Por que levamos choque de eletricidade estática?,Ciência e fenômenos,ciencia-e-fenomenos,,,KW6577; KW6578; KW6579; KW6580; KW6581; KW6582; KW6583; KW6584,por que levamos choque de eletricidade estática explicado de forma simples; por que levamos choque de eletricidade estática entenda como funciona; por que levamos choque de eletricidade estática causas e explicação; por que levamos choque de eletricidade estática perguntas e respostas; por que levamos choque de eletricidade estática o que a ciência sabe; por que levamos choque de eletricidade estática curiosidades e fatos; por que levamos choque de eletricidade estática exemplos do dia a dia; por que levamos choque de eletricidade estática mitos e verdades,por-que-levamos-choque-de-eletricidade-estatica,planejado,,pendente,,,,
CAL0546,01/05/2027,2027-05-01,Sab,2,ART2331,KW1331,o que é o efeito ikea,O que é o efeito ikea?,Psicologia e comportamento,psicologia-e-comportamento,,,KW6585; KW6586; KW6587; KW6588; KW6589; KW6590; KW6591; KW6592,o que é o efeito ikea explicado de forma simples; o que é o efeito ikea entenda como funciona; o que é o efeito ikea causas e explicação; o que é o efeito ikea perguntas e respostas; o que é o efeito ikea o que a ciência sabe; o que é o efeito ikea curiosidades e fatos; o que é o efeito ikea exemplos do dia a dia; o que é o efeito ikea mitos e verdades,o-que-e-o-efeito-ikea,planejado,,pendente,,,,
CAL0547,01/05/2027,2027-05-01,Sab,3,ART2474,KW1474,como funciona um satélite de comunicação,Como funciona um satélite de comunicação?,"Tecnologia, IA e ciência",tecnologia-ia-e-ciencia,,,KW6593; KW6594; KW6595; KW6596; KW6597; KW6598; KW6599; KW6600,como funciona um satélite de comunicação explicado de forma simples; como funciona um satélite de comunicação entenda como funciona; como funciona um satélite de comunicação causas e explicação; como funciona um satélite de comunicação perguntas e respostas; como funciona um satélite de comunicação o que a ciência sabe; como funciona um satélite de comunicação curiosidades e fatos; como funciona um satélite de comunicação exemplos do dia a dia; como funciona um satélite de comunicação mitos e verdades,como-funciona-um-satelite-de-comunicacao,planejado,,pendente,,,,
CAL0548,02/05/2027,2027-05-02,Dom,1,ART2441,KW1441,qual é a maior estrela conhecida,Qual é a maior estrela conhecida?,Universo e espaço,universo-e-espaco,,,KW6601; KW6602; KW6603; KW6604; KW6605; KW6606; KW6607; KW6608,qual é a maior estrela conhecida explicado de forma simples; qual é a maior estrela conhecida entenda como funciona; qual é a maior estrela conhecida causas e explicação; qual é a maior estrela conhecida perguntas e respostas; qual é a maior estrela conhecida o que a ciência sabe; qual é a maior estrela conhecida curiosidades e fatos; qual é a maior estrela conhecida exemplos do dia a dia; qual é a maior estrela conhecida mitos e verdades,qual-e-a-maior-estrela-conhecida,planejado,,pendente,,,,
CAL0549,02/05/2027,2027-05-02,Dom,2,ART2350,KW1350,por que perdemos cabelo,Por que perdemos cabelo?,Corpo humano,corpo-humano,,,KW6609; KW6610; KW6611; KW6612; KW6613; KW6614; KW6615; KW6616,por que perdemos cabelo explicado de forma simples; por que perdemos cabelo entenda como funciona; por que perdemos cabelo causas e explicação; por que perdemos cabelo perguntas e respostas; por que perdemos cabelo o que a ciência sabe; por que perdemos cabelo curiosidades e fatos; por que perdemos cabelo exemplos do dia a dia; por que perdemos cabelo mitos e verdades,por-que-perdemos-cabelo,planejado,,pendente,,,,
CAL0550,02/05/2027,2027-05-02,Dom,3,ART2472,KW1472,por que os camarões são rosa depois de cozidos,Por que os camarões são rosa depois de cozidos?,Animais,animais,,,KW6617; KW6618; KW6619; KW6620; KW6621; KW6622; KW6623; KW6624,por que os camarões são rosa depois de cozidos explicado de forma simples; por que os camarões são rosa depois de cozidos entenda como funciona; por que os camarões são rosa depois de cozidos causas e explicação; por que os camarões são rosa depois de cozidos perguntas e respostas; por que os camarões são rosa depois de cozidos o que a ciência sabe; por que os camarões são rosa depois de cozidos curiosidades e fatos; por que os camarões são rosa depois de cozidos exemplos do dia a dia; por que os camarões são rosa depois de cozidos mitos e verdades,por-que-os-camaroes-sao-rosa-depois-de-cozidos,planejado,,pendente,,,,
CAL0551,03/05/2027,2027-05-03,Seg,1,ART2491,KW1491,por que o cabelo arrepia com eletricidade estática,Por que o cabelo arrepia com eletricidade estática?,Ciência e fenômenos,ciencia-e-fenomenos,,,KW6625; KW6626; KW6627; KW6628; KW6629; KW6630; KW6631; KW6632,por que o cabelo arrepia com eletricidade estática explicado de forma simples; por que o cabelo arrepia com eletricidade estática entenda como funciona; por que o cabelo arrepia com eletricidade estática causas e explicação; por que o cabelo arrepia com eletricidade estática perguntas e respostas; por que o cabelo arrepia com eletricidade estática o que a ciência sabe; por que o cabelo arrepia com eletricidade estática curiosidades e fatos; por que o cabelo arrepia com eletricidade estática exemplos do dia a dia; por que o cabelo arrepia com eletricidade estática mitos e verdades,por-que-o-cabelo-arrepia-com-eletricidade-estatica,planejado,,pendente,,,,
CAL0552,03/05/2027,2027-05-03,Seg,2,ART2337,KW1337,o que é viés do otimismo,O que é viés do otimismo?,Psicologia e comportamento,psicologia-e-comportamento,,,KW6633; KW6634; KW6635; KW6636; KW6637; KW6638; KW6639; KW6640,o que é viés do otimismo explicado de forma simples; o que é viés do otimismo entenda como funciona; o que é viés do otimismo causas e explicação; o que é viés do otimismo perguntas e respostas; o que é viés do otimismo o que a ciência sabe; o que é viés do otimismo curiosidades e fatos; o que é viés do otimismo exemplos do dia a dia; o que é viés do otimismo mitos e verdades,o-que-e-vies-do-otimismo,planejado,,pendente,,,,
CAL0553,03/05/2027,2027-05-03,Seg,3,ART2480,KW1480,como funciona a televisão,Como funciona a televisão?,"Tecnologia, IA e ciência",tecnologia-ia-e-ciencia,,,KW6641; KW6642; KW6643; KW6644; KW6645; KW6646; KW6647; KW6648,como funciona a televisão explicado de forma simples; como funciona a televisão entenda como funciona; como funciona a televisão causas e explicação; como funciona a televisão perguntas e respostas; como funciona a televisão o que a ciência sabe; como funciona a televisão curiosidades e fatos; como funciona a televisão exemplos do dia a dia; como funciona a televisão mitos e verdades,como-funciona-a-televisao,planejado,,pendente,,,,
CAL0554,04/05/2027,2027-05-04,Ter,1,ART2447,KW1447,o que é um aglomerado estelar,O que é um aglomerado estelar?,Universo e espaço,universo-e-espaco,,,KW6649; KW6650; KW6651; KW6652; KW6653; KW6654; KW6655; KW6656,o que é um aglomerado estelar explicado de forma simples; o que é um aglomerado estelar entenda como funciona; o que é um aglomerado estelar causas e explicação; o que é um aglomerado estelar perguntas e respostas; o que é um aglomerado estelar o que a ciência sabe; o que é um aglomerado estelar curiosidades e fatos; o que é um aglomerado estelar exemplos do dia a dia; o que é um aglomerado estelar mitos e verdades,o-que-e-um-aglomerado-estelar,planejado,,pendente,,,,
CAL0555,04/05/2027,2027-05-04,Ter,2,ART2356,KW1356,por que as unhas crescem,Por que as unhas crescem?,Corpo humano,corpo-humano,,,KW6657; KW6658; KW6659; KW6660; KW6661; KW6662; KW6663; KW6664,por que as unhas crescem explicado de forma simples; por que as unhas crescem entenda como funciona; por que as unhas crescem causas e explicação; por que as unhas crescem perguntas e respostas; por que as unhas crescem o que a ciência sabe; por que as unhas crescem curiosidades e fatos; por que as unhas crescem exemplos do dia a dia; por que as unhas crescem mitos e verdades,por-que-as-unhas-crescem,planejado,,pendente,,,,
CAL0556,04/05/2027,2027-05-04,Ter,3,ART2478,KW1478,como funcionam os corais,Como funcionam os corais?,Animais,animais,,,KW6665; KW6666; KW6667; KW6668; KW6669; KW6670; KW6671; KW6672,como funcionam os corais explicado de forma simples; como funcionam os corais entenda como funciona; como funcionam os corais causas e explicação; como funcionam os corais perguntas e respostas; como funcionam os corais o que a ciência sabe; como funcionam os corais curiosidades e fatos; como funcionam os corais exemplos do dia a dia; como funcionam os corais mitos e verdades,como-funcionam-os-corais,planejado,,pendente,,,,
CAL0557,05/05/2027,2027-05-05,Qua,1,ART2497,KW1497,o que é um supercondutor,O que é um supercondutor?,Ciência e fenômenos,ciencia-e-fenomenos,,,KW6673; KW6674; KW6675; KW6676; KW6677; KW6678; KW6679; KW6680,o que é um supercondutor explicado de forma simples; o que é um supercondutor entenda como funciona; o que é um supercondutor causas e explicação; o que é um supercondutor perguntas e respostas; o que é um supercondutor o que a ciência sabe; o que é um supercondutor curiosidades e fatos; o que é um supercondutor exemplos do dia a dia; o que é um supercondutor mitos e verdades,o-que-e-um-supercondutor,planejado,,pendente,,,,
CAL0558,05/05/2027,2027-05-05,Qua,2,ART2343,KW1343,o que é aversão à perda,O que é aversão à perda?,Psicologia e comportamento,psicologia-e-comportamento,,,KW6681; KW6682; KW6683; KW6684; KW6685; KW6686; KW6687; KW6688,o que é aversão à perda explicado de forma simples; o que é aversão à perda entenda como funciona; o que é aversão à perda causas e explicação; o que é aversão à perda perguntas e respostas; o que é aversão à perda o que a ciência sabe; o que é aversão à perda curiosidades e fatos; o que é aversão à perda exemplos do dia a dia; o que é aversão à perda mitos e verdades,o-que-e-aversao-a-perda,planejado,,pendente,,,,
CAL0559,05/05/2027,2027-05-05,Qua,3,ART2486,KW1486,como funciona uma smart TV,Como funciona uma smart TV?,"Tecnologia, IA e ciência",tecnologia-ia-e-ciencia,,,KW6689; KW6690; KW6691; KW6692; KW6693; KW6694; KW6695; KW6696,como funciona uma smart TV explicado de forma simples; como funciona uma smart TV entenda como funciona; como funciona uma smart TV causas e explicação; como funciona uma smart TV perguntas e respostas; como funciona uma smart TV o que a ciência sabe; como funciona uma smart TV curiosidades e fatos; como funciona uma smart TV exemplos do dia a dia; como funciona uma smart TV mitos e verdades,como-funciona-uma-smart-tv,planejado,,pendente,,,,
CAL0560,06/05/2027,2027-05-06,Qui,1,ART2453,KW1453,quantas galáxias existem,Quantas galáxias existem?,Universo e espaço,universo-e-espaco,,,KW6697; KW6698; KW6699; KW6700; KW6701; KW6702; KW6703; KW6704,quantas galáxias existem explicado de forma simples; quantas galáxias existem entenda como funciona; quantas galáxias existem causas e explicação; quantas galáxias existem perguntas e respostas; quantas galáxias existem o que a ciência sabe; quantas galáxias existem curiosidades e fatos; quantas galáxias existem exemplos do dia a dia; quantas galáxias existem mitos e verdades,quantas-galaxias-existem,planejado,,pendente,,,,
CAL0561,06/05/2027,2027-05-06,Qui,2,ART2362,KW1362,por que temos pelos no corpo,Por que temos pelos no corpo?,Corpo humano,corpo-humano,,,KW6705; KW6706; KW6707; KW6708; KW6709; KW6710; KW6711; KW6712,por que temos pelos no corpo explicado de forma simples; por que temos pelos no corpo entenda como funciona; por que temos pelos no corpo causas e explicação; por que temos pelos no corpo perguntas e respostas; por que temos pelos no corpo o que a ciência sabe; por que temos pelos no corpo curiosidades e fatos; por que temos pelos no corpo exemplos do dia a dia; por que temos pelos no corpo mitos e verdades,por-que-temos-pelos-no-corpo,planejado,,pendente,,,,
CAL0562,06/05/2027,2027-05-06,Qui,3,ART2484,KW1484,por que os elefantes têm presas,Por que os elefantes têm presas?,Animais,animais,,,KW6713; KW6714; KW6715; KW6716; KW6717; KW6718; KW6719; KW6720,por que os elefantes têm presas explicado de forma simples; por que os elefantes têm presas entenda como funciona; por que os elefantes têm presas causas e explicação; por que os elefantes têm presas perguntas e respostas; por que os elefantes têm presas o que a ciência sabe; por que os elefantes têm presas curiosidades e fatos; por que os elefantes têm presas exemplos do dia a dia; por que os elefantes têm presas mitos e verdades,por-que-os-elefantes-tem-presas,planejado,,pendente,,,,
CAL0563,07/05/2027,2027-05-07,Sex,1,ART2503,KW1503,o que é o atrito,O que é o atrito?,Ciência e fenômenos,ciencia-e-fenomenos,,,KW6721; KW6722; KW6723; KW6724; KW6725; KW6726; KW6727; KW6728,o que é o atrito explicado de forma simples; o que é o atrito entenda como funciona; o que é o atrito causas e explicação; o que é o atrito perguntas e respostas; o que é o atrito o que a ciência sabe; o que é o atrito curiosidades e fatos; o que é o atrito exemplos do dia a dia; o que é o atrito mitos e verdades,o-que-e-o-atrito,planejado,,pendente,,,,
CAL0564,07/05/2027,2027-05-07,Sex,2,ART2349,KW1349,o que é o efeito de enquadramento,O que é o efeito de enquadramento?,Psicologia e comportamento,psicologia-e-comportamento,,,KW6729; KW6730; KW6731; KW6732; KW6733; KW6734; KW6735; KW6736,o que é o efeito de enquadramento explicado de forma simples; o que é o efeito de enquadramento entenda como funciona; o que é o efeito de enquadramento causas e explicação; o que é o efeito de enquadramento perguntas e respostas; o que é o efeito de enquadramento o que a ciência sabe; o que é o efeito de enquadramento curiosidades e fatos; o que é o efeito de enquadramento exemplos do dia a dia; o que é o efeito de enquadramento mitos e verdades,o-que-e-o-efeito-de-enquadramento,planejado,,pendente,,,,
CAL0565,07/05/2027,2027-05-07,Sex,3,ART2492,KW1492,como funciona um controle remoto,Como funciona um controle remoto?,"Tecnologia, IA e ciência",tecnologia-ia-e-ciencia,,,KW6737; KW6738; KW6739; KW6740; KW6741; KW6742; KW6743; KW6744,como funciona um controle remoto explicado de forma simples; como funciona um controle remoto entenda como funciona; como funciona um controle remoto causas e explicação; como funciona um controle remoto perguntas e respostas; como funciona um controle remoto o que a ciência sabe; como funciona um controle remoto curiosidades e fatos; como funciona um controle remoto exemplos do dia a dia; como funciona um controle remoto mitos e verdades,como-funciona-um-controle-remoto,planejado,,pendente,,,,
CAL0566,08/05/2027,2027-05-08,Sab,1,ART2465,KW1465,por que as galáxias têm formas diferentes,Por que as galáxias têm formas diferentes?,Universo e espaço,universo-e-espaco,,,KW6745; KW6746; KW6747; KW6748; KW6749; KW6750; KW6751; KW6752,por que as galáxias têm formas diferentes explicado de forma simples; por que as galáxias têm formas diferentes entenda como funciona; por que as galáxias têm formas diferentes causas e explicação; por que as galáxias têm formas diferentes perguntas e respostas; por que as galáxias têm formas diferentes o que a ciência sabe; por que as galáxias têm formas diferentes curiosidades e fatos; por que as galáxias têm formas diferentes exemplos do dia a dia; por que as galáxias têm formas diferentes mitos e verdades,por-que-as-galaxias-tem-formas-diferentes,planejado,,pendente,,,,
CAL0567,08/05/2027,2027-05-08,Sab,2,ART2368,KW1368,por que sentimos arrepios ao ouvir música,Por que sentimos arrepios ao ouvir música?,Corpo humano,corpo-humano,,,KW6753; KW6754; KW6755; KW6756; KW6757; KW6758; KW6759; KW6760,por que sentimos arrepios ao ouvir música explicado de forma simples; por que sentimos arrepios ao ouvir música entenda como funciona; por que sentimos arrepios ao ouvir música causas e explicação; por que sentimos arrepios ao ouvir música perguntas e respostas; por que sentimos arrepios ao ouvir música o que a ciência sabe; por que sentimos arrepios ao ouvir música curiosidades e fatos; por que sentimos arrepios ao ouvir música exemplos do dia a dia; por que sentimos arrepios ao ouvir música mitos e verdades,por-que-sentimos-arrepios-ao-ouvir-musica,planejado,,pendente,,,,
CAL0568,08/05/2027,2027-05-08,Sab,3,ART2490,KW1490,por que os elefantes têm orelhas grandes,Por que os elefantes têm orelhas grandes?,Animais,animais,,,KW6761; KW6762; KW6763; KW6764; KW6765; KW6766; KW6767; KW6768,por que os elefantes têm orelhas grandes explicado de forma simples; por que os elefantes têm orelhas grandes entenda como funciona; por que os elefantes têm orelhas grandes causas e explicação; por que os elefantes têm orelhas grandes perguntas e respostas; por que os elefantes têm orelhas grandes o que a ciência sabe; por que os elefantes têm orelhas grandes curiosidades e fatos; por que os elefantes têm orelhas grandes exemplos do dia a dia; por que os elefantes têm orelhas grandes mitos e verdades,por-que-os-elefantes-tem-orelhas-grandes,planejado,,pendente,,,,
CAL0569,09/05/2027,2027-05-09,Dom,1,ART2509,KW1509,o que é inércia,O que é inércia?,Ciência e fenômenos,ciencia-e-fenomenos,,,KW6769; KW6770; KW6771; KW6772; KW6773; KW6774; KW6775; KW6776,o que é inércia explicado de forma simples; o que é inércia entenda como funciona; o que é inércia causas e explicação; o que é inércia perguntas e respostas; o que é inércia o que a ciência sabe; o que é inércia curiosidades e fatos; o que é inércia exemplos do dia a dia; o que é inércia mitos e verdades,o-que-e-inercia,planejado,,pendente,,,,
CAL0570,09/05/2027,2027-05-09,Dom,2,ART2355,KW1355,o que é heurística,O que é heurística?,Psicologia e comportamento,psicologia-e-comportamento,,,KW6777; KW6778; KW6779; KW6780; KW6781; KW6782; KW6783; KW6784,o que é heurística explicado de forma simples; o que é heurística entenda como funciona; o que é heurística causas e explicação; o que é heurística perguntas e respostas; o que é heurística o que a ciência sabe; o que é heurística curiosidades e fatos; o que é heurística exemplos do dia a dia; o que é heurística mitos e verdades,o-que-e-heuristica,planejado,,pendente,,,,
CAL0571,09/05/2027,2027-05-09,Dom,3,ART2498,KW1498,como funciona o rádio,Como funciona o rádio?,"Tecnologia, IA e ciência",tecnologia-ia-e-ciencia,,,KW6785; KW6786; KW6787; KW6788; KW6789; KW6790; KW6791; KW6792,como funciona o rádio explicado de forma simples; como funciona o rádio entenda como funciona; como funciona o rádio causas e explicação; como funciona o rádio perguntas e respostas; como funciona o rádio o que a ciência sabe; como funciona o rádio curiosidades e fatos; como funciona o rádio exemplos do dia a dia; como funciona o rádio mitos e verdades,como-funciona-o-radio,planejado,,pendente,,,,
CAL0572,10/05/2027,2027-05-10,Seg,1,ART2471,KW1471,o que acontece quando duas galáxias colidem,O que acontece quando duas galáxias colidem?,Universo e espaço,universo-e-espaco,,,KW6793; KW6794; KW6795; KW6796; KW6797; KW6798; KW6799; KW6800,o que acontece quando duas galáxias colidem explicado de forma simples; o que acontece quando duas galáxias colidem entenda como funciona; o que acontece quando duas galáxias colidem causas e explicação; o que acontece quando duas galáxias colidem perguntas e respostas; o que acontece quando duas galáxias colidem o que a ciência sabe; o que acontece quando duas galáxias colidem curiosidades e fatos; o que acontece quando duas galáxias colidem exemplos do dia a dia; o que acontece quando duas galáxias colidem mitos e verdades,o-que-acontece-quando-duas-galaxias-colidem,planejado,,pendente,,,,
CAL0573,10/05/2027,2027-05-10,Seg,2,ART2374,KW1374,por que sentimos tontura,Por que sentimos tontura?,Corpo humano,corpo-humano,,,KW6801; KW6802; KW6803; KW6804; KW6805; KW6806; KW6807; KW6808,por que sentimos tontura explicado de forma simples; por que sentimos tontura entenda como funciona; por que sentimos tontura causas e explicação; por que sentimos tontura perguntas e respostas; por que sentimos tontura o que a ciência sabe; por que sentimos tontura curiosidades e fatos; por que sentimos tontura exemplos do dia a dia; por que sentimos tontura mitos e verdades,por-que-sentimos-tontura,planejado,,pendente,,,,
CAL0574,10/05/2027,2027-05-10,Seg,3,ART2496,KW1496,por que os elefantes usam a tromba,Por que os elefantes usam a tromba?,Animais,animais,,,KW6809; KW6810; KW6811; KW6812; KW6813; KW6814; KW6815; KW6816,por que os elefantes usam a tromba explicado de forma simples; por que os elefantes usam a tromba entenda como funciona; por que os elefantes usam a tromba causas e explicação; por que os elefantes usam a tromba perguntas e respostas; por que os elefantes usam a tromba o que a ciência sabe; por que os elefantes usam a tromba curiosidades e fatos; por que os elefantes usam a tromba exemplos do dia a dia; por que os elefantes usam a tromba mitos e verdades,por-que-os-elefantes-usam-a-tromba,planejado,,pendente,,,,
CAL0575,11/05/2027,2027-05-11,Ter,1,ART2515,KW1515,o que são as leis de Newton,O que são as leis de Newton?,Ciência e fenômenos,ciencia-e-fenomenos,,,KW6817; KW6818; KW6819; KW6820; KW6821; KW6822; KW6823; KW6824,o que são as leis de Newton explicado de forma simples; o que são as leis de Newton entenda como funciona; o que são as leis de Newton causas e explicação; o que são as leis de Newton perguntas e respostas; o que são as leis de Newton o que a ciência sabe; o que são as leis de Newton curiosidades e fatos; o que são as leis de Newton exemplos do dia a dia; o que são as leis de Newton mitos e verdades,o-que-sao-as-leis-de-newton,planejado,,pendente,,,,
CAL0576,11/05/2027,2027-05-11,Ter,2,ART2361,KW1361,o que é intuição,O que é intuição?,Psicologia e comportamento,psicologia-e-comportamento,,,KW6825; KW6826; KW6827; KW6828; KW6829; KW6830; KW6831; KW6832,o que é intuição explicado de forma simples; o que é intuição entenda como funciona; o que é intuição causas e explicação; o que é intuição perguntas e respostas; o que é intuição o que a ciência sabe; o que é intuição curiosidades e fatos; o que é intuição exemplos do dia a dia; o que é intuição mitos e verdades,o-que-e-intuicao,planejado,,pendente,,,,
CAL0577,11/05/2027,2027-05-11,Ter,3,ART2504,KW1504,como funciona o som digital,Como funciona o som digital?,"Tecnologia, IA e ciência",tecnologia-ia-e-ciencia,,,KW6833; KW6834; KW6835; KW6836; KW6837; KW6838; KW6839; KW6840,como funciona o som digital explicado de forma simples; como funciona o som digital entenda como funciona; como funciona o som digital causas e explicação; como funciona o som digital perguntas e respostas; como funciona o som digital o que a ciência sabe; como funciona o som digital curiosidades e fatos; como funciona o som digital exemplos do dia a dia; como funciona o som digital mitos e verdades,como-funciona-o-som-digital,planejado,,pendente,,,,
CAL0578,12/05/2027,2027-05-12,Qua,1,ART2483,KW1483,o que é o horizonte de eventos,O que é o horizonte de eventos?,Universo e espaço,universo-e-espaco,,,KW6841; KW6842; KW6843; KW6844; KW6845; KW6846; KW6847; KW6848,o que é o horizonte de eventos explicado de forma simples; o que é o horizonte de eventos entenda como funciona; o que é o horizonte de eventos causas e explicação; o que é o horizonte de eventos perguntas e respostas; o que é o horizonte de eventos o que a ciência sabe; o que é o horizonte de eventos curiosidades e fatos; o que é o horizonte de eventos exemplos do dia a dia; o que é o horizonte de eventos mitos e verdades,o-que-e-o-horizonte-de-eventos,planejado,,pendente,,,,
CAL0579,12/05/2027,2027-05-12,Qua,2,ART2380,KW1380,por que ficamos com a boca seca,Por que ficamos com a boca seca?,Corpo humano,corpo-humano,,,KW6849; KW6850; KW6851; KW6852; KW6853; KW6854; KW6855; KW6856,por que ficamos com a boca seca explicado de forma simples; por que ficamos com a boca seca entenda como funciona; por que ficamos com a boca seca causas e explicação; por que ficamos com a boca seca perguntas e respostas; por que ficamos com a boca seca o que a ciência sabe; por que ficamos com a boca seca curiosidades e fatos; por que ficamos com a boca seca exemplos do dia a dia; por que ficamos com a boca seca mitos e verdades,por-que-ficamos-com-a-boca-seca,planejado,,pendente,,,,
CAL0580,12/05/2027,2027-05-12,Qua,3,ART2502,KW1502,por que as girafas dormem em pé,Por que as girafas dormem em pé?,Animais,animais,,,KW6857; KW6858; KW6859; KW6860; KW6861; KW6862; KW6863; KW6864,por que as girafas dormem em pé explicado de forma simples; por que as girafas dormem em pé entenda como funciona; por que as girafas dormem em pé causas e explicação; por que as girafas dormem em pé perguntas e respostas; por que as girafas dormem em pé o que a ciência sabe; por que as girafas dormem em pé curiosidades e fatos; por que as girafas dormem em pé exemplos do dia a dia; por que as girafas dormem em pé mitos e verdades,por-que-as-girafas-dormem-em-pe,planejado,,pendente,,,,
CAL0581,13/05/2027,2027-05-13,Qui,1,ART2521,KW1521,o que é energia cinética,O que é energia cinética?,Ciência e fenômenos,ciencia-e-fenomenos,,,KW6865; KW6866; KW6867; KW6868; KW6869; KW6870; KW6871; KW6872,o que é energia cinética explicado de forma simples; o que é energia cinética entenda como funciona; o que é energia cinética causas e explicação; o que é energia cinética perguntas e respostas; o que é energia cinética o que a ciência sabe; o que é energia cinética curiosidades e fatos; o que é energia cinética exemplos do dia a dia; o que é energia cinética mitos e verdades,o-que-e-energia-cinetica,planejado,,pendente,,,,
CAL0582,13/05/2027,2027-05-13,Qui,2,ART2367,KW1367,o que é atenção seletiva,O que é atenção seletiva?,Psicologia e comportamento,psicologia-e-comportamento,,,KW6873; KW6874; KW6875; KW6876; KW6877; KW6878; KW6879; KW6880,o que é atenção seletiva explicado de forma simples; o que é atenção seletiva entenda como funciona; o que é atenção seletiva causas e explicação; o que é atenção seletiva perguntas e respostas; o que é atenção seletiva o que a ciência sabe; o que é atenção seletiva curiosidades e fatos; o que é atenção seletiva exemplos do dia a dia; o que é atenção seletiva mitos e verdades,o-que-e-atencao-seletiva,planejado,,pendente,,,,
CAL0583,13/05/2027,2027-05-13,Qui,3,ART2510,KW1510,como funciona um fone de ouvido com cancelamento de ruído,Como funciona um fone de ouvido com cancelamento de ruído?,"Tecnologia, IA e ciência",tecnologia-ia-e-ciencia,,,KW6881; KW6882; KW6883; KW6884; KW6885; KW6886; KW6887; KW6888,como funciona um fone de ouvido com cancelamento de ruído explicado de forma simples; como funciona um fone de ouvido com cancelamento de ruído entenda como funciona; como funciona um fone de ouvido com cancelamento de ruído causas e explicação; como funciona um fone de ouvido com cancelamento de ruído perguntas e respostas; como funciona um fone de ouvido com cancelamento de ruído o que a ciência sabe; como funciona um fone de ouvido com cancelamento de ruído curiosidades e fatos; como funciona um fone de ouvido com cancelamento de ruído exemplos do dia a dia; como funciona um fone de ouvido com cancelamento de ruído mitos e verdades,como-funciona-um-fone-de-ouvido-com-cancelamento-de-ruido,planejado,,pendente,,,,
CAL0584,14/05/2027,2027-05-14,Sex,1,ART2489,KW1489,o que é uma singularidade,O que é uma singularidade?,Universo e espaço,universo-e-espaco,,,KW6889; KW6890; KW6891; KW6892; KW6893; KW6894; KW6895; KW6896,o que é uma singularidade explicado de forma simples; o que é uma singularidade entenda como funciona; o que é uma singularidade causas e explicação; o que é uma singularidade perguntas e respostas; o que é uma singularidade o que a ciência sabe; o que é uma singularidade curiosidades e fatos; o que é uma singularidade exemplos do dia a dia; o que é uma singularidade mitos e verdades,o-que-e-uma-singularidade,planejado,,pendente,,,,
CAL0585,14/05/2027,2027-05-14,Sex,2,ART2386,KW1386,por que temos mau hálito,Por que temos mau hálito?,Corpo humano,corpo-humano,,,KW6897; KW6898; KW6899; KW6900; KW6901; KW6902; KW6903; KW6904,por que temos mau hálito explicado de forma simples; por que temos mau hálito entenda como funciona; por que temos mau hálito causas e explicação; por que temos mau hálito perguntas e respostas; por que temos mau hálito o que a ciência sabe; por que temos mau hálito curiosidades e fatos; por que temos mau hálito exemplos do dia a dia; por que temos mau hálito mitos e verdades,por-que-temos-mau-halito,planejado,,pendente,,,,
CAL0586,14/05/2027,2027-05-14,Sex,3,ART2508,KW1508,por que os leões rugem,Por que os leões rugem?,Animais,animais,,,KW6905; KW6906; KW6907; KW6908; KW6909; KW6910; KW6911; KW6912,por que os leões rugem explicado de forma simples; por que os leões rugem entenda como funciona; por que os leões rugem causas e explicação; por que os leões rugem perguntas e respostas; por que os leões rugem o que a ciência sabe; por que os leões rugem curiosidades e fatos; por que os leões rugem exemplos do dia a dia; por que os leões rugem mitos e verdades,por-que-os-leoes-rugem,planejado,,pendente,,,,
CAL0587,15/05/2027,2027-05-15,Sab,1,ART2527,KW1527,o que é energia potencial,O que é energia potencial?,Ciência e fenômenos,ciencia-e-fenomenos,,,KW6913; KW6914; KW6915; KW6916; KW6917; KW6918; KW6919; KW6920,o que é energia potencial explicado de forma simples; o que é energia potencial entenda como funciona; o que é energia potencial causas e explicação; o que é energia potencial perguntas e respostas; o que é energia potencial o que a ciência sabe; o que é energia potencial curiosidades e fatos; o que é energia potencial exemplos do dia a dia; o que é energia potencial mitos e verdades,o-que-e-energia-potencial,planejado,,pendente,,,,
CAL0588,15/05/2027,2027-05-15,Sab,2,ART2373,KW1373,o que é cegueira por desatenção,O que é cegueira por desatenção?,Psicologia e comportamento,psicologia-e-comportamento,,,KW6921; KW6922; KW6923; KW6924; KW6925; KW6926; KW6927; KW6928,o que é cegueira por desatenção explicado de forma simples; o que é cegueira por desatenção entenda como funciona; o que é cegueira por desatenção causas e explicação; o que é cegueira por desatenção perguntas e respostas; o que é cegueira por desatenção o que a ciência sabe; o que é cegueira por desatenção curiosidades e fatos; o que é cegueira por desatenção exemplos do dia a dia; o que é cegueira por desatenção mitos e verdades,o-que-e-cegueira-por-desatencao,planejado,,pendente,,,,
CAL0589,15/05/2027,2027-05-15,Sab,3,ART2516,KW1516,como funciona um microfone,Como funciona um microfone?,"Tecnologia, IA e ciência",tecnologia-ia-e-ciencia,,,KW6929; KW6930; KW6931; KW6932; KW6933; KW6934; KW6935; KW6936,como funciona um microfone explicado de forma simples; como funciona um microfone entenda como funciona; como funciona um microfone causas e explicação; como funciona um microfone perguntas e respostas; como funciona um microfone o que a ciência sabe; como funciona um microfone curiosidades e fatos; como funciona um microfone exemplos do dia a dia; como funciona um microfone mitos e verdades,como-funciona-um-microfone,planejado,,pendente,,,,
CAL0590,16/05/2027,2027-05-16,Dom,1,ART2495,KW1495,o que é um buraco de minhoca,O que é um buraco de minhoca?,Universo e espaço,universo-e-espaco,,,KW6937; KW6938; KW6939; KW6940; KW6941; KW6942; KW6943; KW6944,o que é um buraco de minhoca explicado de forma simples; o que é um buraco de minhoca entenda como funciona; o que é um buraco de minhoca causas e explicação; o que é um buraco de minhoca perguntas e respostas; o que é um buraco de minhoca o que a ciência sabe; o que é um buraco de minhoca curiosidades e fatos; o que é um buraco de minhoca exemplos do dia a dia; o que é um buraco de minhoca mitos e verdades,o-que-e-um-buraco-de-minhoca,planejado,,pendente,,,,
CAL0591,16/05/2027,2027-05-16,Dom,2,ART2392,KW1392,por que temos gases,Por que temos gases?,Corpo humano,corpo-humano,,,KW6945; KW6946; KW6947; KW6948; KW6949; KW6950; KW6951; KW6952,por que temos gases explicado de forma simples; por que temos gases entenda como funciona; por que temos gases causas e explicação; por que temos gases perguntas e respostas; por que temos gases o que a ciência sabe; por que temos gases curiosidades e fatos; por que temos gases exemplos do dia a dia; por que temos gases mitos e verdades,por-que-temos-gases,planejado,,pendente,,,,
CAL0592,16/05/2027,2027-05-16,Dom,3,ART2514,KW1514,por que os leões vivem em bando,Por que os leões vivem em bando?,Animais,animais,,,KW6953; KW6954; KW6955; KW6956; KW6957; KW6958; KW6959; KW6960,por que os leões vivem em bando explicado de forma simples; por que os leões vivem em bando entenda como funciona; por que os leões vivem em bando causas e explicação; por que os leões vivem em bando perguntas e respostas; por que os leões vivem em bando o que a ciência sabe; por que os leões vivem em bando curiosidades e fatos; por que os leões vivem em bando exemplos do dia a dia; por que os leões vivem em bando mitos e verdades,por-que-os-leoes-vivem-em-bando,planejado,,pendente,,,,
CAL0593,17/05/2027,2027-05-17,Seg,1,ART2533,KW1533,o que é a conservação da energia,O que é a conservação da energia?,Ciência e fenômenos,ciencia-e-fenomenos,,,KW6961; KW6962; KW6963; KW6964; KW6965; KW6966; KW6967; KW6968,o que é a conservação da energia explicado de forma simples; o que é a conservação da energia entenda como funciona; o que é a conservação da energia causas e explicação; o que é a conservação da energia perguntas e respostas; o que é a conservação da energia o que a ciência sabe; o que é a conservação da energia curiosidades e fatos; o que é a conservação da energia exemplos do dia a dia; o que é a conservação da energia mitos e verdades,o-que-e-a-conservacao-da-energia,planejado,,pendente,,,,
CAL0594,17/05/2027,2027-05-17,Seg,2,ART2379,KW1379,o que é o efeito coquetel,O que é o efeito coquetel?,Psicologia e comportamento,psicologia-e-comportamento,,,KW6969; KW6970; KW6971; KW6972; KW6973; KW6974; KW6975; KW6976,o que é o efeito coquetel explicado de forma simples; o que é o efeito coquetel entenda como funciona; o que é o efeito coquetel causas e explicação; o que é o efeito coquetel perguntas e respostas; o que é o efeito coquetel o que a ciência sabe; o que é o efeito coquetel curiosidades e fatos; o que é o efeito coquetel exemplos do dia a dia; o que é o efeito coquetel mitos e verdades,o-que-e-o-efeito-coquetel,planejado,,pendente,,,,
CAL0595,17/05/2027,2027-05-17,Seg,3,ART2522,KW1522,como funciona um alto-falante,Como funciona um alto-falante?,"Tecnologia, IA e ciência",tecnologia-ia-e-ciencia,,,KW6977; KW6978; KW6979; KW6980; KW6981; KW6982; KW6983; KW6984,como funciona um alto-falante explicado de forma simples; como funciona um alto-falante entenda como funciona; como funciona um alto-falante causas e explicação; como funciona um alto-falante perguntas e respostas; como funciona um alto-falante o que a ciência sabe; como funciona um alto-falante curiosidades e fatos; como funciona um alto-falante exemplos do dia a dia; como funciona um alto-falante mitos e verdades,como-funciona-um-alto-falante,planejado,,pendente,,,,
CAL0596,18/05/2027,2027-05-18,Ter,1,ART2501,KW1501,o que é a teoria da relatividade,O que é a teoria da relatividade?,Universo e espaço,universo-e-espaco,,,KW6985; KW6986; KW6987; KW6988; KW6989; KW6990; KW6991; KW6992,o que é a teoria da relatividade explicado de forma simples; o que é a teoria da relatividade entenda como funciona; o que é a teoria da relatividade causas e explicação; o que é a teoria da relatividade perguntas e respostas; o que é a teoria da relatividade o que a ciência sabe; o que é a teoria da relatividade curiosidades e fatos; o que é a teoria da relatividade exemplos do dia a dia; o que é a teoria da relatividade mitos e verdades,o-que-e-a-teoria-da-relatividade,planejado,,pendente,,,,
CAL0597,18/05/2027,2027-05-18,Ter,2,ART2398,KW1398,por que arrotamos,Por que arrotamos?,Corpo humano,corpo-humano,,,KW6993; KW6994; KW6995; KW6996; KW6997; KW6998; KW6999; KW7000,por que arrotamos explicado de forma simples; por que arrotamos entenda como funciona; por que arrotamos causas e explicação; por que arrotamos perguntas e respostas; por que arrotamos o que a ciência sabe; por que arrotamos curiosidades e fatos; por que arrotamos exemplos do dia a dia; por que arrotamos mitos e verdades,por-que-arrotamos,planejado,,pendente,,,,
CAL0598,18/05/2027,2027-05-18,Ter,3,ART2520,KW1520,por que as hienas riem,Por que as hienas riem?,Animais,animais,,,KW7001; KW7002; KW7003; KW7004; KW7005; KW7006; KW7007; KW7008,por que as hienas riem explicado de forma simples; por que as hienas riem entenda como funciona; por que as hienas riem causas e explicação; por que as hienas riem perguntas e respostas; por que as hienas riem o que a ciência sabe; por que as hienas riem curiosidades e fatos; por que as hienas riem exemplos do dia a dia; por que as hienas riem mitos e verdades,por-que-as-hienas-riem,planejado,,pendente,,,,
CAL0599,19/05/2027,2027-05-19,Qua,1,ART2539,KW1539,o que é temperatura,O que é temperatura?,Ciência e fenômenos,ciencia-e-fenomenos,,,KW7009; KW7010; KW7011; KW7012; KW7013; KW7014; KW7015; KW7016,o que é temperatura explicado de forma simples; o que é temperatura entenda como funciona; o que é temperatura causas e explicação; o que é temperatura perguntas e respostas; o que é temperatura o que a ciência sabe; o que é temperatura curiosidades e fatos; o que é temperatura exemplos do dia a dia; o que é temperatura mitos e verdades,o-que-e-temperatura,planejado,,pendente,,,,
CAL0600,19/05/2027,2027-05-19,Qua,2,ART2385,KW1385,o que é sinestesia,O que é sinestesia?,Psicologia e comportamento,psicologia-e-comportamento,,,KW7017; KW7018; KW7019; KW7020; KW7021; KW7022; KW7023; KW7024,o que é sinestesia explicado de forma simples; o que é sinestesia entenda como funciona; o que é sinestesia causas e explicação; o que é sinestesia perguntas e respostas; o que é sinestesia o que a ciência sabe; o que é sinestesia curiosidades e fatos; o que é sinestesia exemplos do dia a dia; o que é sinestesia mitos e verdades,o-que-e-sinestesia,planejado,,pendente,,,,
CAL0601,19/05/2027,2027-05-19,Qua,3,ART2528,KW1528,como funciona uma impressora,Como funciona uma impressora?,"Tecnologia, IA e ciência",tecnologia-ia-e-ciencia,,,KW7025; KW7026; KW7027; KW7028; KW7029; KW7030; KW7031; KW7032,como funciona uma impressora explicado de forma simples; como funciona uma impressora entenda como funciona; como funciona uma impressora causas e explicação; como funciona uma impressora perguntas e respostas; como funciona uma impressora o que a ciência sabe; como funciona uma impressora curiosidades e fatos; como funciona uma impressora exemplos do dia a dia; como funciona uma impressora mitos e verdades,como-funciona-uma-impressora,planejado,,pendente,,,,
CAL0602,20/05/2027,2027-05-20,Qui,1,ART2507,KW1507,o que é a dilatação do tempo,O que é a dilatação do tempo?,Universo e espaço,universo-e-espaco,,,KW7033; KW7034; KW7035; KW7036; KW7037; KW7038; KW7039; KW7040,o que é a dilatação do tempo explicado de forma simples; o que é a dilatação do tempo entenda como funciona; o que é a dilatação do tempo causas e explicação; o que é a dilatação do tempo perguntas e respostas; o que é a dilatação do tempo o que a ciência sabe; o que é a dilatação do tempo curiosidades e fatos; o que é a dilatação do tempo exemplos do dia a dia; o que é a dilatação do tempo mitos e verdades,o-que-e-a-dilatacao-do-tempo,planejado,,pendente,,,,
CAL0603,20/05/2027,2027-05-20,Qui,2,ART2404,KW1404,por que temos prisão de ventre,Por que temos prisão de ventre?,Corpo humano,corpo-humano,,,KW7041; KW7042; KW7043; KW7044; KW7045; KW7046; KW7047; KW7048,por que temos prisão de ventre explicado de forma simples; por que temos prisão de ventre entenda como funciona; por que temos prisão de ventre causas e explicação; por que temos prisão de ventre perguntas e respostas; por que temos prisão de ventre o que a ciência sabe; por que temos prisão de ventre curiosidades e fatos; por que temos prisão de ventre exemplos do dia a dia; por que temos prisão de ventre mitos e verdades,por-que-temos-prisao-de-ventre,planejado,,pendente,,,,
CAL0604,20/05/2027,2027-05-20,Qui,3,ART2526,KW1526,por que os tigres têm listras,Por que os tigres têm listras?,Animais,animais,,,KW7049; KW7050; KW7051; KW7052; KW7053; KW7054; KW7055; KW7056,por que os tigres têm listras explicado de forma simples; por que os tigres têm listras entenda como funciona; por que os tigres têm listras causas e explicação; por que os tigres têm listras perguntas e respostas; por que os tigres têm listras o que a ciência sabe; por que os tigres têm listras curiosidades e fatos; por que os tigres têm listras exemplos do dia a dia; por que os tigres têm listras mitos e verdades,por-que-os-tigres-tem-listras,planejado,,pendente,,,,
CAL0605,21/05/2027,2027-05-21,Sex,1,ART2545,KW1545,o que é calor,O que é calor?,Ciência e fenômenos,ciencia-e-fenomenos,,,KW7057; KW7058; KW7059; KW7060; KW7061; KW7062; KW7063; KW7064,o que é calor explicado de forma simples; o que é calor entenda como funciona; o que é calor causas e explicação; o que é calor perguntas e respostas; o que é calor o que a ciência sabe; o que é calor curiosidades e fatos; o que é calor exemplos do dia a dia; o que é calor mitos e verdades,o-que-e-calor,planejado,,pendente,,,,
CAL0606,21/05/2027,2027-05-21,Sex,2,ART2391,KW1391,o que é memória de trabalho,O que é memória de trabalho?,Psicologia e comportamento,psicologia-e-comportamento,,,KW7065; KW7066; KW7067; KW7068; KW7069; KW7070; KW7071; KW7072,o que é memória de trabalho explicado de forma simples; o que é memória de trabalho entenda como funciona; o que é memória de trabalho causas e explicação; o que é memória de trabalho perguntas e respostas; o que é memória de trabalho o que a ciência sabe; o que é memória de trabalho curiosidades e fatos; o que é memória de trabalho exemplos do dia a dia; o que é memória de trabalho mitos e verdades,o-que-e-memoria-de-trabalho,planejado,,pendente,,,,
CAL0607,21/05/2027,2027-05-21,Sex,3,ART2534,KW1534,como funciona um scanner,Como funciona um scanner?,"Tecnologia, IA e ciência",tecnologia-ia-e-ciencia,,,KW7073; KW7074; KW7075; KW7076; KW7077; KW7078; KW7079; KW7080,como funciona um scanner explicado de forma simples; como funciona um scanner entenda como funciona; como funciona um scanner causas e explicação; como funciona um scanner perguntas e respostas; como funciona um scanner o que a ciência sabe; como funciona um scanner curiosidades e fatos; como funciona um scanner exemplos do dia a dia; como funciona um scanner mitos e verdades,como-funciona-um-scanner,planejado,,pendente,,,,
CAL0608,22/05/2027,2027-05-22,Sab,1,ART2513,KW1513,o que é o espaço-tempo,O que é o espaço-tempo?,Universo e espaço,universo-e-espaco,,,KW7081; KW7082; KW7083; KW7084; KW7085; KW7086; KW7087; KW7088,o que é o espaço-tempo explicado de forma simples; o que é o espaço-tempo entenda como funciona; o que é o espaço-tempo causas e explicação; o que é o espaço-tempo perguntas e respostas; o que é o espaço-tempo o que a ciência sabe; o que é o espaço-tempo curiosidades e fatos; o que é o espaço-tempo exemplos do dia a dia; o que é o espaço-tempo mitos e verdades,o-que-e-o-espaco-tempo,planejado,,pendente,,,,
CAL0609,22/05/2027,2027-05-22,Sab,2,ART2410,KW1410,por que a urina muda de cor,Por que a urina muda de cor?,Corpo humano,corpo-humano,,,KW7089; KW7090; KW7091; KW7092; KW7093; KW7094; KW7095; KW7096,por que a urina muda de cor explicado de forma simples; por que a urina muda de cor entenda como funciona; por que a urina muda de cor causas e explicação; por que a urina muda de cor perguntas e respostas; por que a urina muda de cor o que a ciência sabe; por que a urina muda de cor curiosidades e fatos; por que a urina muda de cor exemplos do dia a dia; por que a urina muda de cor mitos e verdades,por-que-a-urina-muda-de-cor,planejado,,pendente,,,,
CAL0610,22/05/2027,2027-05-22,Sab,3,ART2532,KW1532,por que os guepardos correm tão rápido,Por que os guepardos correm tão rápido?,Animais,animais,,,KW7097; KW7098; KW7099; KW7100; KW7101; KW7102; KW7103; KW7104,por que os guepardos correm tão rápido explicado de forma simples; por que os guepardos correm tão rápido entenda como funciona; por que os guepardos correm tão rápido causas e explicação; por que os guepardos correm tão rápido perguntas e respostas; por que os guepardos correm tão rápido o que a ciência sabe; por que os guepardos correm tão rápido curiosidades e fatos; por que os guepardos correm tão rápido exemplos do dia a dia; por que os guepardos correm tão rápido mitos e verdades,por-que-os-guepardos-correm-tao-rapido,planejado,,pendente,,,,
CAL0611,23/05/2027,2027-05-23,Dom,1,ART2551,KW1551,por que o metal parece mais frio que a madeira,Por que o metal parece mais frio que a madeira?,Ciência e fenômenos,ciencia-e-fenomenos,,,KW7105; KW7106; KW7107; KW7108; KW7109; KW7110; KW7111; KW7112,por que o metal parece mais frio que a madeira explicado de forma simples; por que o metal parece mais frio que a madeira entenda como funciona; por que o metal parece mais frio que a madeira causas e explicação; por que o metal parece mais frio que a madeira perguntas e respostas; por que o metal parece mais frio que a madeira o que a ciência sabe; por que o metal parece mais frio que a madeira curiosidades e fatos; por que o metal parece mais frio que a madeira exemplos do dia a dia; por que o metal parece mais frio que a madeira mitos e verdades,por-que-o-metal-parece-mais-frio-que-a-madeira,planejado,,pendente,,,,
CAL0612,23/05/2027,2027-05-23,Dom,2,ART2397,KW1397,o que é memória de longo prazo,O que é memória de longo prazo?,Psicologia e comportamento,psicologia-e-comportamento,,,KW7113; KW7114; KW7115; KW7116; KW7117; KW7118; KW7119; KW7120,o que é memória de longo prazo explicado de forma simples; o que é memória de longo prazo entenda como funciona; o que é memória de longo prazo causas e explicação; o que é memória de longo prazo perguntas e respostas; o que é memória de longo prazo o que a ciência sabe; o que é memória de longo prazo curiosidades e fatos; o que é memória de longo prazo exemplos do dia a dia; o que é memória de longo prazo mitos e verdades,o-que-e-memoria-de-longo-prazo,planejado,,pendente,,,,
CAL0613,23/05/2027,2027-05-23,Dom,3,ART2540,KW1540,como funciona uma câmera fotográfica,Como funciona uma câmera fotográfica?,"Tecnologia, IA e ciência",tecnologia-ia-e-ciencia,,,KW7121; KW7122; KW7123; KW7124; KW7125; KW7126; KW7127; KW7128,como funciona uma câmera fotográfica explicado de forma simples; como funciona uma câmera fotográfica entenda como funciona; como funciona uma câmera fotográfica causas e explicação; como funciona uma câmera fotográfica perguntas e respostas; como funciona uma câmera fotográfica o que a ciência sabe; como funciona uma câmera fotográfica curiosidades e fatos; como funciona uma câmera fotográfica exemplos do dia a dia; como funciona uma câmera fotográfica mitos e verdades,como-funciona-uma-camera-fotografica,planejado,,pendente,,,,
CAL0614,24/05/2027,2027-05-24,Seg,1,ART2519,KW1519,o que é antimatéria,O que é antimatéria?,Universo e espaço,universo-e-espaco,,,KW7129; KW7130; KW7131; KW7132; KW7133; KW7134; KW7135; KW7136,o que é antimatéria explicado de forma simples; o que é antimatéria entenda como funciona; o que é antimatéria causas e explicação; o que é antimatéria perguntas e respostas; o que é antimatéria o que a ciência sabe; o que é antimatéria curiosidades e fatos; o que é antimatéria exemplos do dia a dia; o que é antimatéria mitos e verdades,o-que-e-antimateria,planejado,,pendente,,,,
CAL0615,24/05/2027,2027-05-24,Seg,2,ART2416,KW1416,por que temos sede depois de comer salgado,Por que temos sede depois de comer salgado?,Corpo humano,corpo-humano,,,KW7137; KW7138; KW7139; KW7140; KW7141; KW7142; KW7143; KW7144,por que temos sede depois de comer salgado explicado de forma simples; por que temos sede depois de comer salgado entenda como funciona; por que temos sede depois de comer salgado causas e explicação; por que temos sede depois de comer salgado perguntas e respostas; por que temos sede depois de comer salgado o que a ciência sabe; por que temos sede depois de comer salgado curiosidades e fatos; por que temos sede depois de comer salgado exemplos do dia a dia; por que temos sede depois de comer salgado mitos e verdades,por-que-temos-sede-depois-de-comer-salgado,planejado,,pendente,,,,
CAL0616,24/05/2027,2027-05-24,Seg,3,ART2538,KW1538,por que os ursos polares são brancos,Por que os ursos polares são brancos?,Animais,animais,,,KW7145; KW7146; KW7147; KW7148; KW7149; KW7150; KW7151; KW7152,por que os ursos polares são brancos explicado de forma simples; por que os ursos polares são brancos entenda como funciona; por que os ursos polares são brancos causas e explicação; por que os ursos polares são brancos perguntas e respostas; por que os ursos polares são brancos o que a ciência sabe; por que os ursos polares são brancos curiosidades e fatos; por que os ursos polares são brancos exemplos do dia a dia; por que os ursos polares são brancos mitos e verdades,por-que-os-ursos-polares-sao-brancos,planejado,,pendente,,,,
CAL0617,25/05/2027,2027-05-25,Ter,1,ART2557,KW1557,por que a água demora a esquentar,Por que a água demora a esquentar?,Ciência e fenômenos,ciencia-e-fenomenos,,,KW7153; KW7154; KW7155; KW7156; KW7157; KW7158; KW7159; KW7160,por que a água demora a esquentar explicado de forma simples; por que a água demora a esquentar entenda como funciona; por que a água demora a esquentar causas e explicação; por que a água demora a esquentar perguntas e respostas; por que a água demora a esquentar o que a ciência sabe; por que a água demora a esquentar curiosidades e fatos; por que a água demora a esquentar exemplos do dia a dia; por que a água demora a esquentar mitos e verdades,por-que-a-agua-demora-a-esquentar,planejado,,pendente,,,,
CAL0618,25/05/2027,2027-05-25,Ter,2,ART2403,KW1403,o que são falsas memórias,O que são falsas memórias?,Psicologia e comportamento,psicologia-e-comportamento,,,KW7161; KW7162; KW7163; KW7164; KW7165; KW7166; KW7167; KW7168,o que são falsas memórias explicado de forma simples; o que são falsas memórias entenda como funciona; o que são falsas memórias causas e explicação; o que são falsas memórias perguntas e respostas; o que são falsas memórias o que a ciência sabe; o que são falsas memórias curiosidades e fatos; o que são falsas memórias exemplos do dia a dia; o que são falsas memórias mitos e verdades,o-que-sao-falsas-memorias,planejado,,pendente,,,,
CAL0619,25/05/2027,2027-05-25,Ter,3,ART2546,KW1546,como funciona um robô aspirador,Como funciona um robô aspirador?,"Tecnologia, IA e ciência",tecnologia-ia-e-ciencia,,,KW7169; KW7170; KW7171; KW7172; KW7173; KW7174; KW7175; KW7176,como funciona um robô aspirador explicado de forma simples; como funciona um robô aspirador entenda como funciona; como funciona um robô aspirador causas e explicação; como funciona um robô aspirador perguntas e respostas; como funciona um robô aspirador o que a ciência sabe; como funciona um robô aspirador curiosidades e fatos; como funciona um robô aspirador exemplos do dia a dia; como funciona um robô aspirador mitos e verdades,como-funciona-um-robo-aspirador,planejado,,pendente,,,,
CAL0620,26/05/2027,2027-05-26,Qua,1,ART2525,KW1525,o que é a radiação cósmica de fundo,O que é a radiação cósmica de fundo?,Universo e espaço,universo-e-espaco,,,KW7177; KW7178; KW7179; KW7180; KW7181; KW7182; KW7183; KW7184,o que é a radiação cósmica de fundo explicado de forma simples; o que é a radiação cósmica de fundo entenda como funciona; o que é a radiação cósmica de fundo causas e explicação; o que é a radiação cósmica de fundo perguntas e respostas; o que é a radiação cósmica de fundo o que a ciência sabe; o que é a radiação cósmica de fundo curiosidades e fatos; o que é a radiação cósmica de fundo exemplos do dia a dia; o que é a radiação cósmica de fundo mitos e verdades,o-que-e-a-radiacao-cosmica-de-fundo,planejado,,pendente,,,,
CAL0621,26/05/2027,2027-05-26,Qua,2,ART2422,KW1422,por que alguns cheiros trazem memórias,Por que alguns cheiros trazem memórias?,Corpo humano,corpo-humano,,,KW7185; KW7186; KW7187; KW7188; KW7189; KW7190; KW7191; KW7192,por que alguns cheiros trazem memórias explicado de forma simples; por que alguns cheiros trazem memórias entenda como funciona; por que alguns cheiros trazem memórias causas e explicação; por que alguns cheiros trazem memórias perguntas e respostas; por que alguns cheiros trazem memórias o que a ciência sabe; por que alguns cheiros trazem memórias curiosidades e fatos; por que alguns cheiros trazem memórias exemplos do dia a dia; por que alguns cheiros trazem memórias mitos e verdades,por-que-alguns-cheiros-trazem-memorias,planejado,,pendente,,,,
CAL0622,26/05/2027,2027-05-26,Qua,3,ART2544,KW1544,por que os pandas comem bambu,Por que os pandas comem bambu?,Animais,animais,,,KW7193; KW7194; KW7195; KW7196; KW7197; KW7198; KW7199; KW7200,por que os pandas comem bambu explicado de forma simples; por que os pandas comem bambu entenda como funciona; por que os pandas comem bambu causas e explicação; por que os pandas comem bambu perguntas e respostas; por que os pandas comem bambu o que a ciência sabe; por que os pandas comem bambu curiosidades e fatos; por que os pandas comem bambu exemplos do dia a dia; por que os pandas comem bambu mitos e verdades,por-que-os-pandas-comem-bambu,planejado,,pendente,,,,
CAL0623,27/05/2027,2027-05-27,Qui,1,ART2563,KW1563,o que é o zero absoluto,O que é o zero absoluto?,Ciência e fenômenos,ciencia-e-fenomenos,,,KW7201; KW7202; KW7203; KW7204; KW7205; KW7206; KW7207; KW7208,o que é o zero absoluto explicado de forma simples; o que é o zero absoluto entenda como funciona; o que é o zero absoluto causas e explicação; o que é o zero absoluto perguntas e respostas; o que é o zero absoluto o que a ciência sabe; o que é o zero absoluto curiosidades e fatos; o que é o zero absoluto exemplos do dia a dia; o que é o zero absoluto mitos e verdades,o-que-e-o-zero-absoluto,planejado,,pendente,,,,
CAL0624,27/05/2027,2027-05-27,Qui,2,ART2409,KW1409,o que é amnésia infantil,O que é amnésia infantil?,Psicologia e comportamento,psicologia-e-comportamento,,,KW7209; KW7210; KW7211; KW7212; KW7213; KW7214; KW7215; KW7216,o que é amnésia infantil explicado de forma simples; o que é amnésia infantil entenda como funciona; o que é amnésia infantil causas e explicação; o que é amnésia infantil perguntas e respostas; o que é amnésia infantil o que a ciência sabe; o que é amnésia infantil curiosidades e fatos; o que é amnésia infantil exemplos do dia a dia; o que é amnésia infantil mitos e verdades,o-que-e-amnesia-infantil,planejado,,pendente,,,,
CAL0625,27/05/2027,2027-05-27,Qui,3,ART2552,KW1552,como funciona um robô industrial,Como funciona um robô industrial?,"Tecnologia, IA e ciência",tecnologia-ia-e-ciencia,,,KW7217; KW7218; KW7219; KW7220; KW7221; KW7222; KW7223; KW7224,como funciona um robô industrial explicado de forma simples; como funciona um robô industrial entenda como funciona; como funciona um robô industrial causas e explicação; como funciona um robô industrial perguntas e respostas; como funciona um robô industrial o que a ciência sabe; como funciona um robô industrial curiosidades e fatos; como funciona um robô industrial exemplos do dia a dia; como funciona um robô industrial mitos e verdades,como-funciona-um-robo-industrial,planejado,,pendente,,,,
CAL0626,28/05/2027,2027-05-28,Sex,1,ART2531,KW1531,o que é a inflação cósmica,O que é a inflação cósmica?,Universo e espaço,universo-e-espaco,,,KW7225; KW7226; KW7227; KW7228; KW7229; KW7230; KW7231; KW7232,o que é a inflação cósmica explicado de forma simples; o que é a inflação cósmica entenda como funciona; o que é a inflação cósmica causas e explicação; o que é a inflação cósmica perguntas e respostas; o que é a inflação cósmica o que a ciência sabe; o que é a inflação cósmica curiosidades e fatos; o que é a inflação cósmica exemplos do dia a dia; o que é a inflação cósmica mitos e verdades,o-que-e-a-inflacao-cosmica,planejado,,pendente,,,,
CAL0627,28/05/2027,2027-05-28,Sex,2,ART2428,KW1428,por que os pés suam,Por que os pés suam?,Corpo humano,corpo-humano,,,KW7233; KW7234; KW7235; KW7236; KW7237; KW7238; KW7239; KW7240,por que os pés suam explicado de forma simples; por que os pés suam entenda como funciona; por que os pés suam causas e explicação; por que os pés suam perguntas e respostas; por que os pés suam o que a ciência sabe; por que os pés suam curiosidades e fatos; por que os pés suam exemplos do dia a dia; por que os pés suam mitos e verdades,por-que-os-pes-suam,planejado,,pendente,,,,
CAL0628,28/05/2027,2027-05-28,Sex,3,ART2550,KW1550,por que os cangurus têm bolsa,Por que os cangurus têm bolsa?,Animais,animais,,,KW7241; KW7242; KW7243; KW7244; KW7245; KW7246; KW7247; KW7248,por que os cangurus têm bolsa explicado de forma simples; por que os cangurus têm bolsa entenda como funciona; por que os cangurus têm bolsa causas e explicação; por que os cangurus têm bolsa perguntas e respostas; por que os cangurus têm bolsa o que a ciência sabe; por que os cangurus têm bolsa curiosidades e fatos; por que os cangurus têm bolsa exemplos do dia a dia; por que os cangurus têm bolsa mitos e verdades,por-que-os-cangurus-tem-bolsa,planejado,,pendente,,,,
CAL0629,29/05/2027,2027-05-29,Sab,1,ART2569,KW1569,o que é a dilatação térmica,O que é a dilatação térmica?,Ciência e fenômenos,ciencia-e-fenomenos,,,KW7249; KW7250; KW7251; KW7252; KW7253; KW7254; KW7255; KW7256,o que é a dilatação térmica explicado de forma simples; o que é a dilatação térmica entenda como funciona; o que é a dilatação térmica causas e explicação; o que é a dilatação térmica perguntas e respostas; o que é a dilatação térmica o que a ciência sabe; o que é a dilatação térmica curiosidades e fatos; o que é a dilatação térmica exemplos do dia a dia; o que é a dilatação térmica mitos e verdades,o-que-e-a-dilatacao-termica,planejado,,pendente,,,,
CAL0630,29/05/2027,2027-05-29,Sab,2,ART2415,KW1415,por que não lembramos da infância,Por que não lembramos da infância?,Psicologia e comportamento,psicologia-e-comportamento,,,KW7257; KW7258; KW7259; KW7260; KW7261; KW7262; KW7263; KW7264,por que não lembramos da infância explicado de forma simples; por que não lembramos da infância entenda como funciona; por que não lembramos da infância causas e explicação; por que não lembramos da infância perguntas e respostas; por que não lembramos da infância o que a ciência sabe; por que não lembramos da infância curiosidades e fatos; por que não lembramos da infância exemplos do dia a dia; por que não lembramos da infância mitos e verdades,por-que-nao-lembramos-da-infancia,planejado,,pendente,,,,
CAL0631,29/05/2027,2027-05-29,Sab,3,ART2558,KW1558,como funciona a impressão 3D,Como funciona a impressão 3D?,"Tecnologia, IA e ciência",tecnologia-ia-e-ciencia,,,KW7265; KW7266; KW7267; KW7268; KW7269; KW7270; KW7271; KW7272,como funciona a impressão 3D explicado de forma simples; como funciona a impressão 3D entenda como funciona; como funciona a impressão 3D causas e explicação; como funciona a impressão 3D perguntas e respostas; como funciona a impressão 3D o que a ciência sabe; como funciona a impressão 3D curiosidades e fatos; como funciona a impressão 3D exemplos do dia a dia; como funciona a impressão 3D mitos e verdades,como-funciona-a-impressao-3d,planejado,,pendente,,,,
CAL0632,30/05/2027,2027-05-30,Dom,1,ART2537,KW1537,o que é o multiverso,O que é o multiverso?,Universo e espaço,universo-e-espaco,,,KW7273; KW7274; KW7275; KW7276; KW7277; KW7278; KW7279; KW7280,o que é o multiverso explicado de forma simples; o que é o multiverso entenda como funciona; o que é o multiverso causas e explicação; o que é o multiverso perguntas e respostas; o que é o multiverso o que a ciência sabe; o que é o multiverso curiosidades e fatos; o que é o multiverso exemplos do dia a dia; o que é o multiverso mitos e verdades,o-que-e-o-multiverso,planejado,,pendente,,,,
CAL0633,30/05/2027,2027-05-30,Dom,2,ART2434,KW1434,por que o suor tem cheiro,Por que o suor tem cheiro?,Corpo humano,corpo-humano,,,KW7281; KW7282; KW7283; KW7284; KW7285; KW7286; KW7287; KW7288,por que o suor tem cheiro explicado de forma simples; por que o suor tem cheiro entenda como funciona; por que o suor tem cheiro causas e explicação; por que o suor tem cheiro perguntas e respostas; por que o suor tem cheiro o que a ciência sabe; por que o suor tem cheiro curiosidades e fatos; por que o suor tem cheiro exemplos do dia a dia; por que o suor tem cheiro mitos e verdades,por-que-o-suor-tem-cheiro,planejado,,pendente,,,,
CAL0634,30/05/2027,2027-05-30,Dom,3,ART2556,KW1556,por que os coalas dormem tanto,Por que os coalas dormem tanto?,Animais,animais,,,KW7289; KW7290; KW7291; KW7292; KW7293; KW7294; KW7295; KW7296,por que os coalas dormem tanto explicado de forma simples; por que os coalas dormem tanto entenda como funciona; por que os coalas dormem tanto causas e explicação; por que os coalas dormem tanto perguntas e respostas; por que os coalas dormem tanto o que a ciência sabe; por que os coalas dormem tanto curiosidades e fatos; por que os coalas dormem tanto exemplos do dia a dia; por que os coalas dormem tanto mitos e verdades,por-que-os-coalas-dormem-tanto,planejado,,pendente,,,,
CAL0635,31/05/2027,2027-05-31,Seg,1,ART2575,KW1575,o que é convecção,O que é convecção?,Ciência e fenômenos,ciencia-e-fenomenos,,,KW7297; KW7298; KW7299; KW7300; KW7301; KW7302; KW7303; KW7304,o que é convecção explicado de forma simples; o que é convecção entenda como funciona; o que é convecção causas e explicação; o que é convecção perguntas e respostas; o que é convecção o que a ciência sabe; o que é convecção curiosidades e fatos; o que é convecção exemplos do dia a dia; o que é convecção mitos e verdades,o-que-e-conveccao,planejado,,pendente,,,,
CAL0636,31/05/2027,2027-05-31,Seg,2,ART2421,KW1421,por que lembramos de cheiros,Por que lembramos de cheiros?,Psicologia e comportamento,psicologia-e-comportamento,,,KW7305; KW7306; KW7307; KW7308; KW7309; KW7310; KW7311; KW7312,por que lembramos de cheiros explicado de forma simples; por que lembramos de cheiros entenda como funciona; por que lembramos de cheiros causas e explicação; por que lembramos de cheiros perguntas e respostas; por que lembramos de cheiros o que a ciência sabe; por que lembramos de cheiros curiosidades e fatos; por que lembramos de cheiros exemplos do dia a dia; por que lembramos de cheiros mitos e verdades,por-que-lembramos-de-cheiros,planejado,,pendente,,,,
CAL0637,31/05/2027,2027-05-31,Seg,3,ART2564,KW1564,como funciona a realidade aumentada,Como funciona a realidade aumentada?,"Tecnologia, IA e ciência",tecnologia-ia-e-ciencia,,,KW7313; KW7314; KW7315; KW7316; KW7317; KW7318; KW7319; KW7320,como funciona a realidade aumentada explicado de forma simples; como funciona a realidade aumentada entenda como funciona; como funciona a realidade aumentada causas e explicação; como funciona a realidade aumentada perguntas e respostas; como funciona a realidade aumentada o que a ciência sabe; como funciona a realidade aumentada curiosidades e fatos; como funciona a realidade aumentada exemplos do dia a dia; como funciona a realidade aumentada mitos e verdades,como-funciona-a-realidade-aumentada,planejado,,pendente,,,,
CAL0638,01/06/2027,2027-06-01,Ter,1,ART2543,KW1543,o universo tem fim,O universo tem fim?,Universo e espaço,universo-e-espaco,,,KW7321; KW7322; KW7323; KW7324; KW7325; KW7326; KW7327; KW7328,o universo tem fim explicado de forma simples; o universo tem fim entenda como funciona; o universo tem fim causas e explicação; o universo tem fim perguntas e respostas; o universo tem fim o que a ciência sabe; o universo tem fim curiosidades e fatos; o universo tem fim exemplos do dia a dia; o universo tem fim mitos e verdades,o-universo-tem-fim,planejado,,pendente,,,,
CAL0639,01/06/2027,2027-06-01,Ter,2,ART2440,KW1440,por que sentimos formigamento,Por que sentimos formigamento?,Corpo humano,corpo-humano,,,KW7329; KW7330; KW7331; KW7332; KW7333; KW7334; KW7335; KW7336,por que sentimos formigamento explicado de forma simples; por que sentimos formigamento entenda como funciona; por que sentimos formigamento causas e explicação; por que sentimos formigamento perguntas e respostas; por que sentimos formigamento o que a ciência sabe; por que sentimos formigamento curiosidades e fatos; por que sentimos formigamento exemplos do dia a dia; por que sentimos formigamento mitos e verdades,por-que-sentimos-formigamento,planejado,,pendente,,,,
CAL0640,01/06/2027,2027-06-01,Ter,3,ART2562,KW1562,por que os macacos se coçam,Por que os macacos se coçam?,Animais,animais,,,KW7337; KW7338; KW7339; KW7340; KW7341; KW7342; KW7343; KW7344,por que os macacos se coçam explicado de forma simples; por que os macacos se coçam entenda como funciona; por que os macacos se coçam causas e explicação; por que os macacos se coçam perguntas e respostas; por que os macacos se coçam o que a ciência sabe; por que os macacos se coçam curiosidades e fatos; por que os macacos se coçam exemplos do dia a dia; por que os macacos se coçam mitos e verdades,por-que-os-macacos-se-cocam,planejado,,pendente,,,,
CAL0641,02/06/2027,2027-06-02,Qua,1,ART2581,KW1581,como funciona uma garrafa térmica,Como funciona uma garrafa térmica?,Ciência e fenômenos,ciencia-e-fenomenos,,,KW7345; KW7346; KW7347; KW7348; KW7349; KW7350; KW7351; KW7352,como funciona uma garrafa térmica explicado de forma simples; como funciona uma garrafa térmica entenda como funciona; como funciona uma garrafa térmica causas e explicação; como funciona uma garrafa térmica perguntas e respostas; como funciona uma garrafa térmica o que a ciência sabe; como funciona uma garrafa térmica curiosidades e fatos; como funciona uma garrafa térmica exemplos do dia a dia; como funciona uma garrafa térmica mitos e verdades,como-funciona-uma-garrafa-termica,planejado,,pendente,,,,
CAL0642,02/06/2027,2027-06-02,Qua,2,ART2427,KW1427,por que esquecemos nomes,Por que esquecemos nomes?,Psicologia e comportamento,psicologia-e-comportamento,,,KW7353; KW7354; KW7355; KW7356; KW7357; KW7358; KW7359; KW7360,por que esquecemos nomes explicado de forma simples; por que esquecemos nomes entenda como funciona; por que esquecemos nomes causas e explicação; por que esquecemos nomes perguntas e respostas; por que esquecemos nomes o que a ciência sabe; por que esquecemos nomes curiosidades e fatos; por que esquecemos nomes exemplos do dia a dia; por que esquecemos nomes mitos e verdades,por-que-esquecemos-nomes,planejado,,pendente,,,,
CAL0643,02/06/2027,2027-06-02,Qua,3,ART2570,KW1570,como funciona um videogame,Como funciona um videogame?,"Tecnologia, IA e ciência",tecnologia-ia-e-ciencia,,,KW7361; KW7362; KW7363; KW7364; KW7365; KW7366; KW7367; KW7368,como funciona um videogame explicado de forma simples; como funciona um videogame entenda como funciona; como funciona um videogame causas e explicação; como funciona um videogame perguntas e respostas; como funciona um videogame o que a ciência sabe; como funciona um videogame curiosidades e fatos; como funciona um videogame exemplos do dia a dia; como funciona um videogame mitos e verdades,como-funciona-um-videogame,planejado,,pendente,,,,
CAL0644,03/06/2027,2027-06-03,Qui,1,ART2549,KW1549,por que o universo está se expandindo,Por que o universo está se expandindo?,Universo e espaço,universo-e-espaco,,,KW7369; KW7370; KW7371; KW7372; KW7373; KW7374; KW7375; KW7376,por que o universo está se expandindo explicado de forma simples; por que o universo está se expandindo entenda como funciona; por que o universo está se expandindo causas e explicação; por que o universo está se expandindo perguntas e respostas; por que o universo está se expandindo o que a ciência sabe; por que o universo está se expandindo curiosidades e fatos; por que o universo está se expandindo exemplos do dia a dia; por que o universo está se expandindo mitos e verdades,por-que-o-universo-esta-se-expandindo,planejado,,pendente,,,,
CAL0645,03/06/2027,2027-06-03,Qui,2,ART2446,KW1446,por que a perna dorme,Por que a perna dorme?,Corpo humano,corpo-humano,,,KW7377; KW7378; KW7379; KW7380; KW7381; KW7382; KW7383; KW7384,por que a perna dorme explicado de forma simples; por que a perna dorme entenda como funciona; por que a perna dorme causas e explicação; por que a perna dorme perguntas e respostas; por que a perna dorme o que a ciência sabe; por que a perna dorme curiosidades e fatos; por que a perna dorme exemplos do dia a dia; por que a perna dorme mitos e verdades,por-que-a-perna-dorme,planejado,,pendente,,,,
CAL0646,03/06/2027,2027-06-03,Qui,3,ART2568,KW1568,por que os macacos se catam,Por que os macacos se catam?,Animais,animais,,,KW7385; KW7386; KW7387; KW7388; KW7389; KW7390; KW7391; KW7392,por que os macacos se catam explicado de forma simples; por que os macacos se catam entenda como funciona; por que os macacos se catam causas e explicação; por que os macacos se catam perguntas e respostas; por que os macacos se catam o que a ciência sabe; por que os macacos se catam curiosidades e fatos; por que os macacos se catam exemplos do dia a dia; por que os macacos se catam mitos e verdades,por-que-os-macacos-se-catam,planejado,,pendente,,,,
CAL0647,04/06/2027,2027-06-04,Sex,1,ART2587,KW1587,por que o ar quente sobe,Por que o ar quente sobe?,Ciência e fenômenos,ciencia-e-fenomenos,,,KW7393; KW7394; KW7395; KW7396; KW7397; KW7398; KW7399; KW7400,por que o ar quente sobe explicado de forma simples; por que o ar quente sobe entenda como funciona; por que o ar quente sobe causas e explicação; por que o ar quente sobe perguntas e respostas; por que o ar quente sobe o que a ciência sabe; por que o ar quente sobe curiosidades e fatos; por que o ar quente sobe exemplos do dia a dia; por que o ar quente sobe mitos e verdades,por-que-o-ar-quente-sobe,planejado,,pendente,,,,
CAL0648,04/06/2027,2027-06-04,Sex,2,ART2433,KW1433,por que temos algo na ponta da língua,Por que temos algo na ponta da língua?,Psicologia e comportamento,psicologia-e-comportamento,,,KW7401; KW7402; KW7403; KW7404; KW7405; KW7406; KW7407; KW7408,por que temos algo na ponta da língua explicado de forma simples; por que temos algo na ponta da língua entenda como funciona; por que temos algo na ponta da língua causas e explicação; por que temos algo na ponta da língua perguntas e respostas; por que temos algo na ponta da língua o que a ciência sabe; por que temos algo na ponta da língua curiosidades e fatos; por que temos algo na ponta da língua exemplos do dia a dia; por que temos algo na ponta da língua mitos e verdades,por-que-temos-algo-na-ponta-da-lingua,planejado,,pendente,,,,
CAL0649,04/06/2027,2027-06-04,Sex,3,ART2576,KW1576,como funciona um smartwatch,Como funciona um smartwatch?,"Tecnologia, IA e ciência",tecnologia-ia-e-ciencia,,,KW7409; KW7410; KW7411; KW7412; KW7413; KW7414; KW7415; KW7416,como funciona um smartwatch explicado de forma simples; como funciona um smartwatch entenda como funciona; como funciona um smartwatch causas e explicação; como funciona um smartwatch perguntas e respostas; como funciona um smartwatch o que a ciência sabe; como funciona um smartwatch curiosidades e fatos; como funciona um smartwatch exemplos do dia a dia; como funciona um smartwatch mitos e verdades,como-funciona-um-smartwatch,planejado,,pendente,,,,
CAL0650,05/06/2027,2027-06-05,Sab,1,ART2555,KW1555,o que é o big crunch,O que é o big crunch?,Universo e espaço,universo-e-espaco,,,KW7417; KW7418; KW7419; KW7420; KW7421; KW7422; KW7423; KW7424,o que é o big crunch explicado de forma simples; o que é o big crunch entenda como funciona; o que é o big crunch causas e explicação; o que é o big crunch perguntas e respostas; o que é o big crunch o que a ciência sabe; o que é o big crunch curiosidades e fatos; o que é o big crunch exemplos do dia a dia; o que é o big crunch mitos e verdades,o-que-e-o-big-crunch,planejado,,pendente,,,,
CAL0651,05/06/2027,2027-06-05,Sab,2,ART2452,KW1452,por que temos tremores,Por que temos tremores?,Corpo humano,corpo-humano,,,KW7425; KW7426; KW7427; KW7428; KW7429; KW7430; KW7431; KW7432,por que temos tremores explicado de forma simples; por que temos tremores entenda como funciona; por que temos tremores causas e explicação; por que temos tremores perguntas e respostas; por que temos tremores o que a ciência sabe; por que temos tremores curiosidades e fatos; por que temos tremores exemplos do dia a dia; por que temos tremores mitos e verdades,por-que-temos-tremores,planejado,,pendente,,,,
CAL0652,05/06/2027,2027-06-05,Sab,3,ART2574,KW1574,por que os gorilas batem no peito,Por que os gorilas batem no peito?,Animais,animais,,,KW7433; KW7434; KW7435; KW7436; KW7437; KW7438; KW7439; KW7440,por que os gorilas batem no peito explicado de forma simples; por que os gorilas batem no peito entenda como funciona; por que os gorilas batem no peito causas e explicação; por que os gorilas batem no peito perguntas e respostas; por que os gorilas batem no peito o que a ciência sabe; por que os gorilas batem no peito curiosidades e fatos; por que os gorilas batem no peito exemplos do dia a dia; por que os gorilas batem no peito mitos e verdades,por-que-os-gorilas-batem-no-peito,planejado,,pendente,,,,
CAL0653,06/06/2027,2027-06-06,Dom,1,ART2593,KW1593,como voam os balões,Como voam os balões?,Ciência e fenômenos,ciencia-e-fenomenos,,,KW7441; KW7442; KW7443; KW7444; KW7445; KW7446; KW7447; KW7448,como voam os balões explicado de forma simples; como voam os balões entenda como funciona; como voam os balões causas e explicação; como voam os balões perguntas e respostas; como voam os balões o que a ciência sabe; como voam os balões curiosidades e fatos; como voam os balões exemplos do dia a dia; como voam os balões mitos e verdades,como-voam-os-baloes,planejado,,pendente,,,,
CAL0654,06/06/2027,2027-06-06,Dom,2,ART2439,KW1439,por que temos lapsos de memória,Por que temos lapsos de memória?,Psicologia e comportamento,psicologia-e-comportamento,,,KW7449; KW7450; KW7451; KW7452; KW7453; KW7454; KW7455; KW7456,por que temos lapsos de memória explicado de forma simples; por que temos lapsos de memória entenda como funciona; por que temos lapsos de memória causas e explicação; por que temos lapsos de memória perguntas e respostas; por que temos lapsos de memória o que a ciência sabe; por que temos lapsos de memória curiosidades e fatos; por que temos lapsos de memória exemplos do dia a dia; por que temos lapsos de memória mitos e verdades,por-que-temos-lapsos-de-memoria,planejado,,pendente,,,,
CAL0655,06/06/2027,2027-06-06,Dom,3,ART2582,KW1582,como funciona um sensor de movimento,Como funciona um sensor de movimento?,"Tecnologia, IA e ciência",tecnologia-ia-e-ciencia,,,KW7457; KW7458; KW7459; KW7460; KW7461; KW7462; KW7463; KW7464,como funciona um sensor de movimento explicado de forma simples; como funciona um sensor de movimento entenda como funciona; como funciona um sensor de movimento causas e explicação; como funciona um sensor de movimento perguntas e respostas; como funciona um sensor de movimento o que a ciência sabe; como funciona um sensor de movimento curiosidades e fatos; como funciona um sensor de movimento exemplos do dia a dia; como funciona um sensor de movimento mitos e verdades,como-funciona-um-sensor-de-movimento,planejado,,pendente,,,,
CAL0656,07/06/2027,2027-06-07,Seg,1,ART2561,KW1561,o que é entropia,O que é entropia?,Universo e espaço,universo-e-espaco,,,KW7465; KW7466; KW7467; KW7468; KW7469; KW7470; KW7471; KW7472,o que é entropia explicado de forma simples; o que é entropia entenda como funciona; o que é entropia causas e explicação; o que é entropia perguntas e respostas; o que é entropia o que a ciência sabe; o que é entropia curiosidades e fatos; o que é entropia exemplos do dia a dia; o que é entropia mitos e verdades,o-que-e-entropia,planejado,,pendente,,,,
CAL0657,07/06/2027,2027-06-07,Seg,2,ART2458,KW1458,por que temos tique nervoso,Por que temos tique nervoso?,Corpo humano,corpo-humano,,,KW7473; KW7474; KW7475; KW7476; KW7477; KW7478; KW7479; KW7480,por que temos tique nervoso explicado de forma simples; por que temos tique nervoso entenda como funciona; por que temos tique nervoso causas e explicação; por que temos tique nervoso perguntas e respostas; por que temos tique nervoso o que a ciência sabe; por que temos tique nervoso curiosidades e fatos; por que temos tique nervoso exemplos do dia a dia; por que temos tique nervoso mitos e verdades,por-que-temos-tique-nervoso,planejado,,pendente,,,,
CAL0658,07/06/2027,2027-06-07,Seg,3,ART2580,KW1580,por que os chimpanzés usam ferramentas,Por que os chimpanzés usam ferramentas?,Animais,animais,,,KW7481; KW7482; KW7483; KW7484; KW7485; KW7486; KW7487; KW7488,por que os chimpanzés usam ferramentas explicado de forma simples; por que os chimpanzés usam ferramentas entenda como funciona; por que os chimpanzés usam ferramentas causas e explicação; por que os chimpanzés usam ferramentas perguntas e respostas; por que os chimpanzés usam ferramentas o que a ciência sabe; por que os chimpanzés usam ferramentas curiosidades e fatos; por que os chimpanzés usam ferramentas exemplos do dia a dia; por que os chimpanzés usam ferramentas mitos e verdades,por-que-os-chimpanzes-usam-ferramentas,planejado,,pendente,,,,
CAL0659,08/06/2027,2027-06-08,Ter,1,ART2599,KW1599,como voam os aviões,Como voam os aviões?,Ciência e fenômenos,ciencia-e-fenomenos,,,KW7489; KW7490; KW7491; KW7492; KW7493; KW7494; KW7495; KW7496,como voam os aviões explicado de forma simples; como voam os aviões entenda como funciona; como voam os aviões causas e explicação; como voam os aviões perguntas e respostas; como voam os aviões o que a ciência sabe; como voam os aviões curiosidades e fatos; como voam os aviões exemplos do dia a dia; como voam os aviões mitos e verdades,como-voam-os-avioes,planejado,,pendente,,,,
CAL0660,08/06/2027,2027-06-08,Ter,2,ART2445,KW1445,por que seguimos a multidão,Por que seguimos a multidão?,Psicologia e comportamento,psicologia-e-comportamento,,,KW7497; KW7498; KW7499; KW7500; KW7501; KW7502; KW7503; KW7504,por que seguimos a multidão explicado de forma simples; por que seguimos a multidão entenda como funciona; por que seguimos a multidão causas e explicação; por que seguimos a multidão perguntas e respostas; por que seguimos a multidão o que a ciência sabe; por que seguimos a multidão curiosidades e fatos; por que seguimos a multidão exemplos do dia a dia; por que seguimos a multidão mitos e verdades,por-que-seguimos-a-multidao,planejado,,pendente,,,,
CAL0661,08/06/2027,2027-06-08,Ter,3,ART2588,KW1588,como funciona um termômetro digital,Como funciona um termômetro digital?,"Tecnologia, IA e ciência",tecnologia-ia-e-ciencia,,,KW7505; KW7506; KW7507; KW7508; KW7509; KW7510; KW7511; KW7512,como funciona um termômetro digital explicado de forma simples; como funciona um termômetro digital entenda como funciona; como funciona um termômetro digital causas e explicação; como funciona um termômetro digital perguntas e respostas; como funciona um termômetro digital o que a ciência sabe; como funciona um termômetro digital curiosidades e fatos; como funciona um termômetro digital exemplos do dia a dia; como funciona um termômetro digital mitos e verdades,como-funciona-um-termometro-digital,planejado,,pendente,,,,
CAL0662,09/06/2027,2027-06-09,Qua,1,ART2567,KW1567,o que é a constante de Hubble,O que é a constante de Hubble?,Universo e espaço,universo-e-espaco,,,KW7513; KW7514; KW7515; KW7516; KW7517; KW7518; KW7519; KW7520,o que é a constante de Hubble explicado de forma simples; o que é a constante de Hubble entenda como funciona; o que é a constante de Hubble causas e explicação; o que é a constante de Hubble perguntas e respostas; o que é a constante de Hubble o que a ciência sabe; o que é a constante de Hubble curiosidades e fatos; o que é a constante de Hubble exemplos do dia a dia; o que é a constante de Hubble mitos e verdades,o-que-e-a-constante-de-hubble,planejado,,pendente,,,,
CAL0663,09/06/2027,2027-06-09,Qua,2,ART2464,KW1464,por que o coração bate,Por que o coração bate?,Corpo humano,corpo-humano,,,KW7521; KW7522; KW7523; KW7524; KW7525; KW7526; KW7527; KW7528,por que o coração bate explicado de forma simples; por que o coração bate entenda como funciona; por que o coração bate causas e explicação; por que o coração bate perguntas e respostas; por que o coração bate o que a ciência sabe; por que o coração bate curiosidades e fatos; por que o coração bate exemplos do dia a dia; por que o coração bate mitos e verdades,por-que-o-coracao-bate,planejado,,pendente,,,,
CAL0664,09/06/2027,2027-06-09,Qua,3,ART2586,KW1586,por que os lobos uivam,Por que os lobos uivam?,Animais,animais,,,KW7529; KW7530; KW7531; KW7532; KW7533; KW7534; KW7535; KW7536,por que os lobos uivam explicado de forma simples; por que os lobos uivam entenda como funciona; por que os lobos uivam causas e explicação; por que os lobos uivam perguntas e respostas; por que os lobos uivam o que a ciência sabe; por que os lobos uivam curiosidades e fatos; por que os lobos uivam exemplos do dia a dia; por que os lobos uivam mitos e verdades,por-que-os-lobos-uivam,planejado,,pendente,,,,
CAL0665,10/06/2027,2027-06-10,Qui,1,ART2605,KW1605,o que é empuxo,O que é empuxo?,Ciência e fenômenos,ciencia-e-fenomenos,,,KW7537; KW7538; KW7539; KW7540; KW7541; KW7542; KW7543; KW7544,o que é empuxo explicado de forma simples; o que é empuxo entenda como funciona; o que é empuxo causas e explicação; o que é empuxo perguntas e respostas; o que é empuxo o que a ciência sabe; o que é empuxo curiosidades e fatos; o que é empuxo exemplos do dia a dia; o que é empuxo mitos e verdades,o-que-e-empuxo,planejado,,pendente,,,,
CAL0666,10/06/2027,2027-06-10,Qui,2,ART2451,KW1451,por que temos preconceitos,Por que temos preconceitos?,Psicologia e comportamento,psicologia-e-comportamento,,,KW7545; KW7546; KW7547; KW7548; KW7549; KW7550; KW7551; KW7552,por que temos preconceitos explicado de forma simples; por que temos preconceitos entenda como funciona; por que temos preconceitos causas e explicação; por que temos preconceitos perguntas e respostas; por que temos preconceitos o que a ciência sabe; por que temos preconceitos curiosidades e fatos; por que temos preconceitos exemplos do dia a dia; por que temos preconceitos mitos e verdades,por-que-temos-preconceitos,planejado,,pendente,,,,
CAL0667,10/06/2027,2027-06-10,Qui,3,ART2594,KW1594,como funciona o radar,Como funciona o radar?,"Tecnologia, IA e ciência",tecnologia-ia-e-ciencia,,,KW7553; KW7554; KW7555; KW7556; KW7557; KW7558; KW7559; KW7560,como funciona o radar explicado de forma simples; como funciona o radar entenda como funciona; como funciona o radar causas e explicação; como funciona o radar perguntas e respostas; como funciona o radar o que a ciência sabe; como funciona o radar curiosidades e fatos; como funciona o radar exemplos do dia a dia; como funciona o radar mitos e verdades,como-funciona-o-radar,planejado,,pendente,,,,
CAL0668,11/06/2027,2027-06-11,Sex,1,ART2573,KW1573,o que é o desvio para o vermelho,O que é o desvio para o vermelho?,Universo e espaço,universo-e-espaco,,,KW7561; KW7562; KW7563; KW7564; KW7565; KW7566; KW7567; KW7568,o que é o desvio para o vermelho explicado de forma simples; o que é o desvio para o vermelho entenda como funciona; o que é o desvio para o vermelho causas e explicação; o que é o desvio para o vermelho perguntas e respostas; o que é o desvio para o vermelho o que a ciência sabe; o que é o desvio para o vermelho curiosidades e fatos; o que é o desvio para o vermelho exemplos do dia a dia; o que é o desvio para o vermelho mitos e verdades,o-que-e-o-desvio-para-o-vermelho,planejado,,pendente,,,,
CAL0669,11/06/2027,2027-06-11,Sex,2,ART2470,KW1470,por que temos pressão arterial,Por que temos pressão arterial?,Corpo humano,corpo-humano,,,KW7569; KW7570; KW7571; KW7572; KW7573; KW7574; KW7575; KW7576,por que temos pressão arterial explicado de forma simples; por que temos pressão arterial entenda como funciona; por que temos pressão arterial causas e explicação; por que temos pressão arterial perguntas e respostas; por que temos pressão arterial o que a ciência sabe; por que temos pressão arterial curiosidades e fatos; por que temos pressão arterial exemplos do dia a dia; por que temos pressão arterial mitos e verdades,por-que-temos-pressao-arterial,planejado,,pendente,,,,
CAL0670,11/06/2027,2027-06-11,Sex,3,ART2592,KW1592,por que as raposas têm a cauda felpuda,Por que as raposas têm a cauda felpuda?,Animais,animais,,,KW7577; KW7578; KW7579; KW7580; KW7581; KW7582; KW7583; KW7584,por que as raposas têm a cauda felpuda explicado de forma simples; por que as raposas têm a cauda felpuda entenda como funciona; por que as raposas têm a cauda felpuda causas e explicação; por que as raposas têm a cauda felpuda perguntas e respostas; por que as raposas têm a cauda felpuda o que a ciência sabe; por que as raposas têm a cauda felpuda curiosidades e fatos; por que as raposas têm a cauda felpuda exemplos do dia a dia; por que as raposas têm a cauda felpuda mitos e verdades,por-que-as-raposas-tem-a-cauda-felpuda,planejado,,pendente,,,,
CAL0671,12/06/2027,2027-06-12,Sab,1,ART2611,KW1611,por que os navios flutuam,Por que os navios flutuam?,Ciência e fenômenos,ciencia-e-fenomenos,,,KW7585; KW7586; KW7587; KW7588; KW7589; KW7590; KW7591; KW7592,por que os navios flutuam explicado de forma simples; por que os navios flutuam entenda como funciona; por que os navios flutuam causas e explicação; por que os navios flutuam perguntas e respostas; por que os navios flutuam o que a ciência sabe; por que os navios flutuam curiosidades e fatos; por que os navios flutuam exemplos do dia a dia; por que os navios flutuam mitos e verdades,por-que-os-navios-flutuam,planejado,,pendente,,,,
CAL0672,12/06/2027,2027-06-12,Sab,2,ART2457,KW1457,por que fazemos fofoca,Por que fazemos fofoca?,Psicologia e comportamento,psicologia-e-comportamento,,,KW7593; KW7594; KW7595; KW7596; KW7597; KW7598; KW7599; KW7600,por que fazemos fofoca explicado de forma simples; por que fazemos fofoca entenda como funciona; por que fazemos fofoca causas e explicação; por que fazemos fofoca perguntas e respostas; por que fazemos fofoca o que a ciência sabe; por que fazemos fofoca curiosidades e fatos; por que fazemos fofoca exemplos do dia a dia; por que fazemos fofoca mitos e verdades,por-que-fazemos-fofoca,planejado,,pendente,,,,
CAL0673,12/06/2027,2027-06-12,Sab,3,ART2600,KW1600,como funciona o sonar,Como funciona o sonar?,"Tecnologia, IA e ciência",tecnologia-ia-e-ciencia,,,KW7601; KW7602; KW7603; KW7604; KW7605; KW7606; KW7607; KW7608,como funciona o sonar explicado de forma simples; como funciona o sonar entenda como funciona; como funciona o sonar causas e explicação; como funciona o sonar perguntas e respostas; como funciona o sonar o que a ciência sabe; como funciona o sonar curiosidades e fatos; como funciona o sonar exemplos do dia a dia; como funciona o sonar mitos e verdades,como-funciona-o-sonar,planejado,,pendente,,,,
CAL0674,13/06/2027,2027-06-13,Dom,1,ART2579,KW1579,o que é paralaxe,O que é paralaxe?,Universo e espaço,universo-e-espaco,,,KW7609; KW7610; KW7611; KW7612; KW7613; KW7614; KW7615; KW7616,o que é paralaxe explicado de forma simples; o que é paralaxe entenda como funciona; o que é paralaxe causas e explicação; o que é paralaxe perguntas e respostas; o que é paralaxe o que a ciência sabe; o que é paralaxe curiosidades e fatos; o que é paralaxe exemplos do dia a dia; o que é paralaxe mitos e verdades,o-que-e-paralaxe,planejado,,pendente,,,,
CAL0675,13/06/2027,2027-06-13,Dom,2,ART2476,KW1476,por que ficamos pálidos,Por que ficamos pálidos?,Corpo humano,corpo-humano,,,KW7617; KW7618; KW7619; KW7620; KW7621; KW7622; KW7623; KW7624,por que ficamos pálidos explicado de forma simples; por que ficamos pálidos entenda como funciona; por que ficamos pálidos causas e explicação; por que ficamos pálidos perguntas e respostas; por que ficamos pálidos o que a ciência sabe; por que ficamos pálidos curiosidades e fatos; por que ficamos pálidos exemplos do dia a dia; por que ficamos pálidos mitos e verdades,por-que-ficamos-palidos,planejado,,pendente,,,,
CAL0676,13/06/2027,2027-06-13,Dom,3,ART2598,KW1598,por que os esquilos escondem nozes,Por que os esquilos escondem nozes?,Animais,animais,,,KW7625; KW7626; KW7627; KW7628; KW7629; KW7630; KW7631; KW7632,por que os esquilos escondem nozes explicado de forma simples; por que os esquilos escondem nozes entenda como funciona; por que os esquilos escondem nozes causas e explicação; por que os esquilos escondem nozes perguntas e respostas; por que os esquilos escondem nozes o que a ciência sabe; por que os esquilos escondem nozes curiosidades e fatos; por que os esquilos escondem nozes exemplos do dia a dia; por que os esquilos escondem nozes mitos e verdades,por-que-os-esquilos-escondem-nozes,planejado,,pendente,,,,
CAL0677,14/06/2027,2027-06-14,Seg,1,ART2617,KW1617,o que é densidade,O que é densidade?,Ciência e fenômenos,ciencia-e-fenomenos,,,KW7633; KW7634; KW7635; KW7636; KW7637; KW7638; KW7639; KW7640,o que é densidade explicado de forma simples; o que é densidade entenda como funciona; o que é densidade causas e explicação; o que é densidade perguntas e respostas; o que é densidade o que a ciência sabe; o que é densidade curiosidades e fatos; o que é densidade exemplos do dia a dia; o que é densidade mitos e verdades,o-que-e-densidade,planejado,,pendente,,,,
CAL0678,14/06/2027,2027-06-14,Seg,2,ART2463,KW1463,por que gostamos de conversar,Por que gostamos de conversar?,Psicologia e comportamento,psicologia-e-comportamento,,,KW7641; KW7642; KW7643; KW7644; KW7645; KW7646; KW7647; KW7648,por que gostamos de conversar explicado de forma simples; por que gostamos de conversar entenda como funciona; por que gostamos de conversar causas e explicação; por que gostamos de conversar perguntas e respostas; por que gostamos de conversar o que a ciência sabe; por que gostamos de conversar curiosidades e fatos; por que gostamos de conversar exemplos do dia a dia; por que gostamos de conversar mitos e verdades,por-que-gostamos-de-conversar,planejado,,pendente,,,,
CAL0679,14/06/2027,2027-06-14,Seg,3,ART2606,KW1606,como funciona o código de barras,Como funciona o código de barras?,"Tecnologia, IA e ciência",tecnologia-ia-e-ciencia,,,KW7649; KW7650; KW7651; KW7652; KW7653; KW7654; KW7655; KW7656,como funciona o código de barras explicado de forma simples; como funciona o código de barras entenda como funciona; como funciona o código de barras causas e explicação; como funciona o código de barras perguntas e respostas; como funciona o código de barras o que a ciência sabe; como funciona o código de barras curiosidades e fatos; como funciona o código de barras exemplos do dia a dia; como funciona o código de barras mitos e verdades,como-funciona-o-codigo-de-barras,planejado,,pendente,,,,
CAL0680,15/06/2027,2027-06-15,Ter,1,ART2585,KW1585,o que é uma unidade astronômica,O que é uma unidade astronômica?,Universo e espaço,universo-e-espaco,,,KW7657; KW7658; KW7659; KW7660; KW7661; KW7662; KW7663; KW7664,o que é uma unidade astronômica explicado de forma simples; o que é uma unidade astronômica entenda como funciona; o que é uma unidade astronômica causas e explicação; o que é uma unidade astronômica perguntas e respostas; o que é uma unidade astronômica o que a ciência sabe; o que é uma unidade astronômica curiosidades e fatos; o que é uma unidade astronômica exemplos do dia a dia; o que é uma unidade astronômica mitos e verdades,o-que-e-uma-unidade-astronomica,planejado,,pendente,,,,
CAL0681,15/06/2027,2027-06-15,Ter,2,ART2482,KW1482,por que desmaiamos,Por que desmaiamos?,Corpo humano,corpo-humano,,,KW7665; KW7666; KW7667; KW7668; KW7669; KW7670; KW7671; KW7672,por que desmaiamos explicado de forma simples; por que desmaiamos entenda como funciona; por que desmaiamos causas e explicação; por que desmaiamos perguntas e respostas; por que desmaiamos o que a ciência sabe; por que desmaiamos curiosidades e fatos; por que desmaiamos exemplos do dia a dia; por que desmaiamos mitos e verdades,por-que-desmaiamos,planejado,,pendente,,,,
CAL0682,15/06/2027,2027-06-15,Ter,3,ART2604,KW1604,por que os castores constroem barragens,Por que os castores constroem barragens?,Animais,animais,,,KW7673; KW7674; KW7675; KW7676; KW7677; KW7678; KW7679; KW7680,por que os castores constroem barragens explicado de forma simples; por que os castores constroem barragens entenda como funciona; por que os castores constroem barragens causas e explicação; por que os castores constroem barragens perguntas e respostas; por que os castores constroem barragens o que a ciência sabe; por que os castores constroem barragens curiosidades e fatos; por que os castores constroem barragens exemplos do dia a dia; por que os castores constroem barragens mitos e verdades,por-que-os-castores-constroem-barragens,planejado,,pendente,,,,
CAL0683,16/06/2027,2027-06-16,Qua,1,ART2623,KW1623,como funciona um submarino,Como funciona um submarino?,Ciência e fenômenos,ciencia-e-fenomenos,,,KW7681; KW7682; KW7683; KW7684; KW7685; KW7686; KW7687; KW7688,como funciona um submarino explicado de forma simples; como funciona um submarino entenda como funciona; como funciona um submarino causas e explicação; como funciona um submarino perguntas e respostas; como funciona um submarino o que a ciência sabe; como funciona um submarino curiosidades e fatos; como funciona um submarino exemplos do dia a dia; como funciona um submarino mitos e verdades,como-funciona-um-submarino,planejado,,pendente,,,,
CAL0684,16/06/2027,2027-06-16,Qua,2,ART2469,KW1469,por que buscamos status,Por que buscamos status?,Psicologia e comportamento,psicologia-e-comportamento,,,KW7689; KW7690; KW7691; KW7692; KW7693; KW7694; KW7695; KW7696,por que buscamos status explicado de forma simples; por que buscamos status entenda como funciona; por que buscamos status causas e explicação; por que buscamos status perguntas e respostas; por que buscamos status o que a ciência sabe; por que buscamos status curiosidades e fatos; por que buscamos status exemplos do dia a dia; por que buscamos status mitos e verdades,por-que-buscamos-status,planejado,,pendente,,,,
CAL0685,16/06/2027,2027-06-16,Qua,3,ART2612,KW1612,como funciona o QR Code,Como funciona o QR Code?,"Tecnologia, IA e ciência",tecnologia-ia-e-ciencia,,,KW7697; KW7698; KW7699; KW7700; KW7701; KW7702; KW7703; KW7704,como funciona o QR Code explicado de forma simples; como funciona o QR Code entenda como funciona; como funciona o QR Code causas e explicação; como funciona o QR Code perguntas e respostas; como funciona o QR Code o que a ciência sabe; como funciona o QR Code curiosidades e fatos; como funciona o QR Code exemplos do dia a dia; como funciona o QR Code mitos e verdades,como-funciona-o-qr-code,planejado,,pendente,,,,
CAL0686,17/06/2027,2027-06-17,Qui,1,ART2591,KW1591,o que é um parsec,O que é um parsec?,Universo e espaço,universo-e-espaco,,,KW7705; KW7706; KW7707; KW7708; KW7709; KW7710; KW7711; KW7712,o que é um parsec explicado de forma simples; o que é um parsec entenda como funciona; o que é um parsec causas e explicação; o que é um parsec perguntas e respostas; o que é um parsec o que a ciência sabe; o que é um parsec curiosidades e fatos; o que é um parsec exemplos do dia a dia; o que é um parsec mitos e verdades,o-que-e-um-parsec,planejado,,pendente,,,,
CAL0687,17/06/2027,2027-06-17,Qui,2,ART2488,KW1488,por que ficamos tontos ao levantar rápido,Por que ficamos tontos ao levantar rápido?,Corpo humano,corpo-humano,,,KW7713; KW7714; KW7715; KW7716; KW7717; KW7718; KW7719; KW7720,por que ficamos tontos ao levantar rápido explicado de forma simples; por que ficamos tontos ao levantar rápido entenda como funciona; por que ficamos tontos ao levantar rápido causas e explicação; por que ficamos tontos ao levantar rápido perguntas e respostas; por que ficamos tontos ao levantar rápido o que a ciência sabe; por que ficamos tontos ao levantar rápido curiosidades e fatos; por que ficamos tontos ao levantar rápido exemplos do dia a dia; por que ficamos tontos ao levantar rápido mitos e verdades,por-que-ficamos-tontos-ao-levantar-rapido,planejado,,pendente,,,,
CAL0688,17/06/2027,2027-06-17,Qui,3,ART2610,KW1610,por que os ouriços têm espinhos,Por que os ouriços têm espinhos?,Animais,animais,,,KW7721; KW7722; KW7723; KW7724; KW7725; KW7726; KW7727; KW7728,por que os ouriços têm espinhos explicado de forma simples; por que os ouriços têm espinhos entenda como funciona; por que os ouriços têm espinhos causas e explicação; por que os ouriços têm espinhos perguntas e respostas; por que os ouriços têm espinhos o que a ciência sabe; por que os ouriços têm espinhos curiosidades e fatos; por que os ouriços têm espinhos exemplos do dia a dia; por que os ouriços têm espinhos mitos e verdades,por-que-os-ouricos-tem-espinhos,planejado,,pendente,,,,
CAL0689,18/06/2027,2027-06-18,Sex,1,ART2629,KW1629,o que é vácuo,O que é vácuo?,Ciência e fenômenos,ciencia-e-fenomenos,,,KW7729; KW7730; KW7731; KW7732; KW7733; KW7734; KW7735; KW7736,o que é vácuo explicado de forma simples; o que é vácuo entenda como funciona; o que é vácuo causas e explicação; o que é vácuo perguntas e respostas; o que é vácuo o que a ciência sabe; o que é vácuo curiosidades e fatos; o que é vácuo exemplos do dia a dia; o que é vácuo mitos e verdades,o-que-e-vacuo,planejado,,pendente,,,,
CAL0690,18/06/2027,2027-06-18,Sex,2,ART2475,KW1475,por que nos viciamos em celular,Por que nos viciamos em celular?,Psicologia e comportamento,psicologia-e-comportamento,,,KW7737; KW7738; KW7739; KW7740; KW7741; KW7742; KW7743; KW7744,por que nos viciamos em celular explicado de forma simples; por que nos viciamos em celular entenda como funciona; por que nos viciamos em celular causas e explicação; por que nos viciamos em celular perguntas e respostas; por que nos viciamos em celular o que a ciência sabe; por que nos viciamos em celular curiosidades e fatos; por que nos viciamos em celular exemplos do dia a dia; por que nos viciamos em celular mitos e verdades,por-que-nos-viciamos-em-celular,planejado,,pendente,,,,
CAL0691,18/06/2027,2027-06-18,Sex,3,ART2618,KW1618,como funciona o RFID,Como funciona o RFID?,"Tecnologia, IA e ciência",tecnologia-ia-e-ciencia,,,KW7745; KW7746; KW7747; KW7748; KW7749; KW7750; KW7751; KW7752,como funciona o RFID explicado de forma simples; como funciona o RFID entenda como funciona; como funciona o RFID causas e explicação; como funciona o RFID perguntas e respostas; como funciona o RFID o que a ciência sabe; como funciona o RFID curiosidades e fatos; como funciona o RFID exemplos do dia a dia; como funciona o RFID mitos e verdades,como-funciona-o-rfid,planejado,,pendente,,,,
CAL0692,19/06/2027,2027-06-19,Sab,1,ART2597,KW1597,por que olhar para o céu é olhar para o passado,Por que olhar para o céu é olhar para o passado?,Universo e espaço,universo-e-espaco,,,KW7753; KW7754; KW7755; KW7756; KW7757; KW7758; KW7759; KW7760,por que olhar para o céu é olhar para o passado explicado de forma simples; por que olhar para o céu é olhar para o passado entenda como funciona; por que olhar para o céu é olhar para o passado causas e explicação; por que olhar para o céu é olhar para o passado perguntas e respostas; por que olhar para o céu é olhar para o passado o que a ciência sabe; por que olhar para o céu é olhar para o passado curiosidades e fatos; por que olhar para o céu é olhar para o passado exemplos do dia a dia; por que olhar para o céu é olhar para o passado mitos e verdades,por-que-olhar-para-o-ceu-e-olhar-para-o-passado,planejado,,pendente,,,,
CAL0693,19/06/2027,2027-06-19,Sab,2,ART2494,KW1494,por que temos dor nas costas,Por que temos dor nas costas?,Corpo humano,corpo-humano,,,KW7761; KW7762; KW7763; KW7764; KW7765; KW7766; KW7767; KW7768,por que temos dor nas costas explicado de forma simples; por que temos dor nas costas entenda como funciona; por que temos dor nas costas causas e explicação; por que temos dor nas costas perguntas e respostas; por que temos dor nas costas o que a ciência sabe; por que temos dor nas costas curiosidades e fatos; por que temos dor nas costas exemplos do dia a dia; por que temos dor nas costas mitos e verdades,por-que-temos-dor-nas-costas,planejado,,pendente,,,,
CAL0694,19/06/2027,2027-06-19,Sab,3,ART2616,KW1616,por que os tatus se enrolam,Por que os tatus se enrolam?,Animais,animais,,,KW7769; KW7770; KW7771; KW7772; KW7773; KW7774; KW7775; KW7776,por que os tatus se enrolam explicado de forma simples; por que os tatus se enrolam entenda como funciona; por que os tatus se enrolam causas e explicação; por que os tatus se enrolam perguntas e respostas; por que os tatus se enrolam o que a ciência sabe; por que os tatus se enrolam curiosidades e fatos; por que os tatus se enrolam exemplos do dia a dia; por que os tatus se enrolam mitos e verdades,por-que-os-tatus-se-enrolam,planejado,,pendente,,,,
CAL0695,20/06/2027,2027-06-20,Dom,1,ART2635,KW1635,o que é um átomo,O que é um átomo?,Ciência e fenômenos,ciencia-e-fenomenos,,,KW7777; KW7778; KW7779; KW7780; KW7781; KW7782; KW7783; KW7784,o que é um átomo explicado de forma simples; o que é um átomo entenda como funciona; o que é um átomo causas e explicação; o que é um átomo perguntas e respostas; o que é um átomo o que a ciência sabe; o que é um átomo curiosidades e fatos; o que é um átomo exemplos do dia a dia; o que é um átomo mitos e verdades,o-que-e-um-atomo,planejado,,pendente,,,,
CAL0696,20/06/2027,2027-06-20,Dom,2,ART2481,KW1481,por que procuramos validação nas redes sociais,Por que procuramos validação nas redes sociais?,Psicologia e comportamento,psicologia-e-comportamento,,,KW7785; KW7786; KW7787; KW7788; KW7789; KW7790; KW7791; KW7792,por que procuramos validação nas redes sociais explicado de forma simples; por que procuramos validação nas redes sociais entenda como funciona; por que procuramos validação nas redes sociais causas e explicação; por que procuramos validação nas redes sociais perguntas e respostas; por que procuramos validação nas redes sociais o que a ciência sabe; por que procuramos validação nas redes sociais curiosidades e fatos; por que procuramos validação nas redes sociais exemplos do dia a dia; por que procuramos validação nas redes sociais mitos e verdades,por-que-procuramos-validacao-nas-redes-sociais,planejado,,pendente,,,,
CAL0697,20/06/2027,2027-06-20,Dom,3,ART2624,KW1624,como funciona a internet das coisas,Como funciona a internet das coisas?,"Tecnologia, IA e ciência",tecnologia-ia-e-ciencia,,,KW7793; KW7794; KW7795; KW7796; KW7797; KW7798; KW7799; KW7800,como funciona a internet das coisas explicado de forma simples; como funciona a internet das coisas entenda como funciona; como funciona a internet das coisas causas e explicação; como funciona a internet das coisas perguntas e respostas; como funciona a internet das coisas o que a ciência sabe; como funciona a internet das coisas curiosidades e fatos; como funciona a internet das coisas exemplos do dia a dia; como funciona a internet das coisas mitos e verdades,como-funciona-a-internet-das-coisas,planejado,,pendente,,,,
CAL0698,21/06/2027,2027-06-21,Seg,1,ART2603,KW1603,como funciona a Estação Espacial Internacional,Como funciona a Estação Espacial Internacional?,Universo e espaço,universo-e-espaco,,,KW7801; KW7802; KW7803; KW7804; KW7805; KW7806; KW7807; KW7808,como funciona a Estação Espacial Internacional explicado de forma simples; como funciona a Estação Espacial Internacional entenda como funciona; como funciona a Estação Espacial Internacional causas e explicação; como funciona a Estação Espacial Internacional perguntas e respostas; como funciona a Estação Espacial Internacional o que a ciência sabe; como funciona a Estação Espacial Internacional curiosidades e fatos; como funciona a Estação Espacial Internacional exemplos do dia a dia; como funciona a Estação Espacial Internacional mitos e verdades,como-funciona-a-estacao-espacial-internacional,planejado,,pendente,,,,
CAL0699,21/06/2027,2027-06-21,Seg,2,ART2500,KW1500,por que temos dor muscular depois do exercício,Por que temos dor muscular depois do exercício?,Corpo humano,corpo-humano,,,KW7809; KW7810; KW7811; KW7812; KW7813; KW7814; KW7815; KW7816,por que temos dor muscular depois do exercício explicado de forma simples; por que temos dor muscular depois do exercício entenda como funciona; por que temos dor muscular depois do exercício causas e explicação; por que temos dor muscular depois do exercício perguntas e respostas; por que temos dor muscular depois do exercício o que a ciência sabe; por que temos dor muscular depois do exercício curiosidades e fatos; por que temos dor muscular depois do exercício exemplos do dia a dia; por que temos dor muscular depois do exercício mitos e verdades,por-que-temos-dor-muscular-depois-do-exercicio,planejado,,pendente,,,,
CAL0700,21/06/2027,2027-06-21,Seg,3,ART2622,KW1622,por que as preguiças são lentas,Por que as preguiças são lentas?,Animais,animais,,,KW7817; KW7818; KW7819; KW7820; KW7821; KW7822; KW7823; KW7824,por que as preguiças são lentas explicado de forma simples; por que as preguiças são lentas entenda como funciona; por que as preguiças são lentas causas e explicação; por que as preguiças são lentas perguntas e respostas; por que as preguiças são lentas o que a ciência sabe; por que as preguiças são lentas curiosidades e fatos; por que as preguiças são lentas exemplos do dia a dia; por que as preguiças são lentas mitos e verdades,por-que-as-preguicas-sao-lentas,planejado,,pendente,,,,
CAL0701,22/06/2027,2027-06-22,Ter,1,ART2641,KW1641,o que é a tabela periódica,O que é a tabela periódica?,Ciência e fenômenos,ciencia-e-fenomenos,,,KW7825; KW7826; KW7827; KW7828; KW7829; KW7830; KW7831; KW7832,o que é a tabela periódica explicado de forma simples; o que é a tabela periódica entenda como funciona; o que é a tabela periódica causas e explicação; o que é a tabela periódica perguntas e respostas; o que é a tabela periódica o que a ciência sabe; o que é a tabela periódica curiosidades e fatos; o que é a tabela periódica exemplos do dia a dia; o que é a tabela periódica mitos e verdades,o-que-e-a-tabela-periodica,planejado,,pendente,,,,
CAL0702,22/06/2027,2027-06-22,Ter,2,ART2487,KW1487,por que nos viciamos,Por que nos viciamos?,Psicologia e comportamento,psicologia-e-comportamento,,,KW7833; KW7834; KW7835; KW7836; KW7837; KW7838; KW7839; KW7840,por que nos viciamos explicado de forma simples; por que nos viciamos entenda como funciona; por que nos viciamos causas e explicação; por que nos viciamos perguntas e respostas; por que nos viciamos o que a ciência sabe; por que nos viciamos curiosidades e fatos; por que nos viciamos exemplos do dia a dia; por que nos viciamos mitos e verdades,por-que-nos-viciamos,planejado,,pendente,,,,
CAL0703,22/06/2027,2027-06-22,Ter,3,ART2630,KW1630,como funciona uma casa inteligente,Como funciona uma casa inteligente?,"Tecnologia, IA e ciência",tecnologia-ia-e-ciencia,,,KW7841; KW7842; KW7843; KW7844; KW7845; KW7846; KW7847; KW7848,como funciona uma casa inteligente explicado de forma simples; como funciona uma casa inteligente entenda como funciona; como funciona uma casa inteligente causas e explicação; como funciona uma casa inteligente perguntas e respostas; como funciona uma casa inteligente o que a ciência sabe; como funciona uma casa inteligente curiosidades e fatos; como funciona uma casa inteligente exemplos do dia a dia; como funciona uma casa inteligente mitos e verdades,como-funciona-uma-casa-inteligente,planejado,,pendente,,,,
CAL0704,23/06/2027,2027-06-23,Qua,1,ART2609,KW1609,como os astronautas vivem no espaço,Como os astronautas vivem no espaço?,Universo e espaço,universo-e-espaco,,,KW7849; KW7850; KW7851; KW7852; KW7853; KW7854; KW7855; KW7856,como os astronautas vivem no espaço explicado de forma simples; como os astronautas vivem no espaço entenda como funciona; como os astronautas vivem no espaço causas e explicação; como os astronautas vivem no espaço perguntas e respostas; como os astronautas vivem no espaço o que a ciência sabe; como os astronautas vivem no espaço curiosidades e fatos; como os astronautas vivem no espaço exemplos do dia a dia; como os astronautas vivem no espaço mitos e verdades,como-os-astronautas-vivem-no-espaco,planejado,,pendente,,,,
CAL0705,23/06/2027,2027-06-23,Qua,2,ART2506,KW1506,por que temos dor de dente,Por que temos dor de dente?,Corpo humano,corpo-humano,,,KW7857; KW7858; KW7859; KW7860; KW7861; KW7862; KW7863; KW7864,por que temos dor de dente explicado de forma simples; por que temos dor de dente entenda como funciona; por que temos dor de dente causas e explicação; por que temos dor de dente perguntas e respostas; por que temos dor de dente o que a ciência sabe; por que temos dor de dente curiosidades e fatos; por que temos dor de dente exemplos do dia a dia; por que temos dor de dente mitos e verdades,por-que-temos-dor-de-dente,planejado,,pendente,,,,
CAL0706,23/06/2027,2027-06-23,Qua,3,ART2628,KW1628,por que os morcegos dormem de cabeça para baixo,Por que os morcegos dormem de cabeça para baixo?,Animais,animais,,,KW7865; KW7866; KW7867; KW7868; KW7869; KW7870; KW7871; KW7872,por que os morcegos dormem de cabeça para baixo explicado de forma simples; por que os morcegos dormem de cabeça para baixo entenda como funciona; por que os morcegos dormem de cabeça para baixo causas e explicação; por que os morcegos dormem de cabeça para baixo perguntas e respostas; por que os morcegos dormem de cabeça para baixo o que a ciência sabe; por que os morcegos dormem de cabeça para baixo curiosidades e fatos; por que os morcegos dormem de cabeça para baixo exemplos do dia a dia; por que os morcegos dormem de cabeça para baixo mitos e verdades,por-que-os-morcegos-dormem-de-cabeca-para-baixo,planejado,,pendente,,,,
CAL0707,24/06/2027,2027-06-24,Qui,1,ART2647,KW1647,o que é um elemento químico,O que é um elemento químico?,Ciência e fenômenos,ciencia-e-fenomenos,,,KW7873; KW7874; KW7875; KW7876; KW7877; KW7878; KW7879; KW7880,o que é um elemento químico explicado de forma simples; o que é um elemento químico entenda como funciona; o que é um elemento químico causas e explicação; o que é um elemento químico perguntas e respostas; o que é um elemento químico o que a ciência sabe; o que é um elemento químico curiosidades e fatos; o que é um elemento químico exemplos do dia a dia; o que é um elemento químico mitos e verdades,o-que-e-um-elemento-quimico,planejado,,pendente,,,,
CAL0708,24/06/2027,2027-06-24,Qui,2,ART2493,KW1493,por que temos compulsões,Por que temos compulsões?,Psicologia e comportamento,psicologia-e-comportamento,,,KW7881; KW7882; KW7883; KW7884; KW7885; KW7886; KW7887; KW7888,por que temos compulsões explicado de forma simples; por que temos compulsões entenda como funciona; por que temos compulsões causas e explicação; por que temos compulsões perguntas e respostas; por que temos compulsões o que a ciência sabe; por que temos compulsões curiosidades e fatos; por que temos compulsões exemplos do dia a dia; por que temos compulsões mitos e verdades,por-que-temos-compulsoes,planejado,,pendente,,,,
CAL0709,24/06/2027,2027-06-24,Qui,3,ART2636,KW1636,como funciona uma lâmpada inteligente,Como funciona uma lâmpada inteligente?,"Tecnologia, IA e ciência",tecnologia-ia-e-ciencia,,,KW7889; KW7890; KW7891; KW7892; KW7893; KW7894; KW7895; KW7896,como funciona uma lâmpada inteligente explicado de forma simples; como funciona uma lâmpada inteligente entenda como funciona; como funciona uma lâmpada inteligente causas e explicação; como funciona uma lâmpada inteligente perguntas e respostas; como funciona uma lâmpada inteligente o que a ciência sabe; como funciona uma lâmpada inteligente curiosidades e fatos; como funciona uma lâmpada inteligente exemplos do dia a dia; como funciona uma lâmpada inteligente mitos e verdades,como-funciona-uma-lampada-inteligente,planejado,,pendente,,,,
CAL0710,25/06/2027,2027-06-25,Sex,1,ART2615,KW1615,por que os astronautas flutuam,Por que os astronautas flutuam?,Universo e espaço,universo-e-espaco,,,KW7897; KW7898; KW7899; KW7900; KW7901; KW7902; KW7903; KW7904,por que os astronautas flutuam explicado de forma simples; por que os astronautas flutuam entenda como funciona; por que os astronautas flutuam causas e explicação; por que os astronautas flutuam perguntas e respostas; por que os astronautas flutuam o que a ciência sabe; por que os astronautas flutuam curiosidades e fatos; por que os astronautas flutuam exemplos do dia a dia; por que os astronautas flutuam mitos e verdades,por-que-os-astronautas-flutuam,planejado,,pendente,,,,
CAL0711,25/06/2027,2027-06-25,Sex,2,ART2512,KW1512,por que temos dor de garganta,Por que temos dor de garganta?,Corpo humano,corpo-humano,,,KW7905; KW7906; KW7907; KW7908; KW7909; KW7910; KW7911; KW7912,por que temos dor de garganta explicado de forma simples; por que temos dor de garganta entenda como funciona; por que temos dor de garganta causas e explicação; por que temos dor de garganta perguntas e respostas; por que temos dor de garganta o que a ciência sabe; por que temos dor de garganta curiosidades e fatos; por que temos dor de garganta exemplos do dia a dia; por que temos dor de garganta mitos e verdades,por-que-temos-dor-de-garganta,planejado,,pendente,,,,
CAL0712,25/06/2027,2027-06-25,Sex,3,ART2634,KW1634,por que os ratos têm dentes que não param de crescer,Por que os ratos têm dentes que não param de crescer?,Animais,animais,,,KW7913; KW7914; KW7915; KW7916; KW7917; KW7918; KW7919; KW7920,por que os ratos têm dentes que não param de crescer explicado de forma simples; por que os ratos têm dentes que não param de crescer entenda como funciona; por que os ratos têm dentes que não param de crescer causas e explicação; por que os ratos têm dentes que não param de crescer perguntas e respostas; por que os ratos têm dentes que não param de crescer o que a ciência sabe; por que os ratos têm dentes que não param de crescer curiosidades e fatos; por que os ratos têm dentes que não param de crescer exemplos do dia a dia; por que os ratos têm dentes que não param de crescer mitos e verdades,por-que-os-ratos-tem-dentes-que-nao-param-de-crescer,planejado,,pendente,,,,
CAL0713,26/06/2027,2027-06-26,Sab,1,ART2653,KW1653,o que é uma molécula,O que é uma molécula?,Ciência e fenômenos,ciencia-e-fenomenos,,,KW7921; KW7922; KW7923; KW7924; KW7925; KW7926; KW7927; KW7928,o que é uma molécula explicado de forma simples; o que é uma molécula entenda como funciona; o que é uma molécula causas e explicação; o que é uma molécula perguntas e respostas; o que é uma molécula o que a ciência sabe; o que é uma molécula curiosidades e fatos; o que é uma molécula exemplos do dia a dia; o que é uma molécula mitos e verdades,o-que-e-uma-molecula,planejado,,pendente,,,,
CAL0714,26/06/2027,2027-06-26,Sab,2,ART2499,KW1499,por que somos teimosos,Por que somos teimosos?,Psicologia e comportamento,psicologia-e-comportamento,,,KW7929; KW7930; KW7931; KW7932; KW7933; KW7934; KW7935; KW7936,por que somos teimosos explicado de forma simples; por que somos teimosos entenda como funciona; por que somos teimosos causas e explicação; por que somos teimosos perguntas e respostas; por que somos teimosos o que a ciência sabe; por que somos teimosos curiosidades e fatos; por que somos teimosos exemplos do dia a dia; por que somos teimosos mitos e verdades,por-que-somos-teimosos,planejado,,pendente,,,,
CAL0715,26/06/2027,2027-06-26,Sab,3,ART2642,KW1642,como funciona um ar-condicionado,Como funciona um ar-condicionado?,"Tecnologia, IA e ciência",tecnologia-ia-e-ciencia,,,KW7937; KW7938; KW7939; KW7940; KW7941; KW7942; KW7943; KW7944,como funciona um ar-condicionado explicado de forma simples; como funciona um ar-condicionado entenda como funciona; como funciona um ar-condicionado causas e explicação; como funciona um ar-condicionado perguntas e respostas; como funciona um ar-condicionado o que a ciência sabe; como funciona um ar-condicionado curiosidades e fatos; como funciona um ar-condicionado exemplos do dia a dia; como funciona um ar-condicionado mitos e verdades,como-funciona-um-ar-condicionado,planejado,,pendente,,,,
CAL0716,27/06/2027,2027-06-27,Dom,1,ART2621,KW1621,como os astronautas dormem no espaço,Como os astronautas dormem no espaço?,Universo e espaço,universo-e-espaco,,,KW7945; KW7946; KW7947; KW7948; KW7949; KW7950; KW7951; KW7952,como os astronautas dormem no espaço explicado de forma simples; como os astronautas dormem no espaço entenda como funciona; como os astronautas dormem no espaço causas e explicação; como os astronautas dormem no espaço perguntas e respostas; como os astronautas dormem no espaço o que a ciência sabe; como os astronautas dormem no espaço curiosidades e fatos; como os astronautas dormem no espaço exemplos do dia a dia; como os astronautas dormem no espaço mitos e verdades,como-os-astronautas-dormem-no-espaco,planejado,,pendente,,,,
CAL0717,27/06/2027,2027-06-27,Dom,2,ART2518,KW1518,por que temos dor de ouvido,Por que temos dor de ouvido?,Corpo humano,corpo-humano,,,KW7953; KW7954; KW7955; KW7956; KW7957; KW7958; KW7959; KW7960,por que temos dor de ouvido explicado de forma simples; por que temos dor de ouvido entenda como funciona; por que temos dor de ouvido causas e explicação; por que temos dor de ouvido perguntas e respostas; por que temos dor de ouvido o que a ciência sabe; por que temos dor de ouvido curiosidades e fatos; por que temos dor de ouvido exemplos do dia a dia; por que temos dor de ouvido mitos e verdades,por-que-temos-dor-de-ouvido,planejado,,pendente,,,,
CAL0718,27/06/2027,2027-06-27,Dom,3,ART2640,KW1640,por que os coelhos têm orelhas grandes,Por que os coelhos têm orelhas grandes?,Animais,animais,,,KW7961; KW7962; KW7963; KW7964; KW7965; KW7966; KW7967; KW7968,por que os coelhos têm orelhas grandes explicado de forma simples; por que os coelhos têm orelhas grandes entenda como funciona; por que os coelhos têm orelhas grandes causas e explicação; por que os coelhos têm orelhas grandes perguntas e respostas; por que os coelhos têm orelhas grandes o que a ciência sabe; por que os coelhos têm orelhas grandes curiosidades e fatos; por que os coelhos têm orelhas grandes exemplos do dia a dia; por que os coelhos têm orelhas grandes mitos e verdades,por-que-os-coelhos-tem-orelhas-grandes,planejado,,pendente,,,,
CAL0719,28/06/2027,2027-06-28,Seg,1,ART2659,KW1659,o que é uma reação química,O que é uma reação química?,Ciência e fenômenos,ciencia-e-fenomenos,,,KW7969; KW7970; KW7971; KW7972; KW7973; KW7974; KW7975; KW7976,o que é uma reação química explicado de forma simples; o que é uma reação química entenda como funciona; o que é uma reação química causas e explicação; o que é uma reação química perguntas e respostas; o que é uma reação química o que a ciência sabe; o que é uma reação química curiosidades e fatos; o que é uma reação química exemplos do dia a dia; o que é uma reação química mitos e verdades,o-que-e-uma-reacao-quimica,planejado,,pendente,,,,
CAL0720,28/06/2027,2027-06-28,Seg,2,ART2505,KW1505,por que somos competitivos,Por que somos competitivos?,Psicologia e comportamento,psicologia-e-comportamento,,,KW7977; KW7978; KW7979; KW7980; KW7981; KW7982; KW7983; KW7984,por que somos competitivos explicado de forma simples; por que somos competitivos entenda como funciona; por que somos competitivos causas e explicação; por que somos competitivos perguntas e respostas; por que somos competitivos o que a ciência sabe; por que somos competitivos curiosidades e fatos; por que somos competitivos exemplos do dia a dia; por que somos competitivos mitos e verdades,por-que-somos-competitivos,planejado,,pendente,,,,
CAL0721,28/06/2027,2027-06-28,Seg,3,ART2648,KW1648,como funciona uma geladeira,Como funciona uma geladeira?,"Tecnologia, IA e ciência",tecnologia-ia-e-ciencia,,,KW7985; KW7986; KW7987; KW7988; KW7989; KW7990; KW7991; KW7992,como funciona uma geladeira explicado de forma simples; como funciona uma geladeira entenda como funciona; como funciona uma geladeira causas e explicação; como funciona uma geladeira perguntas e respostas; como funciona uma geladeira o que a ciência sabe; como funciona uma geladeira curiosidades e fatos; como funciona uma geladeira exemplos do dia a dia; como funciona uma geladeira mitos e verdades,como-funciona-uma-geladeira,planejado,,pendente,,,,
CAL0722,29/06/2027,2027-06-29,Ter,1,ART2627,KW1627,como os astronautas comem no espaço,Como os astronautas comem no espaço?,Universo e espaço,universo-e-espaco,,,KW7993; KW7994; KW7995; KW7996; KW7997; KW7998; KW7999; KW8000,como os astronautas comem no espaço explicado de forma simples; como os astronautas comem no espaço entenda como funciona; como os astronautas comem no espaço causas e explicação; como os astronautas comem no espaço perguntas e respostas; como os astronautas comem no espaço o que a ciência sabe; como os astronautas comem no espaço curiosidades e fatos; como os astronautas comem no espaço exemplos do dia a dia; como os astronautas comem no espaço mitos e verdades,como-os-astronautas-comem-no-espaco,planejado,,pendente,,,,
CAL0723,29/06/2027,2027-06-29,Ter,2,ART2524,KW1524,por que temos cólica,Por que temos cólica?,Corpo humano,corpo-humano,,,KW8001; KW8002; KW8003; KW8004; KW8005; KW8006; KW8007; KW8008,por que temos cólica explicado de forma simples; por que temos cólica entenda como funciona; por que temos cólica causas e explicação; por que temos cólica perguntas e respostas; por que temos cólica o que a ciência sabe; por que temos cólica curiosidades e fatos; por que temos cólica exemplos do dia a dia; por que temos cólica mitos e verdades,por-que-temos-colica,planejado,,pendente,,,,
CAL0724,29/06/2027,2027-06-29,Ter,3,ART2646,KW1646,por que os hamsters enchem as bochechas,Por que os hamsters enchem as bochechas?,Animais,animais,,,KW8009; KW8010; KW8011; KW8012; KW8013; KW8014; KW8015; KW8016,por que os hamsters enchem as bochechas explicado de forma simples; por que os hamsters enchem as bochechas entenda como funciona; por que os hamsters enchem as bochechas causas e explicação; por que os hamsters enchem as bochechas perguntas e respostas; por que os hamsters enchem as bochechas o que a ciência sabe; por que os hamsters enchem as bochechas curiosidades e fatos; por que os hamsters enchem as bochechas exemplos do dia a dia; por que os hamsters enchem as bochechas mitos e verdades,por-que-os-hamsters-enchem-as-bochechas,planejado,,pendente,,,,
CAL0725,30/06/2027,2027-06-30,Qua,1,ART2665,KW1665,o que é um ácido,O que é um ácido?,Ciência e fenômenos,ciencia-e-fenomenos,,,KW8017; KW8018; KW8019; KW8020; KW8021; KW8022; KW8023; KW8024,o que é um ácido explicado de forma simples; o que é um ácido entenda como funciona; o que é um ácido causas e explicação; o que é um ácido perguntas e respostas; o que é um ácido o que a ciência sabe; o que é um ácido curiosidades e fatos; o que é um ácido exemplos do dia a dia; o que é um ácido mitos e verdades,o-que-e-um-acido,planejado,,pendente,,,,
CAL0726,30/06/2027,2027-06-30,Qua,2,ART2511,KW1511,por que cooperamos uns com os outros,Por que cooperamos uns com os outros?,Psicologia e comportamento,psicologia-e-comportamento,,,KW8025; KW8026; KW8027; KW8028; KW8029; KW8030; KW8031; KW8032,por que cooperamos uns com os outros explicado de forma simples; por que cooperamos uns com os outros entenda como funciona; por que cooperamos uns com os outros causas e explicação; por que cooperamos uns com os outros perguntas e respostas; por que cooperamos uns com os outros o que a ciência sabe; por que cooperamos uns com os outros curiosidades e fatos; por que cooperamos uns com os outros exemplos do dia a dia; por que cooperamos uns com os outros mitos e verdades,por-que-cooperamos-uns-com-os-outros,planejado,,pendente,,,,
CAL0727,30/06/2027,2027-06-30,Qua,3,ART2654,KW1654,como funciona um forno elétrico,Como funciona um forno elétrico?,"Tecnologia, IA e ciência",tecnologia-ia-e-ciencia,,,KW8033; KW8034; KW8035; KW8036; KW8037; KW8038; KW8039; KW8040,como funciona um forno elétrico explicado de forma simples; como funciona um forno elétrico entenda como funciona; como funciona um forno elétrico causas e explicação; como funciona um forno elétrico perguntas e respostas; como funciona um forno elétrico o que a ciência sabe; como funciona um forno elétrico curiosidades e fatos; como funciona um forno elétrico exemplos do dia a dia; como funciona um forno elétrico mitos e verdades,como-funciona-um-forno-eletrico,planejado,,pendente,,,,
CAL0728,01/07/2027,2027-07-01,Qui,1,ART2639,KW1639,como funciona um traje espacial,Como funciona um traje espacial?,Universo e espaço,universo-e-espaco,,,KW8041; KW8042; KW8043; KW8044; KW8045; KW8046; KW8047; KW8048,como funciona um traje espacial explicado de forma simples; como funciona um traje espacial entenda como funciona; como funciona um traje espacial causas e explicação; como funciona um traje espacial perguntas e respostas; como funciona um traje espacial o que a ciência sabe; como funciona um traje espacial curiosidades e fatos; como funciona um traje espacial exemplos do dia a dia; como funciona um traje espacial mitos e verdades,como-funciona-um-traje-espacial,planejado,,pendente,,,,
CAL0729,01/07/2027,2027-07-01,Qui,2,ART2530,KW1530,por que temos enjoo,Por que temos enjoo?,Corpo humano,corpo-humano,,,KW8049; KW8050; KW8051; KW8052; KW8053; KW8054; KW8055; KW8056,por que temos enjoo explicado de forma simples; por que temos enjoo entenda como funciona; por que temos enjoo causas e explicação; por que temos enjoo perguntas e respostas; por que temos enjoo o que a ciência sabe; por que temos enjoo curiosidades e fatos; por que temos enjoo exemplos do dia a dia; por que temos enjoo mitos e verdades,por-que-temos-enjoo,planejado,,pendente,,,,
CAL0730,01/07/2027,2027-07-01,Qui,3,ART2652,KW1652,por que os cavalos relincham,Por que os cavalos relincham?,Animais,animais,,,KW8057; KW8058; KW8059; KW8060; KW8061; KW8062; KW8063; KW8064,por que os cavalos relincham explicado de forma simples; por que os cavalos relincham entenda como funciona; por que os cavalos relincham causas e explicação; por que os cavalos relincham perguntas e respostas; por que os cavalos relincham o que a ciência sabe; por que os cavalos relincham curiosidades e fatos; por que os cavalos relincham exemplos do dia a dia; por que os cavalos relincham mitos e verdades,por-que-os-cavalos-relincham,planejado,,pendente,,,,
CAL0731,02/07/2027,2027-07-02,Sex,1,ART2671,KW1671,o que é pH,O que é pH?,Ciência e fenômenos,ciencia-e-fenomenos,,,KW8065; KW8066; KW8067; KW8068; KW8069; KW8070; KW8071; KW8072,o que é pH explicado de forma simples; o que é pH entenda como funciona; o que é pH causas e explicação; o que é pH perguntas e respostas; o que é pH o que a ciência sabe; o que é pH curiosidades e fatos; o que é pH exemplos do dia a dia; o que é pH mitos e verdades,o-que-e-ph,planejado,,pendente,,,,
CAL0732,02/07/2027,2027-07-02,Sex,2,ART2517,KW1517,por que confiamos nos outros,Por que confiamos nos outros?,Psicologia e comportamento,psicologia-e-comportamento,,,KW8073; KW8074; KW8075; KW8076; KW8077; KW8078; KW8079; KW8080,por que confiamos nos outros explicado de forma simples; por que confiamos nos outros entenda como funciona; por que confiamos nos outros causas e explicação; por que confiamos nos outros perguntas e respostas; por que confiamos nos outros o que a ciência sabe; por que confiamos nos outros curiosidades e fatos; por que confiamos nos outros exemplos do dia a dia; por que confiamos nos outros mitos e verdades,por-que-confiamos-nos-outros,planejado,,pendente,,,,
CAL0733,02/07/2027,2027-07-02,Sex,3,ART2660,KW1660,como funciona uma máquina de lavar,Como funciona uma máquina de lavar?,"Tecnologia, IA e ciência",tecnologia-ia-e-ciencia,,,KW8081; KW8082; KW8083; KW8084; KW8085; KW8086; KW8087; KW8088,como funciona uma máquina de lavar explicado de forma simples; como funciona uma máquina de lavar entenda como funciona; como funciona uma máquina de lavar causas e explicação; como funciona uma máquina de lavar perguntas e respostas; como funciona uma máquina de lavar o que a ciência sabe; como funciona uma máquina de lavar curiosidades e fatos; como funciona uma máquina de lavar exemplos do dia a dia; como funciona uma máquina de lavar mitos e verdades,como-funciona-uma-maquina-de-lavar,planejado,,pendente,,,,
CAL0734,03/07/2027,2027-07-03,Sab,1,ART2645,KW1645,como funciona um satélite,Como funciona um satélite?,Universo e espaço,universo-e-espaco,,,KW8089; KW8090; KW8091; KW8092; KW8093; KW8094; KW8095; KW8096,como funciona um satélite explicado de forma simples; como funciona um satélite entenda como funciona; como funciona um satélite causas e explicação; como funciona um satélite perguntas e respostas; como funciona um satélite o que a ciência sabe; como funciona um satélite curiosidades e fatos; como funciona um satélite exemplos do dia a dia; como funciona um satélite mitos e verdades,como-funciona-um-satelite,planejado,,pendente,,,,
CAL0735,03/07/2027,2027-07-03,Sab,2,ART2536,KW1536,por que enjoamos no carro,Por que enjoamos no carro?,Corpo humano,corpo-humano,,,KW8097; KW8098; KW8099; KW8100; KW8101; KW8102; KW8103; KW8104,por que enjoamos no carro explicado de forma simples; por que enjoamos no carro entenda como funciona; por que enjoamos no carro causas e explicação; por que enjoamos no carro perguntas e respostas; por que enjoamos no carro o que a ciência sabe; por que enjoamos no carro curiosidades e fatos; por que enjoamos no carro exemplos do dia a dia; por que enjoamos no carro mitos e verdades,por-que-enjoamos-no-carro,planejado,,pendente,,,,
CAL0736,03/07/2027,2027-07-03,Sab,3,ART2658,KW1658,por que os cavalos usam ferraduras,Por que os cavalos usam ferraduras?,Animais,animais,,,KW8105; KW8106; KW8107; KW8108; KW8109; KW8110; KW8111; KW8112,por que os cavalos usam ferraduras explicado de forma simples; por que os cavalos usam ferraduras entenda como funciona; por que os cavalos usam ferraduras causas e explicação; por que os cavalos usam ferraduras perguntas e respostas; por que os cavalos usam ferraduras o que a ciência sabe; por que os cavalos usam ferraduras curiosidades e fatos; por que os cavalos usam ferraduras exemplos do dia a dia; por que os cavalos usam ferraduras mitos e verdades,por-que-os-cavalos-usam-ferraduras,planejado,,pendente,,,,
CAL0737,04/07/2027,2027-07-04,Dom,1,ART2677,KW1677,o que é oxidação,O que é oxidação?,Ciência e fenômenos,ciencia-e-fenomenos,,,KW8113; KW8114; KW8115; KW8116; KW8117; KW8118; KW8119; KW8120,o que é oxidação explicado de forma simples; o que é oxidação entenda como funciona; o que é oxidação causas e explicação; o que é oxidação perguntas e respostas; o que é oxidação o que a ciência sabe; o que é oxidação curiosidades e fatos; o que é oxidação exemplos do dia a dia; o que é oxidação mitos e verdades,o-que-e-oxidacao,planejado,,pendente,,,,
CAL0738,04/07/2027,2027-07-04,Dom,2,ART2523,KW1523,por que imitamos os outros,Por que imitamos os outros?,Psicologia e comportamento,psicologia-e-comportamento,,,KW8121; KW8122; KW8123; KW8124; KW8125; KW8126; KW8127; KW8128,por que imitamos os outros explicado de forma simples; por que imitamos os outros entenda como funciona; por que imitamos os outros causas e explicação; por que imitamos os outros perguntas e respostas; por que imitamos os outros o que a ciência sabe; por que imitamos os outros curiosidades e fatos; por que imitamos os outros exemplos do dia a dia; por que imitamos os outros mitos e verdades,por-que-imitamos-os-outros,planejado,,pendente,,,,
CAL0739,04/07/2027,2027-07-04,Dom,3,ART2666,KW1666,como funciona um ventilador,Como funciona um ventilador?,"Tecnologia, IA e ciência",tecnologia-ia-e-ciencia,,,KW8129; KW8130; KW8131; KW8132; KW8133; KW8134; KW8135; KW8136,como funciona um ventilador explicado de forma simples; como funciona um ventilador entenda como funciona; como funciona um ventilador causas e explicação; como funciona um ventilador perguntas e respostas; como funciona um ventilador o que a ciência sabe; como funciona um ventilador curiosidades e fatos; como funciona um ventilador exemplos do dia a dia; como funciona um ventilador mitos e verdades,como-funciona-um-ventilador,planejado,,pendente,,,,
CAL0740,05/07/2027,2027-07-05,Seg,1,ART2651,KW1651,quantos satélites existem ao redor da Terra,Quantos satélites existem ao redor da Terra?,Universo e espaço,universo-e-espaco,,,KW8137; KW8138; KW8139; KW8140; KW8141; KW8142; KW8143; KW8144,quantos satélites existem ao redor da Terra explicado de forma simples; quantos satélites existem ao redor da Terra entenda como funciona; quantos satélites existem ao redor da Terra causas e explicação; quantos satélites existem ao redor da Terra perguntas e respostas; quantos satélites existem ao redor da Terra o que a ciência sabe; quantos satélites existem ao redor da Terra curiosidades e fatos; quantos satélites existem ao redor da Terra exemplos do dia a dia; quantos satélites existem ao redor da Terra mitos e verdades,quantos-satelites-existem-ao-redor-da-terra,planejado,,pendente,,,,
CAL0741,05/07/2027,2027-07-05,Seg,2,ART2542,KW1542,por que vomitamos,Por que vomitamos?,Corpo humano,corpo-humano,,,KW8145; KW8146; KW8147; KW8148; KW8149; KW8150; KW8151; KW8152,por que vomitamos explicado de forma simples; por que vomitamos entenda como funciona; por que vomitamos causas e explicação; por que vomitamos perguntas e respostas; por que vomitamos o que a ciência sabe; por que vomitamos curiosidades e fatos; por que vomitamos exemplos do dia a dia; por que vomitamos mitos e verdades,por-que-vomitamos,planejado,,pendente,,,,
CAL0742,05/07/2027,2027-07-05,Seg,3,ART2664,KW1664,por que as vacas ruminam,Por que as vacas ruminam?,Animais,animais,,,KW8153; KW8154; KW8155; KW8156; KW8157; KW8158; KW8159; KW8160,por que as vacas ruminam explicado de forma simples; por que as vacas ruminam entenda como funciona; por que as vacas ruminam causas e explicação; por que as vacas ruminam perguntas e respostas; por que as vacas ruminam o que a ciência sabe; por que as vacas ruminam curiosidades e fatos; por que as vacas ruminam exemplos do dia a dia; por que as vacas ruminam mitos e verdades,por-que-as-vacas-ruminam,planejado,,pendente,,,,
CAL0743,06/07/2027,2027-07-06,Ter,1,ART2683,KW1683,o que é um isótopo,O que é um isótopo?,Ciência e fenômenos,ciencia-e-fenomenos,,,KW8161; KW8162; KW8163; KW8164; KW8165; KW8166; KW8167; KW8168,o que é um isótopo explicado de forma simples; o que é um isótopo entenda como funciona; o que é um isótopo causas e explicação; o que é um isótopo perguntas e respostas; o que é um isótopo o que a ciência sabe; o que é um isótopo curiosidades e fatos; o que é um isótopo exemplos do dia a dia; o que é um isótopo mitos e verdades,o-que-e-um-isotopo,planejado,,pendente,,,,
CAL0744,06/07/2027,2027-07-06,Ter,2,ART2529,KW1529,por que somos tímidos,Por que somos tímidos?,Psicologia e comportamento,psicologia-e-comportamento,,,KW8169; KW8170; KW8171; KW8172; KW8173; KW8174; KW8175; KW8176,por que somos tímidos explicado de forma simples; por que somos tímidos entenda como funciona; por que somos tímidos causas e explicação; por que somos tímidos perguntas e respostas; por que somos tímidos o que a ciência sabe; por que somos tímidos curiosidades e fatos; por que somos tímidos exemplos do dia a dia; por que somos tímidos mitos e verdades,por-que-somos-timidos,planejado,,pendente,,,,
CAL0745,06/07/2027,2027-07-06,Ter,3,ART2672,KW1672,como funciona uma televisão de tela plana,Como funciona uma televisão de tela plana?,"Tecnologia, IA e ciência",tecnologia-ia-e-ciencia,,,KW8177; KW8178; KW8179; KW8180; KW8181; KW8182; KW8183; KW8184,como funciona uma televisão de tela plana explicado de forma simples; como funciona uma televisão de tela plana entenda como funciona; como funciona uma televisão de tela plana causas e explicação; como funciona uma televisão de tela plana perguntas e respostas; como funciona uma televisão de tela plana o que a ciência sabe; como funciona uma televisão de tela plana curiosidades e fatos; como funciona uma televisão de tela plana exemplos do dia a dia; como funciona uma televisão de tela plana mitos e verdades,como-funciona-uma-televisao-de-tela-plana,planejado,,pendente,,,,
CAL0746,07/07/2027,2027-07-07,Qua,1,ART2657,KW1657,o que é lixo espacial,O que é lixo espacial?,Universo e espaço,universo-e-espaco,,,KW8185; KW8186; KW8187; KW8188; KW8189; KW8190; KW8191; KW8192,o que é lixo espacial explicado de forma simples; o que é lixo espacial entenda como funciona; o que é lixo espacial causas e explicação; o que é lixo espacial perguntas e respostas; o que é lixo espacial o que a ciência sabe; o que é lixo espacial curiosidades e fatos; o que é lixo espacial exemplos do dia a dia; o que é lixo espacial mitos e verdades,o-que-e-lixo-espacial,planejado,,pendente,,,,
CAL0747,07/07/2027,2027-07-07,Qua,2,ART2548,KW1548,por que temos azia,Por que temos azia?,Corpo humano,corpo-humano,,,KW8193; KW8194; KW8195; KW8196; KW8197; KW8198; KW8199; KW8200,por que temos azia explicado de forma simples; por que temos azia entenda como funciona; por que temos azia causas e explicação; por que temos azia perguntas e respostas; por que temos azia o que a ciência sabe; por que temos azia curiosidades e fatos; por que temos azia exemplos do dia a dia; por que temos azia mitos e verdades,por-que-temos-azia,planejado,,pendente,,,,
CAL0748,07/07/2027,2027-07-07,Qua,3,ART2670,KW1670,por que as ovelhas têm lã,Por que as ovelhas têm lã?,Animais,animais,,,KW8201; KW8202; KW8203; KW8204; KW8205; KW8206; KW8207; KW8208,por que as ovelhas têm lã explicado de forma simples; por que as ovelhas têm lã entenda como funciona; por que as ovelhas têm lã causas e explicação; por que as ovelhas têm lã perguntas e respostas; por que as ovelhas têm lã o que a ciência sabe; por que as ovelhas têm lã curiosidades e fatos; por que as ovelhas têm lã exemplos do dia a dia; por que as ovelhas têm lã mitos e verdades,por-que-as-ovelhas-tem-la,planejado,,pendente,,,,
CAL0749,08/07/2027,2027-07-08,Qui,1,ART2689,KW1689,o que é plasma,O que é plasma?,Ciência e fenômenos,ciencia-e-fenomenos,,,KW8209; KW8210; KW8211; KW8212; KW8213; KW8214; KW8215; KW8216,o que é plasma explicado de forma simples; o que é plasma entenda como funciona; o que é plasma causas e explicação; o que é plasma perguntas e respostas; o que é plasma o que a ciência sabe; o que é plasma curiosidades e fatos; o que é plasma exemplos do dia a dia; o que é plasma mitos e verdades,o-que-e-plasma,planejado,,pendente,,,,
CAL0750,08/07/2027,2027-07-08,Qui,2,ART2535,KW1535,por que somos extrovertidos,Por que somos extrovertidos?,Psicologia e comportamento,psicologia-e-comportamento,,,KW8217; KW8218; KW8219; KW8220; KW8221; KW8222; KW8223; KW8224,por que somos extrovertidos explicado de forma simples; por que somos extrovertidos entenda como funciona; por que somos extrovertidos causas e explicação; por que somos extrovertidos perguntas e respostas; por que somos extrovertidos o que a ciência sabe; por que somos extrovertidos curiosidades e fatos; por que somos extrovertidos exemplos do dia a dia; por que somos extrovertidos mitos e verdades,por-que-somos-extrovertidos,planejado,,pendente,,,,
CAL0751,08/07/2027,2027-07-08,Qui,3,ART2684,KW1684,como funciona um motor a combustão,Como funciona um motor a combustão?,"Tecnologia, IA e ciência",tecnologia-ia-e-ciencia,,,KW8225; KW8226; KW8227; KW8228; KW8229; KW8230; KW8231; KW8232,como funciona um motor a combustão explicado de forma simples; como funciona um motor a combustão entenda como funciona; como funciona um motor a combustão causas e explicação; como funciona um motor a combustão perguntas e respostas; como funciona um motor a combustão o que a ciência sabe; como funciona um motor a combustão curiosidades e fatos; como funciona um motor a combustão exemplos do dia a dia; como funciona um motor a combustão mitos e verdades,como-funciona-um-motor-a-combustao,planejado,,pendente,,,,
CAL0752,09/07/2027,2027-07-09,Sex,1,ART2663,KW1663,como foi a viagem do homem à Lua,Como foi a viagem do homem à Lua?,Universo e espaço,universo-e-espaco,,,KW8233; KW8234; KW8235; KW8236; KW8237; KW8238; KW8239; KW8240,como foi a viagem do homem à Lua explicado de forma simples; como foi a viagem do homem à Lua entenda como funciona; como foi a viagem do homem à Lua causas e explicação; como foi a viagem do homem à Lua perguntas e respostas; como foi a viagem do homem à Lua o que a ciência sabe; como foi a viagem do homem à Lua curiosidades e fatos; como foi a viagem do homem à Lua exemplos do dia a dia; como foi a viagem do homem à Lua mitos e verdades,como-foi-a-viagem-do-homem-a-lua,planejado,,pendente,,,,
CAL0753,09/07/2027,2027-07-09,Sex,2,ART2554,KW1554,por que temos refluxo,Por que temos refluxo?,Corpo humano,corpo-humano,,,KW8241; KW8242; KW8243; KW8244; KW8245; KW8246; KW8247; KW8248,por que temos refluxo explicado de forma simples; por que temos refluxo entenda como funciona; por que temos refluxo causas e explicação; por que temos refluxo perguntas e respostas; por que temos refluxo o que a ciência sabe; por que temos refluxo curiosidades e fatos; por que temos refluxo exemplos do dia a dia; por que temos refluxo mitos e verdades,por-que-temos-refluxo,planejado,,pendente,,,,
CAL0754,09/07/2027,2027-07-09,Sex,3,ART2676,KW1676,por que os porcos rolam na lama,Por que os porcos rolam na lama?,Animais,animais,,,KW8249; KW8250; KW8251; KW8252; KW8253; KW8254; KW8255; KW8256,por que os porcos rolam na lama explicado de forma simples; por que os porcos rolam na lama entenda como funciona; por que os porcos rolam na lama causas e explicação; por que os porcos rolam na lama perguntas e respostas; por que os porcos rolam na lama o que a ciência sabe; por que os porcos rolam na lama curiosidades e fatos; por que os porcos rolam na lama exemplos do dia a dia; por que os porcos rolam na lama mitos e verdades,por-que-os-porcos-rolam-na-lama,planejado,,pendente,,,,
CAL0755,10/07/2027,2027-07-10,Sab,1,ART2695,KW1695,quais são os estados da matéria,Quais são os estados da matéria?,Ciência e fenômenos,ciencia-e-fenomenos,,,KW8257; KW8258; KW8259; KW8260; KW8261; KW8262; KW8263; KW8264,quais são os estados da matéria explicado de forma simples; quais são os estados da matéria entenda como funciona; quais são os estados da matéria causas e explicação; quais são os estados da matéria perguntas e respostas; quais são os estados da matéria o que a ciência sabe; quais são os estados da matéria curiosidades e fatos; quais são os estados da matéria exemplos do dia a dia; quais são os estados da matéria mitos e verdades,quais-sao-os-estados-da-materia,planejado,,pendente,,,,
CAL0756,10/07/2027,2027-07-10,Sab,2,ART2541,KW1541,por que somos introvertidos,Por que somos introvertidos?,Psicologia e comportamento,psicologia-e-comportamento,,,KW8265; KW8266; KW8267; KW8268; KW8269; KW8270; KW8271; KW8272,por que somos introvertidos explicado de forma simples; por que somos introvertidos entenda como funciona; por que somos introvertidos causas e explicação; por que somos introvertidos perguntas e respostas; por que somos introvertidos o que a ciência sabe; por que somos introvertidos curiosidades e fatos; por que somos introvertidos exemplos do dia a dia; por que somos introvertidos mitos e verdades,por-que-somos-introvertidos,planejado,,pendente,,,,
CAL0757,10/07/2027,2027-07-10,Sab,3,ART2690,KW1690,como funciona um motor elétrico,Como funciona um motor elétrico?,"Tecnologia, IA e ciência",tecnologia-ia-e-ciencia,,,KW8273; KW8274; KW8275; KW8276; KW8277; KW8278; KW8279; KW8280,como funciona um motor elétrico explicado de forma simples; como funciona um motor elétrico entenda como funciona; como funciona um motor elétrico causas e explicação; como funciona um motor elétrico perguntas e respostas; como funciona um motor elétrico o que a ciência sabe; como funciona um motor elétrico curiosidades e fatos; como funciona um motor elétrico exemplos do dia a dia; como funciona um motor elétrico mitos e verdades,como-funciona-um-motor-eletrico,planejado,,pendente,,,,
CAL0758,11/07/2027,2027-07-11,Dom,1,ART2669,KW1669,o que foi o programa Apollo,O que foi o programa Apollo?,Universo e espaço,universo-e-espaco,,,KW8281; KW8282; KW8283; KW8284; KW8285; KW8286; KW8287; KW8288,o que foi o programa Apollo explicado de forma simples; o que foi o programa Apollo entenda como funciona; o que foi o programa Apollo causas e explicação; o que foi o programa Apollo perguntas e respostas; o que foi o programa Apollo o que a ciência sabe; o que foi o programa Apollo curiosidades e fatos; o que foi o programa Apollo exemplos do dia a dia; o que foi o programa Apollo mitos e verdades,o-que-foi-o-programa-apollo,planejado,,pendente,,,,
CAL0759,11/07/2027,2027-07-11,Dom,2,ART2560,KW1560,por que temos alergias,Por que temos alergias?,Corpo humano,corpo-humano,,,KW8289; KW8290; KW8291; KW8292; KW8293; KW8294; KW8295; KW8296,por que temos alergias explicado de forma simples; por que temos alergias entenda como funciona; por que temos alergias causas e explicação; por que temos alergias perguntas e respostas; por que temos alergias o que a ciência sabe; por que temos alergias curiosidades e fatos; por que temos alergias exemplos do dia a dia; por que temos alergias mitos e verdades,por-que-temos-alergias,planejado,,pendente,,,,
CAL0760,11/07/2027,2027-07-11,Dom,3,ART2682,KW1682,por que os patos não molham as penas,Por que os patos não molham as penas?,Animais,animais,,,KW8297; KW8298; KW8299; KW8300; KW8301; KW8302; KW8303; KW8304,por que os patos não molham as penas explicado de forma simples; por que os patos não molham as penas entenda como funciona; por que os patos não molham as penas causas e explicação; por que os patos não molham as penas perguntas e respostas; por que os patos não molham as penas o que a ciência sabe; por que os patos não molham as penas curiosidades e fatos; por que os patos não molham as penas exemplos do dia a dia; por que os patos não molham as penas mitos e verdades,por-que-os-patos-nao-molham-as-penas,planejado,,pendente,,,,
CAL0761,12/07/2027,2027-07-12,Seg,1,ART2701,KW1701,o que é sublimação,O que é sublimação?,Ciência e fenômenos,ciencia-e-fenomenos,,,KW8305; KW8306; KW8307; KW8308; KW8309; KW8310; KW8311; KW8312,o que é sublimação explicado de forma simples; o que é sublimação entenda como funciona; o que é sublimação causas e explicação; o que é sublimação perguntas e respostas; o que é sublimação o que a ciência sabe; o que é sublimação curiosidades e fatos; o que é sublimação exemplos do dia a dia; o que é sublimação mitos e verdades,o-que-e-sublimacao,planejado,,pendente,,,,
CAL0762,12/07/2027,2027-07-12,Seg,2,ART2547,KW1547,o que é personalidade,O que é personalidade?,Psicologia e comportamento,psicologia-e-comportamento,,,KW8313; KW8314; KW8315; KW8316; KW8317; KW8318; KW8319; KW8320,o que é personalidade explicado de forma simples; o que é personalidade entenda como funciona; o que é personalidade causas e explicação; o que é personalidade perguntas e respostas; o que é personalidade o que a ciência sabe; o que é personalidade curiosidades e fatos; o que é personalidade exemplos do dia a dia; o que é personalidade mitos e verdades,o-que-e-personalidade,planejado,,pendente,,,,
CAL0763,12/07/2027,2027-07-12,Seg,3,ART2696,KW1696,como funciona a bateria de carro,Como funciona a bateria de carro?,"Tecnologia, IA e ciência",tecnologia-ia-e-ciencia,,,KW8321; KW8322; KW8323; KW8324; KW8325; KW8326; KW8327; KW8328,como funciona a bateria de carro explicado de forma simples; como funciona a bateria de carro entenda como funciona; como funciona a bateria de carro causas e explicação; como funciona a bateria de carro perguntas e respostas; como funciona a bateria de carro o que a ciência sabe; como funciona a bateria de carro curiosidades e fatos; como funciona a bateria de carro exemplos do dia a dia; como funciona a bateria de carro mitos e verdades,como-funciona-a-bateria-de-carro,planejado,,pendente,,,,
CAL0764,13/07/2027,2027-07-13,Ter,1,ART2675,KW1675,o que é o telescópio James Webb,O que é o telescópio James Webb?,Universo e espaço,universo-e-espaco,,,KW8329; KW8330; KW8331; KW8332; KW8333; KW8334; KW8335; KW8336,o que é o telescópio James Webb explicado de forma simples; o que é o telescópio James Webb entenda como funciona; o que é o telescópio James Webb causas e explicação; o que é o telescópio James Webb perguntas e respostas; o que é o telescópio James Webb o que a ciência sabe; o que é o telescópio James Webb curiosidades e fatos; o que é o telescópio James Webb exemplos do dia a dia; o que é o telescópio James Webb mitos e verdades,o-que-e-o-telescopio-james-webb,planejado,,pendente,,,,
CAL0765,13/07/2027,2027-07-13,Ter,2,ART2566,KW1566,por que temos rinite,Por que temos rinite?,Corpo humano,corpo-humano,,,KW8337; KW8338; KW8339; KW8340; KW8341; KW8342; KW8343; KW8344,por que temos rinite explicado de forma simples; por que temos rinite entenda como funciona; por que temos rinite causas e explicação; por que temos rinite perguntas e respostas; por que temos rinite o que a ciência sabe; por que temos rinite curiosidades e fatos; por que temos rinite exemplos do dia a dia; por que temos rinite mitos e verdades,por-que-temos-rinite,planejado,,pendente,,,,
CAL0766,13/07/2027,2027-07-13,Ter,3,ART2688,KW1688,por que as abelhas fazem mel,Por que as abelhas fazem mel?,Animais,animais,,,KW8345; KW8346; KW8347; KW8348; KW8349; KW8350; KW8351; KW8352,por que as abelhas fazem mel explicado de forma simples; por que as abelhas fazem mel entenda como funciona; por que as abelhas fazem mel causas e explicação; por que as abelhas fazem mel perguntas e respostas; por que as abelhas fazem mel o que a ciência sabe; por que as abelhas fazem mel curiosidades e fatos; por que as abelhas fazem mel exemplos do dia a dia; por que as abelhas fazem mel mitos e verdades,por-que-as-abelhas-fazem-mel,planejado,,pendente,,,,
CAL0767,14/07/2027,2027-07-14,Qua,1,ART2707,KW1707,por que a água é essencial para a vida,Por que a água é essencial para a vida?,Ciência e fenômenos,ciencia-e-fenomenos,,,KW8353; KW8354; KW8355; KW8356; KW8357; KW8358; KW8359; KW8360,por que a água é essencial para a vida explicado de forma simples; por que a água é essencial para a vida entenda como funciona; por que a água é essencial para a vida causas e explicação; por que a água é essencial para a vida perguntas e respostas; por que a água é essencial para a vida o que a ciência sabe; por que a água é essencial para a vida curiosidades e fatos; por que a água é essencial para a vida exemplos do dia a dia; por que a água é essencial para a vida mitos e verdades,por-que-a-agua-e-essencial-para-a-vida,planejado,,pendente,,,,
CAL0768,14/07/2027,2027-07-14,Qua,2,ART2553,KW1553,o que são os cinco grandes traços de personalidade,O que são os cinco grandes traços de personalidade?,Psicologia e comportamento,psicologia-e-comportamento,,,KW8361; KW8362; KW8363; KW8364; KW8365; KW8366; KW8367; KW8368,o que são os cinco grandes traços de personalidade explicado de forma simples; o que são os cinco grandes traços de personalidade entenda como funciona; o que são os cinco grandes traços de personalidade causas e explicação; o que são os cinco grandes traços de personalidade perguntas e respostas; o que são os cinco grandes traços de personalidade o que a ciência sabe; o que são os cinco grandes traços de personalidade curiosidades e fatos; o que são os cinco grandes traços de personalidade exemplos do dia a dia; o que são os cinco grandes traços de personalidade mitos e verdades,o-que-sao-os-cinco-grandes-tracos-de-personalidade,planejado,,pendente,,,,
CAL0769,14/07/2027,2027-07-14,Qua,3,ART2702,KW1702,como funciona um freio ABS,Como funciona um freio ABS?,"Tecnologia, IA e ciência",tecnologia-ia-e-ciencia,,,KW8369; KW8370; KW8371; KW8372; KW8373; KW8374; KW8375; KW8376,como funciona um freio ABS explicado de forma simples; como funciona um freio ABS entenda como funciona; como funciona um freio ABS causas e explicação; como funciona um freio ABS perguntas e respostas; como funciona um freio ABS o que a ciência sabe; como funciona um freio ABS curiosidades e fatos; como funciona um freio ABS exemplos do dia a dia; como funciona um freio ABS mitos e verdades,como-funciona-um-freio-abs,planejado,,pendente,,,,
CAL0770,15/07/2027,2027-07-15,Qui,1,ART2681,KW1681,o que é o telescópio Hubble,O que é o telescópio Hubble?,Universo e espaço,universo-e-espaco,,,KW8377; KW8378; KW8379; KW8380; KW8381; KW8382; KW8383; KW8384,o que é o telescópio Hubble explicado de forma simples; o que é o telescópio Hubble entenda como funciona; o que é o telescópio Hubble causas e explicação; o que é o telescópio Hubble perguntas e respostas; o que é o telescópio Hubble o que a ciência sabe; o que é o telescópio Hubble curiosidades e fatos; o que é o telescópio Hubble exemplos do dia a dia; o que é o telescópio Hubble mitos e verdades,o-que-e-o-telescopio-hubble,planejado,,pendente,,,,
CAL0771,15/07/2027,2027-07-15,Qui,2,ART2572,KW1572,por que pegamos resfriado,Por que pegamos resfriado?,Corpo humano,corpo-humano,,,KW8385; KW8386; KW8387; KW8388; KW8389; KW8390; KW8391; KW8392,por que pegamos resfriado explicado de forma simples; por que pegamos resfriado entenda como funciona; por que pegamos resfriado causas e explicação; por que pegamos resfriado perguntas e respostas; por que pegamos resfriado o que a ciência sabe; por que pegamos resfriado curiosidades e fatos; por que pegamos resfriado exemplos do dia a dia; por que pegamos resfriado mitos e verdades,por-que-pegamos-resfriado,planejado,,pendente,,,,
CAL0772,15/07/2027,2027-07-15,Qui,3,ART2694,KW1694,por que as abelhas dançam,Por que as abelhas dançam?,Animais,animais,,,KW8393; KW8394; KW8395; KW8396; KW8397; KW8398; KW8399; KW8400,por que as abelhas dançam explicado de forma simples; por que as abelhas dançam entenda como funciona; por que as abelhas dançam causas e explicação; por que as abelhas dançam perguntas e respostas; por que as abelhas dançam o que a ciência sabe; por que as abelhas dançam curiosidades e fatos; por que as abelhas dançam exemplos do dia a dia; por que as abelhas dançam mitos e verdades,por-que-as-abelhas-dancam,planejado,,pendente,,,,
CAL0773,16/07/2027,2027-07-16,Sex,1,ART2713,KW1713,por que o açúcar dissolve na água,Por que o açúcar dissolve na água?,Ciência e fenômenos,ciencia-e-fenomenos,,,KW8401; KW8402; KW8403; KW8404; KW8405; KW8406; KW8407; KW8408,por que o açúcar dissolve na água explicado de forma simples; por que o açúcar dissolve na água entenda como funciona; por que o açúcar dissolve na água causas e explicação; por que o açúcar dissolve na água perguntas e respostas; por que o açúcar dissolve na água o que a ciência sabe; por que o açúcar dissolve na água curiosidades e fatos; por que o açúcar dissolve na água exemplos do dia a dia; por que o açúcar dissolve na água mitos e verdades,por-que-o-acucar-dissolve-na-agua,planejado,,pendente,,,,
CAL0774,16/07/2027,2027-07-16,Sex,2,ART2559,KW1559,por que somos diferentes uns dos outros,Por que somos diferentes uns dos outros?,Psicologia e comportamento,psicologia-e-comportamento,,,KW8409; KW8410; KW8411; KW8412; KW8413; KW8414; KW8415; KW8416,por que somos diferentes uns dos outros explicado de forma simples; por que somos diferentes uns dos outros entenda como funciona; por que somos diferentes uns dos outros causas e explicação; por que somos diferentes uns dos outros perguntas e respostas; por que somos diferentes uns dos outros o que a ciência sabe; por que somos diferentes uns dos outros curiosidades e fatos; por que somos diferentes uns dos outros exemplos do dia a dia; por que somos diferentes uns dos outros mitos e verdades,por-que-somos-diferentes-uns-dos-outros,planejado,,pendente,,,,
CAL0775,16/07/2027,2027-07-16,Sex,3,ART2708,KW1708,como funciona o airbag,Como funciona o airbag?,"Tecnologia, IA e ciência",tecnologia-ia-e-ciencia,,,KW8417; KW8418; KW8419; KW8420; KW8421; KW8422; KW8423; KW8424,como funciona o airbag explicado de forma simples; como funciona o airbag entenda como funciona; como funciona o airbag causas e explicação; como funciona o airbag perguntas e respostas; como funciona o airbag o que a ciência sabe; como funciona o airbag curiosidades e fatos; como funciona o airbag exemplos do dia a dia; como funciona o airbag mitos e verdades,como-funciona-o-airbag,planejado,,pendente,,,,
CAL0776,17/07/2027,2027-07-17,Sab,1,ART2687,KW1687,como funcionam os rovers em Marte,Como funcionam os rovers em Marte?,Universo e espaço,universo-e-espaco,,,KW8425; KW8426; KW8427; KW8428; KW8429; KW8430; KW8431; KW8432,como funcionam os rovers em Marte explicado de forma simples; como funcionam os rovers em Marte entenda como funciona; como funcionam os rovers em Marte causas e explicação; como funcionam os rovers em Marte perguntas e respostas; como funcionam os rovers em Marte o que a ciência sabe; como funcionam os rovers em Marte curiosidades e fatos; como funcionam os rovers em Marte exemplos do dia a dia; como funcionam os rovers em Marte mitos e verdades,como-funcionam-os-rovers-em-marte,planejado,,pendente,,,,
CAL0777,17/07/2027,2027-07-17,Sab,2,ART2578,KW1578,por que a gripe é mais comum no inverno,Por que a gripe é mais comum no inverno?,Corpo humano,corpo-humano,,,KW8433; KW8434; KW8435; KW8436; KW8437; KW8438; KW8439; KW8440,por que a gripe é mais comum no inverno explicado de forma simples; por que a gripe é mais comum no inverno entenda como funciona; por que a gripe é mais comum no inverno causas e explicação; por que a gripe é mais comum no inverno perguntas e respostas; por que a gripe é mais comum no inverno o que a ciência sabe; por que a gripe é mais comum no inverno curiosidades e fatos; por que a gripe é mais comum no inverno exemplos do dia a dia; por que a gripe é mais comum no inverno mitos e verdades,por-que-a-gripe-e-mais-comum-no-inverno,planejado,,pendente,,,,
CAL0778,17/07/2027,2027-07-17,Sab,3,ART2700,KW1700,por que as abelhas morrem depois de ferroar,Por que as abelhas morrem depois de ferroar?,Animais,animais,,,KW8441; KW8442; KW8443; KW8444; KW8445; KW8446; KW8447; KW8448,por que as abelhas morrem depois de ferroar explicado de forma simples; por que as abelhas morrem depois de ferroar entenda como funciona; por que as abelhas morrem depois de ferroar causas e explicação; por que as abelhas morrem depois de ferroar perguntas e respostas; por que as abelhas morrem depois de ferroar o que a ciência sabe; por que as abelhas morrem depois de ferroar curiosidades e fatos; por que as abelhas morrem depois de ferroar exemplos do dia a dia; por que as abelhas morrem depois de ferroar mitos e verdades,por-que-as-abelhas-morrem-depois-de-ferroar,planejado,,pendente,,,,
CAL0779,18/07/2027,2027-07-18,Dom,1,ART2719,KW1719,por que a pipoca estoura,Por que a pipoca estoura?,Ciência e fenômenos,ciencia-e-fenomenos,,,KW8449; KW8450; KW8451; KW8452; KW8453; KW8454; KW8455; KW8456,por que a pipoca estoura explicado de forma simples; por que a pipoca estoura entenda como funciona; por que a pipoca estoura causas e explicação; por que a pipoca estoura perguntas e respostas; por que a pipoca estoura o que a ciência sabe; por que a pipoca estoura curiosidades e fatos; por que a pipoca estoura exemplos do dia a dia; por que a pipoca estoura mitos e verdades,por-que-a-pipoca-estoura,planejado,,pendente,,,,
CAL0780,18/07/2027,2027-07-18,Dom,2,ART2565,KW1565,o que é inteligência emocional,O que é inteligência emocional?,Psicologia e comportamento,psicologia-e-comportamento,,,KW8457; KW8458; KW8459; KW8460; KW8461; KW8462; KW8463; KW8464,o que é inteligência emocional explicado de forma simples; o que é inteligência emocional entenda como funciona; o que é inteligência emocional causas e explicação; o que é inteligência emocional perguntas e respostas; o que é inteligência emocional o que a ciência sabe; o que é inteligência emocional curiosidades e fatos; o que é inteligência emocional exemplos do dia a dia; o que é inteligência emocional mitos e verdades,o-que-e-inteligencia-emocional,planejado,,pendente,,,,
CAL0781,18/07/2027,2027-07-18,Dom,3,ART2714,KW1714,como funciona um trem,Como funciona um trem?,"Tecnologia, IA e ciência",tecnologia-ia-e-ciencia,,,KW8465; KW8466; KW8467; KW8468; KW8469; KW8470; KW8471; KW8472,como funciona um trem explicado de forma simples; como funciona um trem entenda como funciona; como funciona um trem causas e explicação; como funciona um trem perguntas e respostas; como funciona um trem o que a ciência sabe; como funciona um trem curiosidades e fatos; como funciona um trem exemplos do dia a dia; como funciona um trem mitos e verdades,como-funciona-um-trem,planejado,,pendente,,,,
CAL0782,19/07/2027,2027-07-19,Seg,1,ART2693,KW1693,existe água em Marte,Existe água em Marte?,Universo e espaço,universo-e-espaco,,,KW8473; KW8474; KW8475; KW8476; KW8477; KW8478; KW8479; KW8480,existe água em Marte explicado de forma simples; existe água em Marte entenda como funciona; existe água em Marte causas e explicação; existe água em Marte perguntas e respostas; existe água em Marte o que a ciência sabe; existe água em Marte curiosidades e fatos; existe água em Marte exemplos do dia a dia; existe água em Marte mitos e verdades,existe-agua-em-marte,planejado,,pendente,,,,
CAL0783,19/07/2027,2027-07-19,Seg,2,ART2584,KW1584,por que temos calafrios,Por que temos calafrios?,Corpo humano,corpo-humano,,,KW8481; KW8482; KW8483; KW8484; KW8485; KW8486; KW8487; KW8488,por que temos calafrios explicado de forma simples; por que temos calafrios entenda como funciona; por que temos calafrios causas e explicação; por que temos calafrios perguntas e respostas; por que temos calafrios o que a ciência sabe; por que temos calafrios curiosidades e fatos; por que temos calafrios exemplos do dia a dia; por que temos calafrios mitos e verdades,por-que-temos-calafrios,planejado,,pendente,,,,
CAL0784,19/07/2027,2027-07-19,Seg,3,ART2706,KW1706,como as formigas carregam tanto peso,Como as formigas carregam tanto peso?,Animais,animais,,,KW8489; KW8490; KW8491; KW8492; KW8493; KW8494; KW8495; KW8496,como as formigas carregam tanto peso explicado de forma simples; como as formigas carregam tanto peso entenda como funciona; como as formigas carregam tanto peso causas e explicação; como as formigas carregam tanto peso perguntas e respostas; como as formigas carregam tanto peso o que a ciência sabe; como as formigas carregam tanto peso curiosidades e fatos; como as formigas carregam tanto peso exemplos do dia a dia; como as formigas carregam tanto peso mitos e verdades,como-as-formigas-carregam-tanto-peso,planejado,,pendente,,,,
CAL0785,20/07/2027,2027-07-20,Ter,1,ART2725,KW1725,por que o bolo cresce,Por que o bolo cresce?,Ciência e fenômenos,ciencia-e-fenomenos,,,KW8497; KW8498; KW8499; KW8500; KW8501; KW8502; KW8503; KW8504,por que o bolo cresce explicado de forma simples; por que o bolo cresce entenda como funciona; por que o bolo cresce causas e explicação; por que o bolo cresce perguntas e respostas; por que o bolo cresce o que a ciência sabe; por que o bolo cresce curiosidades e fatos; por que o bolo cresce exemplos do dia a dia; por que o bolo cresce mitos e verdades,por-que-o-bolo-cresce,planejado,,pendente,,,,
CAL0786,20/07/2027,2027-07-20,Ter,2,ART2571,KW1571,o que é resiliência,O que é resiliência?,Psicologia e comportamento,psicologia-e-comportamento,,,KW8505; KW8506; KW8507; KW8508; KW8509; KW8510; KW8511; KW8512,o que é resiliência explicado de forma simples; o que é resiliência entenda como funciona; o que é resiliência causas e explicação; o que é resiliência perguntas e respostas; o que é resiliência o que a ciência sabe; o que é resiliência curiosidades e fatos; o que é resiliência exemplos do dia a dia; o que é resiliência mitos e verdades,o-que-e-resiliencia,planejado,,pendente,,,,
CAL0787,20/07/2027,2027-07-20,Ter,3,ART2720,KW1720,como funciona um avião a jato,Como funciona um avião a jato?,"Tecnologia, IA e ciência",tecnologia-ia-e-ciencia,,,KW8513; KW8514; KW8515; KW8516; KW8517; KW8518; KW8519; KW8520,como funciona um avião a jato explicado de forma simples; como funciona um avião a jato entenda como funciona; como funciona um avião a jato causas e explicação; como funciona um avião a jato perguntas e respostas; como funciona um avião a jato o que a ciência sabe; como funciona um avião a jato curiosidades e fatos; como funciona um avião a jato exemplos do dia a dia; como funciona um avião a jato mitos e verdades,como-funciona-um-aviao-a-jato,planejado,,pendente,,,,
CAL0788,21/07/2027,2027-07-21,Qua,1,ART2699,KW1699,é possível viver em Marte,É possível viver em Marte?,Universo e espaço,universo-e-espaco,,,KW8521; KW8522; KW8523; KW8524; KW8525; KW8526; KW8527; KW8528,é possível viver em Marte explicado de forma simples; é possível viver em Marte entenda como funciona; é possível viver em Marte causas e explicação; é possível viver em Marte perguntas e respostas; é possível viver em Marte o que a ciência sabe; é possível viver em Marte curiosidades e fatos; é possível viver em Marte exemplos do dia a dia; é possível viver em Marte mitos e verdades,e-possivel-viver-em-marte,planejado,,pendente,,,,
CAL0789,21/07/2027,2027-07-21,Qua,2,ART2590,KW1590,por que temos enxaqueca,Por que temos enxaqueca?,Corpo humano,corpo-humano,,,KW8529; KW8530; KW8531; KW8532; KW8533; KW8534; KW8535; KW8536,por que temos enxaqueca explicado de forma simples; por que temos enxaqueca entenda como funciona; por que temos enxaqueca causas e explicação; por que temos enxaqueca perguntas e respostas; por que temos enxaqueca o que a ciência sabe; por que temos enxaqueca curiosidades e fatos; por que temos enxaqueca exemplos do dia a dia; por que temos enxaqueca mitos e verdades,por-que-temos-enxaqueca,planejado,,pendente,,,,
CAL0790,21/07/2027,2027-07-21,Qua,3,ART2712,KW1712,por que as formigas andam em fila,Por que as formigas andam em fila?,Animais,animais,,,KW8537; KW8538; KW8539; KW8540; KW8541; KW8542; KW8543; KW8544,por que as formigas andam em fila explicado de forma simples; por que as formigas andam em fila entenda como funciona; por que as formigas andam em fila causas e explicação; por que as formigas andam em fila perguntas e respostas; por que as formigas andam em fila o que a ciência sabe; por que as formigas andam em fila curiosidades e fatos; por que as formigas andam em fila exemplos do dia a dia; por que as formigas andam em fila mitos e verdades,por-que-as-formigas-andam-em-fila,planejado,,pendente,,,,
CAL0791,22/07/2027,2027-07-22,Qui,1,ART2731,KW1731,por que o leite azeda,Por que o leite azeda?,Ciência e fenômenos,ciencia-e-fenomenos,,,KW8545; KW8546; KW8547; KW8548; KW8549; KW8550; KW8551; KW8552,por que o leite azeda explicado de forma simples; por que o leite azeda entenda como funciona; por que o leite azeda causas e explicação; por que o leite azeda perguntas e respostas; por que o leite azeda o que a ciência sabe; por que o leite azeda curiosidades e fatos; por que o leite azeda exemplos do dia a dia; por que o leite azeda mitos e verdades,por-que-o-leite-azeda,planejado,,pendente,,,,
CAL0792,22/07/2027,2027-07-22,Qui,2,ART2577,KW1577,o que é autoestima,O que é autoestima?,Psicologia e comportamento,psicologia-e-comportamento,,,KW8553; KW8554; KW8555; KW8556; KW8557; KW8558; KW8559; KW8560,o que é autoestima explicado de forma simples; o que é autoestima entenda como funciona; o que é autoestima causas e explicação; o que é autoestima perguntas e respostas; o que é autoestima o que a ciência sabe; o que é autoestima curiosidades e fatos; o que é autoestima exemplos do dia a dia; o que é autoestima mitos e verdades,o-que-e-autoestima,planejado,,pendente,,,,
CAL0793,22/07/2027,2027-07-22,Qui,3,ART2726,KW1726,como funciona um helicóptero,Como funciona um helicóptero?,"Tecnologia, IA e ciência",tecnologia-ia-e-ciencia,,,KW8561; KW8562; KW8563; KW8564; KW8565; KW8566; KW8567; KW8568,como funciona um helicóptero explicado de forma simples; como funciona um helicóptero entenda como funciona; como funciona um helicóptero causas e explicação; como funciona um helicóptero perguntas e respostas; como funciona um helicóptero o que a ciência sabe; como funciona um helicóptero curiosidades e fatos; como funciona um helicóptero exemplos do dia a dia; como funciona um helicóptero mitos e verdades,como-funciona-um-helicoptero,planejado,,pendente,,,,
CAL0794,23/07/2027,2027-07-23,Sex,1,ART2705,KW1705,o que é terraformação,O que é terraformação?,Universo e espaço,universo-e-espaco,,,KW8569; KW8570; KW8571; KW8572; KW8573; KW8574; KW8575; KW8576,o que é terraformação explicado de forma simples; o que é terraformação entenda como funciona; o que é terraformação causas e explicação; o que é terraformação perguntas e respostas; o que é terraformação o que a ciência sabe; o que é terraformação curiosidades e fatos; o que é terraformação exemplos do dia a dia; o que é terraformação mitos e verdades,o-que-e-terraformacao,planejado,,pendente,,,,
CAL0795,23/07/2027,2027-07-23,Sex,2,ART2596,KW1596,por que temos sono durante o dia,Por que temos sono durante o dia?,Corpo humano,corpo-humano,,,KW8577; KW8578; KW8579; KW8580; KW8581; KW8582; KW8583; KW8584,por que temos sono durante o dia explicado de forma simples; por que temos sono durante o dia entenda como funciona; por que temos sono durante o dia causas e explicação; por que temos sono durante o dia perguntas e respostas; por que temos sono durante o dia o que a ciência sabe; por que temos sono durante o dia curiosidades e fatos; por que temos sono durante o dia exemplos do dia a dia; por que temos sono durante o dia mitos e verdades,por-que-temos-sono-durante-o-dia,planejado,,pendente,,,,
CAL0796,23/07/2027,2027-07-23,Sex,3,ART2718,KW1718,por que os cupins constroem cupinzeiros,Por que os cupins constroem cupinzeiros?,Animais,animais,,,KW8585; KW8586; KW8587; KW8588; KW8589; KW8590; KW8591; KW8592,por que os cupins constroem cupinzeiros explicado de forma simples; por que os cupins constroem cupinzeiros entenda como funciona; por que os cupins constroem cupinzeiros causas e explicação; por que os cupins constroem cupinzeiros perguntas e respostas; por que os cupins constroem cupinzeiros o que a ciência sabe; por que os cupins constroem cupinzeiros curiosidades e fatos; por que os cupins constroem cupinzeiros exemplos do dia a dia; por que os cupins constroem cupinzeiros mitos e verdades,por-que-os-cupins-constroem-cupinzeiros,planejado,,pendente,,,,
CAL0797,24/07/2027,2027-07-24,Sab,1,ART2737,KW1737,por que as frutas escurecem,Por que as frutas escurecem?,Ciência e fenômenos,ciencia-e-fenomenos,,,KW8593; KW8594; KW8595; KW8596; KW8597; KW8598; KW8599; KW8600,por que as frutas escurecem explicado de forma simples; por que as frutas escurecem entenda como funciona; por que as frutas escurecem causas e explicação; por que as frutas escurecem perguntas e respostas; por que as frutas escurecem o que a ciência sabe; por que as frutas escurecem curiosidades e fatos; por que as frutas escurecem exemplos do dia a dia; por que as frutas escurecem mitos e verdades,por-que-as-frutas-escurecem,planejado,,pendente,,,,
CAL0798,24/07/2027,2027-07-24,Sab,2,ART2583,KW1583,o que é autoconfiança,O que é autoconfiança?,Psicologia e comportamento,psicologia-e-comportamento,,,KW8601; KW8602; KW8603; KW8604; KW8605; KW8606; KW8607; KW8608,o que é autoconfiança explicado de forma simples; o que é autoconfiança entenda como funciona; o que é autoconfiança causas e explicação; o que é autoconfiança perguntas e respostas; o que é autoconfiança o que a ciência sabe; o que é autoconfiança curiosidades e fatos; o que é autoconfiança exemplos do dia a dia; o que é autoconfiança mitos e verdades,o-que-e-autoconfianca,planejado,,pendente,,,,
CAL0799,24/07/2027,2027-07-24,Sab,3,ART2732,KW1732,como funciona um foguete reutilizável,Como funciona um foguete reutilizável?,"Tecnologia, IA e ciência",tecnologia-ia-e-ciencia,,,KW8609; KW8610; KW8611; KW8612; KW8613; KW8614; KW8615; KW8616,como funciona um foguete reutilizável explicado de forma simples; como funciona um foguete reutilizável entenda como funciona; como funciona um foguete reutilizável causas e explicação; como funciona um foguete reutilizável perguntas e respostas; como funciona um foguete reutilizável o que a ciência sabe; como funciona um foguete reutilizável curiosidades e fatos; como funciona um foguete reutilizável exemplos do dia a dia; como funciona um foguete reutilizável mitos e verdades,como-funciona-um-foguete-reutilizavel,planejado,,pendente,,,,
CAL0800,25/07/2027,2027-07-25,Dom,1,ART2711,KW1711,existe vida fora da Terra,Existe vida fora da Terra?,Universo e espaço,universo-e-espaco,,,KW8617; KW8618; KW8619; KW8620; KW8621; KW8622; KW8623; KW8624,existe vida fora da Terra explicado de forma simples; existe vida fora da Terra entenda como funciona; existe vida fora da Terra causas e explicação; existe vida fora da Terra perguntas e respostas; existe vida fora da Terra o que a ciência sabe; existe vida fora da Terra curiosidades e fatos; existe vida fora da Terra exemplos do dia a dia; existe vida fora da Terra mitos e verdades,existe-vida-fora-da-terra,planejado,,pendente,,,,
CAL0801,25/07/2027,2027-07-25,Dom,2,ART2602,KW1602,por que temos insônia,Por que temos insônia?,Corpo humano,corpo-humano,,,KW8625; KW8626; KW8627; KW8628; KW8629; KW8630; KW8631; KW8632,por que temos insônia explicado de forma simples; por que temos insônia entenda como funciona; por que temos insônia causas e explicação; por que temos insônia perguntas e respostas; por que temos insônia o que a ciência sabe; por que temos insônia curiosidades e fatos; por que temos insônia exemplos do dia a dia; por que temos insônia mitos e verdades,por-que-temos-insonia,planejado,,pendente,,,,
CAL0802,25/07/2027,2027-07-25,Dom,3,ART2724,KW1724,como as borboletas nascem,Como as borboletas nascem?,Animais,animais,,,KW8633; KW8634; KW8635; KW8636; KW8637; KW8638; KW8639; KW8640,como as borboletas nascem explicado de forma simples; como as borboletas nascem entenda como funciona; como as borboletas nascem causas e explicação; como as borboletas nascem perguntas e respostas; como as borboletas nascem o que a ciência sabe; como as borboletas nascem curiosidades e fatos; como as borboletas nascem exemplos do dia a dia; como as borboletas nascem mitos e verdades,como-as-borboletas-nascem,planejado,,pendente,,,,
CAL0803,26/07/2027,2027-07-26,Seg,1,ART2743,KW1743,por que o pão fica duro,Por que o pão fica duro?,Ciência e fenômenos,ciencia-e-fenomenos,,,KW8641; KW8642; KW8643; KW8644; KW8645; KW8646; KW8647; KW8648,por que o pão fica duro explicado de forma simples; por que o pão fica duro entenda como funciona; por que o pão fica duro causas e explicação; por que o pão fica duro perguntas e respostas; por que o pão fica duro o que a ciência sabe; por que o pão fica duro curiosidades e fatos; por que o pão fica duro exemplos do dia a dia; por que o pão fica duro mitos e verdades,por-que-o-pao-fica-duro,planejado,,pendente,,,,
CAL0804,26/07/2027,2027-07-26,Seg,2,ART2589,KW1589,o que é mindset de crescimento,O que é mindset de crescimento?,Psicologia e comportamento,psicologia-e-comportamento,,,KW8649; KW8650; KW8651; KW8652; KW8653; KW8654; KW8655; KW8656,o que é mindset de crescimento explicado de forma simples; o que é mindset de crescimento entenda como funciona; o que é mindset de crescimento causas e explicação; o que é mindset de crescimento perguntas e respostas; o que é mindset de crescimento o que a ciência sabe; o que é mindset de crescimento curiosidades e fatos; o que é mindset de crescimento exemplos do dia a dia; o que é mindset de crescimento mitos e verdades,o-que-e-mindset-de-crescimento,planejado,,pendente,,,,
CAL0805,26/07/2027,2027-07-26,Seg,3,ART2738,KW1738,como funciona a fusão nuclear,Como funciona a fusão nuclear?,"Tecnologia, IA e ciência",tecnologia-ia-e-ciencia,,,KW8657; KW8658; KW8659; KW8660; KW8661; KW8662; KW8663; KW8664,como funciona a fusão nuclear explicado de forma simples; como funciona a fusão nuclear entenda como funciona; como funciona a fusão nuclear causas e explicação; como funciona a fusão nuclear perguntas e respostas; como funciona a fusão nuclear o que a ciência sabe; como funciona a fusão nuclear curiosidades e fatos; como funciona a fusão nuclear exemplos do dia a dia; como funciona a fusão nuclear mitos e verdades,como-funciona-a-fusao-nuclear,planejado,,pendente,,,,
CAL0806,27/07/2027,2027-07-27,Ter,1,ART2717,KW1717,o que é o paradoxo de Fermi,O que é o paradoxo de Fermi?,Universo e espaço,universo-e-espaco,,,KW8665; KW8666; KW8667; KW8668; KW8669; KW8670; KW8671; KW8672,o que é o paradoxo de Fermi explicado de forma simples; o que é o paradoxo de Fermi entenda como funciona; o que é o paradoxo de Fermi causas e explicação; o que é o paradoxo de Fermi perguntas e respostas; o que é o paradoxo de Fermi o que a ciência sabe; o que é o paradoxo de Fermi curiosidades e fatos; o que é o paradoxo de Fermi exemplos do dia a dia; o que é o paradoxo de Fermi mitos e verdades,o-que-e-o-paradoxo-de-fermi,planejado,,pendente,,,,
CAL0807,27/07/2027,2027-07-27,Ter,2,ART2608,KW1608,por que roncamos,Por que roncamos?,Corpo humano,corpo-humano,,,KW8673; KW8674; KW8675; KW8676; KW8677; KW8678; KW8679; KW8680,por que roncamos explicado de forma simples; por que roncamos entenda como funciona; por que roncamos causas e explicação; por que roncamos perguntas e respostas; por que roncamos o que a ciência sabe; por que roncamos curiosidades e fatos; por que roncamos exemplos do dia a dia; por que roncamos mitos e verdades,por-que-roncamos,planejado,,pendente,,,,
CAL0808,27/07/2027,2027-07-27,Ter,3,ART2730,KW1730,por que as borboletas têm cores vibrantes,Por que as borboletas têm cores vibrantes?,Animais,animais,,,KW8681; KW8682; KW8683; KW8684; KW8685; KW8686; KW8687; KW8688,por que as borboletas têm cores vibrantes explicado de forma simples; por que as borboletas têm cores vibrantes entenda como funciona; por que as borboletas têm cores vibrantes causas e explicação; por que as borboletas têm cores vibrantes perguntas e respostas; por que as borboletas têm cores vibrantes o que a ciência sabe; por que as borboletas têm cores vibrantes curiosidades e fatos; por que as borboletas têm cores vibrantes exemplos do dia a dia; por que as borboletas têm cores vibrantes mitos e verdades,por-que-as-borboletas-tem-cores-vibrantes,planejado,,pendente,,,,
CAL0809,28/07/2027,2027-07-28,Qua,1,ART2749,KW1749,por que o sabão limpa,Por que o sabão limpa?,Ciência e fenômenos,ciencia-e-fenomenos,,,KW8689; KW8690; KW8691; KW8692; KW8693; KW8694; KW8695; KW8696,por que o sabão limpa explicado de forma simples; por que o sabão limpa entenda como funciona; por que o sabão limpa causas e explicação; por que o sabão limpa perguntas e respostas; por que o sabão limpa o que a ciência sabe; por que o sabão limpa curiosidades e fatos; por que o sabão limpa exemplos do dia a dia; por que o sabão limpa mitos e verdades,por-que-o-sabao-limpa,planejado,,pendente,,,,
CAL0810,28/07/2027,2027-07-28,Qua,2,ART2595,KW1595,o que é foco,O que é foco?,Psicologia e comportamento,psicologia-e-comportamento,,,KW8697; KW8698; KW8699; KW8700; KW8701; KW8702; KW8703; KW8704,o que é foco explicado de forma simples; o que é foco entenda como funciona; o que é foco causas e explicação; o que é foco perguntas e respostas; o que é foco o que a ciência sabe; o que é foco curiosidades e fatos; o que é foco exemplos do dia a dia; o que é foco mitos e verdades,o-que-e-foco,planejado,,pendente,,,,
CAL0811,28/07/2027,2027-07-28,Qua,3,ART2744,KW1744,como funciona uma usina solar,Como funciona uma usina solar?,"Tecnologia, IA e ciência",tecnologia-ia-e-ciencia,,,KW8705; KW8706; KW8707; KW8708; KW8709; KW8710; KW8711; KW8712,como funciona uma usina solar explicado de forma simples; como funciona uma usina solar entenda como funciona; como funciona uma usina solar causas e explicação; como funciona uma usina solar perguntas e respostas; como funciona uma usina solar o que a ciência sabe; como funciona uma usina solar curiosidades e fatos; como funciona uma usina solar exemplos do dia a dia; como funciona uma usina solar mitos e verdades,como-funciona-uma-usina-solar,planejado,,pendente,,,,
CAL0812,29/07/2027,2027-07-29,Qui,1,ART2723,KW1723,o que é a equação de Drake,O que é a equação de Drake?,Universo e espaço,universo-e-espaco,,,KW8713; KW8714; KW8715; KW8716; KW8717; KW8718; KW8719; KW8720,o que é a equação de Drake explicado de forma simples; o que é a equação de Drake entenda como funciona; o que é a equação de Drake causas e explicação; o que é a equação de Drake perguntas e respostas; o que é a equação de Drake o que a ciência sabe; o que é a equação de Drake curiosidades e fatos; o que é a equação de Drake exemplos do dia a dia; o que é a equação de Drake mitos e verdades,o-que-e-a-equacao-de-drake,planejado,,pendente,,,,
CAL0813,29/07/2027,2027-07-29,Qui,2,ART2614,KW1614,por que rangemos os dentes,Por que rangemos os dentes?,Corpo humano,corpo-humano,,,KW8721; KW8722; KW8723; KW8724; KW8725; KW8726; KW8727; KW8728,por que rangemos os dentes explicado de forma simples; por que rangemos os dentes entenda como funciona; por que rangemos os dentes causas e explicação; por que rangemos os dentes perguntas e respostas; por que rangemos os dentes o que a ciência sabe; por que rangemos os dentes curiosidades e fatos; por que rangemos os dentes exemplos do dia a dia; por que rangemos os dentes mitos e verdades,por-que-rangemos-os-dentes,planejado,,pendente,,,,
CAL0814,29/07/2027,2027-07-29,Qui,3,ART2736,KW1736,por que as mariposas vão até a luz,Por que as mariposas vão até a luz?,Animais,animais,,,KW8729; KW8730; KW8731; KW8732; KW8733; KW8734; KW8735; KW8736,por que as mariposas vão até a luz explicado de forma simples; por que as mariposas vão até a luz entenda como funciona; por que as mariposas vão até a luz causas e explicação; por que as mariposas vão até a luz perguntas e respostas; por que as mariposas vão até a luz o que a ciência sabe; por que as mariposas vão até a luz curiosidades e fatos; por que as mariposas vão até a luz exemplos do dia a dia; por que as mariposas vão até a luz mitos e verdades,por-que-as-mariposas-vao-ate-a-luz,planejado,,pendente,,,,
CAL0815,30/07/2027,2027-07-30,Sex,1,ART2755,KW1755,por que o detergente tira gordura,Por que o detergente tira gordura?,Ciência e fenômenos,ciencia-e-fenomenos,,,KW8737; KW8738; KW8739; KW8740; KW8741; KW8742; KW8743; KW8744,por que o detergente tira gordura explicado de forma simples; por que o detergente tira gordura entenda como funciona; por que o detergente tira gordura causas e explicação; por que o detergente tira gordura perguntas e respostas; por que o detergente tira gordura o que a ciência sabe; por que o detergente tira gordura curiosidades e fatos; por que o detergente tira gordura exemplos do dia a dia; por que o detergente tira gordura mitos e verdades,por-que-o-detergente-tira-gordura,planejado,,pendente,,,,
CAL0816,30/07/2027,2027-07-30,Sex,2,ART2601,KW1601,por que perdemos o foco,Por que perdemos o foco?,Psicologia e comportamento,psicologia-e-comportamento,,,KW8745; KW8746; KW8747; KW8748; KW8749; KW8750; KW8751; KW8752,por que perdemos o foco explicado de forma simples; por que perdemos o foco entenda como funciona; por que perdemos o foco causas e explicação; por que perdemos o foco perguntas e respostas; por que perdemos o foco o que a ciência sabe; por que perdemos o foco curiosidades e fatos; por que perdemos o foco exemplos do dia a dia; por que perdemos o foco mitos e verdades,por-que-perdemos-o-foco,planejado,,pendente,,,,
CAL0817,30/07/2027,2027-07-30,Sex,3,ART2750,KW1750,como funciona uma turbina,Como funciona uma turbina?,"Tecnologia, IA e ciência",tecnologia-ia-e-ciencia,,,KW8753; KW8754; KW8755; KW8756; KW8757; KW8758; KW8759; KW8760,como funciona uma turbina explicado de forma simples; como funciona uma turbina entenda como funciona; como funciona uma turbina causas e explicação; como funciona uma turbina perguntas e respostas; como funciona uma turbina o que a ciência sabe; como funciona uma turbina curiosidades e fatos; como funciona uma turbina exemplos do dia a dia; como funciona uma turbina mitos e verdades,como-funciona-uma-turbina,planejado,,pendente,,,,
CAL0818,31/07/2027,2027-07-31,Sab,1,ART2729,KW1729,o que é o projeto SETI,O que é o projeto SETI?,Universo e espaço,universo-e-espaco,,,KW8761; KW8762; KW8763; KW8764; KW8765; KW8766; KW8767; KW8768,o que é o projeto SETI explicado de forma simples; o que é o projeto SETI entenda como funciona; o que é o projeto SETI causas e explicação; o que é o projeto SETI perguntas e respostas; o que é o projeto SETI o que a ciência sabe; o que é o projeto SETI curiosidades e fatos; o que é o projeto SETI exemplos do dia a dia; o que é o projeto SETI mitos e verdades,o-que-e-o-projeto-seti,planejado,,pendente,,,,
CAL0819,31/07/2027,2027-07-31,Sab,2,ART2620,KW1620,por que dormir é importante,Por que dormir é importante?,Corpo humano,corpo-humano,,,KW8769; KW8770; KW8771; KW8772; KW8773; KW8774; KW8775; KW8776,por que dormir é importante explicado de forma simples; por que dormir é importante entenda como funciona; por que dormir é importante causas e explicação; por que dormir é importante perguntas e respostas; por que dormir é importante o que a ciência sabe; por que dormir é importante curiosidades e fatos; por que dormir é importante exemplos do dia a dia; por que dormir é importante mitos e verdades,por-que-dormir-e-importante,planejado,,pendente,,,,
CAL0820,31/07/2027,2027-07-31,Sab,3,ART2742,KW1742,por que as cigarras cantam,Por que as cigarras cantam?,Animais,animais,,,KW8777; KW8778; KW8779; KW8780; KW8781; KW8782; KW8783; KW8784,por que as cigarras cantam explicado de forma simples; por que as cigarras cantam entenda como funciona; por que as cigarras cantam causas e explicação; por que as cigarras cantam perguntas e respostas; por que as cigarras cantam o que a ciência sabe; por que as cigarras cantam curiosidades e fatos; por que as cigarras cantam exemplos do dia a dia; por que as cigarras cantam mitos e verdades,por-que-as-cigarras-cantam,planejado,,pendente,,,,
CAL0821,01/08/2027,2027-08-01,Dom,1,ART2761,KW1761,por que o vinagre limpa,Por que o vinagre limpa?,Ciência e fenômenos,ciencia-e-fenomenos,,,KW8785; KW8786; KW8787; KW8788; KW8789; KW8790; KW8791; KW8792,por que o vinagre limpa explicado de forma simples; por que o vinagre limpa entenda como funciona; por que o vinagre limpa causas e explicação; por que o vinagre limpa perguntas e respostas; por que o vinagre limpa o que a ciência sabe; por que o vinagre limpa curiosidades e fatos; por que o vinagre limpa exemplos do dia a dia; por que o vinagre limpa mitos e verdades,por-que-o-vinagre-limpa,planejado,,pendente,,,,
CAL0822,01/08/2027,2027-08-01,Dom,2,ART2607,KW1607,por que temos dificuldade de concentração,Por que temos dificuldade de concentração?,Psicologia e comportamento,psicologia-e-comportamento,,,KW8793; KW8794; KW8795; KW8796; KW8797; KW8798; KW8799; KW8800,por que temos dificuldade de concentração explicado de forma simples; por que temos dificuldade de concentração entenda como funciona; por que temos dificuldade de concentração causas e explicação; por que temos dificuldade de concentração perguntas e respostas; por que temos dificuldade de concentração o que a ciência sabe; por que temos dificuldade de concentração curiosidades e fatos; por que temos dificuldade de concentração exemplos do dia a dia; por que temos dificuldade de concentração mitos e verdades,por-que-temos-dificuldade-de-concentracao,planejado,,pendente,,,,
CAL0823,01/08/2027,2027-08-01,Dom,3,ART2756,KW1756,como funciona uma bateria recarregável,Como funciona uma bateria recarregável?,"Tecnologia, IA e ciência",tecnologia-ia-e-ciencia,,,KW8801; KW8802; KW8803; KW8804; KW8805; KW8806; KW8807; KW8808,como funciona uma bateria recarregável explicado de forma simples; como funciona uma bateria recarregável entenda como funciona; como funciona uma bateria recarregável causas e explicação; como funciona uma bateria recarregável perguntas e respostas; como funciona uma bateria recarregável o que a ciência sabe; como funciona uma bateria recarregável curiosidades e fatos; como funciona uma bateria recarregável exemplos do dia a dia; como funciona uma bateria recarregável mitos e verdades,como-funciona-uma-bateria-recarregavel,planejado,,pendente,,,,
CAL0824,02/08/2027,2027-08-02,Seg,1,ART2735,KW1735,o que é a zona habitável,O que é a zona habitável?,Universo e espaço,universo-e-espaco,,,KW8809; KW8810; KW8811; KW8812; KW8813; KW8814; KW8815; KW8816,o que é a zona habitável explicado de forma simples; o que é a zona habitável entenda como funciona; o que é a zona habitável causas e explicação; o que é a zona habitável perguntas e respostas; o que é a zona habitável o que a ciência sabe; o que é a zona habitável curiosidades e fatos; o que é a zona habitável exemplos do dia a dia; o que é a zona habitável mitos e verdades,o-que-e-a-zona-habitavel,planejado,,pendente,,,,
CAL0825,02/08/2027,2027-08-02,Seg,2,ART2626,KW1626,quantas horas devemos dormir,Quantas horas devemos dormir?,Corpo humano,corpo-humano,,,KW8817; KW8818; KW8819; KW8820; KW8821; KW8822; KW8823; KW8824,quantas horas devemos dormir explicado de forma simples; quantas horas devemos dormir entenda como funciona; quantas horas devemos dormir causas e explicação; quantas horas devemos dormir perguntas e respostas; quantas horas devemos dormir o que a ciência sabe; quantas horas devemos dormir curiosidades e fatos; quantas horas devemos dormir exemplos do dia a dia; quantas horas devemos dormir mitos e verdades,quantas-horas-devemos-dormir,planejado,,pendente,,,,
CAL0826,02/08/2027,2027-08-02,Seg,3,ART2748,KW1748,por que os grilos cantam à noite,Por que os grilos cantam à noite?,Animais,animais,,,KW8825; KW8826; KW8827; KW8828; KW8829; KW8830; KW8831; KW8832,por que os grilos cantam à noite explicado de forma simples; por que os grilos cantam à noite entenda como funciona; por que os grilos cantam à noite causas e explicação; por que os grilos cantam à noite perguntas e respostas; por que os grilos cantam à noite o que a ciência sabe; por que os grilos cantam à noite curiosidades e fatos; por que os grilos cantam à noite exemplos do dia a dia; por que os grilos cantam à noite mitos e verdades,por-que-os-grilos-cantam-a-noite,planejado,,pendente,,,,
CAL0827,03/08/2027,2027-08-03,Ter,1,ART2767,KW1767,por que a água oxigenada faz espuma,Por que a água oxigenada faz espuma?,Ciência e fenômenos,ciencia-e-fenomenos,,,KW8833; KW8834; KW8835; KW8836; KW8837; KW8838; KW8839; KW8840,por que a água oxigenada faz espuma explicado de forma simples; por que a água oxigenada faz espuma entenda como funciona; por que a água oxigenada faz espuma causas e explicação; por que a água oxigenada faz espuma perguntas e respostas; por que a água oxigenada faz espuma o que a ciência sabe; por que a água oxigenada faz espuma curiosidades e fatos; por que a água oxigenada faz espuma exemplos do dia a dia; por que a água oxigenada faz espuma mitos e verdades,por-que-a-agua-oxigenada-faz-espuma,planejado,,pendente,,,,
CAL0828,03/08/2027,2027-08-03,Ter,2,ART2613,KW1613,por que temos preguiça,Por que temos preguiça?,Psicologia e comportamento,psicologia-e-comportamento,,,KW8841; KW8842; KW8843; KW8844; KW8845; KW8846; KW8847; KW8848,por que temos preguiça explicado de forma simples; por que temos preguiça entenda como funciona; por que temos preguiça causas e explicação; por que temos preguiça perguntas e respostas; por que temos preguiça o que a ciência sabe; por que temos preguiça curiosidades e fatos; por que temos preguiça exemplos do dia a dia; por que temos preguiça mitos e verdades,por-que-temos-preguica,planejado,,pendente,,,,
CAL0829,03/08/2027,2027-08-03,Ter,3,ART2762,KW1762,como funciona a energia renovável,Como funciona a energia renovável?,"Tecnologia, IA e ciência",tecnologia-ia-e-ciencia,,,KW8849; KW8850; KW8851; KW8852; KW8853; KW8854; KW8855; KW8856,como funciona a energia renovável explicado de forma simples; como funciona a energia renovável entenda como funciona; como funciona a energia renovável causas e explicação; como funciona a energia renovável perguntas e respostas; como funciona a energia renovável o que a ciência sabe; como funciona a energia renovável curiosidades e fatos; como funciona a energia renovável exemplos do dia a dia; como funciona a energia renovável mitos e verdades,como-funciona-a-energia-renovavel,planejado,,pendente,,,,
CAL0830,04/08/2027,2027-08-04,Qua,1,ART2741,KW1741,o que são exoplanetas habitáveis,O que são exoplanetas habitáveis?,Universo e espaço,universo-e-espaco,,,KW8857; KW8858; KW8859; KW8860; KW8861; KW8862; KW8863; KW8864,o que são exoplanetas habitáveis explicado de forma simples; o que são exoplanetas habitáveis entenda como funciona; o que são exoplanetas habitáveis causas e explicação; o que são exoplanetas habitáveis perguntas e respostas; o que são exoplanetas habitáveis o que a ciência sabe; o que são exoplanetas habitáveis curiosidades e fatos; o que são exoplanetas habitáveis exemplos do dia a dia; o que são exoplanetas habitáveis mitos e verdades,o-que-sao-exoplanetas-habitaveis,planejado,,pendente,,,,
CAL0831,04/08/2027,2027-08-04,Qua,2,ART2632,KW1632,por que o álcool dá sono,Por que o álcool dá sono?,Corpo humano,corpo-humano,,,KW8865; KW8866; KW8867; KW8868; KW8869; KW8870; KW8871; KW8872,por que o álcool dá sono explicado de forma simples; por que o álcool dá sono entenda como funciona; por que o álcool dá sono causas e explicação; por que o álcool dá sono perguntas e respostas; por que o álcool dá sono o que a ciência sabe; por que o álcool dá sono curiosidades e fatos; por que o álcool dá sono exemplos do dia a dia; por que o álcool dá sono mitos e verdades,por-que-o-alcool-da-sono,planejado,,pendente,,,,
CAL0832,04/08/2027,2027-08-04,Qua,3,ART2754,KW1754,por que as libélulas voam tão bem,Por que as libélulas voam tão bem?,Animais,animais,,,KW8873; KW8874; KW8875; KW8876; KW8877; KW8878; KW8879; KW8880,por que as libélulas voam tão bem explicado de forma simples; por que as libélulas voam tão bem entenda como funciona; por que as libélulas voam tão bem causas e explicação; por que as libélulas voam tão bem perguntas e respostas; por que as libélulas voam tão bem o que a ciência sabe; por que as libélulas voam tão bem curiosidades e fatos; por que as libélulas voam tão bem exemplos do dia a dia; por que as libélulas voam tão bem mitos e verdades,por-que-as-libelulas-voam-tao-bem,planejado,,pendente,,,,
CAL0833,05/08/2027,2027-08-05,Qui,1,ART2773,KW1773,por que o refrigerante faz espuma com Mentos,Por que o refrigerante faz espuma com Mentos?,Ciência e fenômenos,ciencia-e-fenomenos,,,KW8881; KW8882; KW8883; KW8884; KW8885; KW8886; KW8887; KW8888,por que o refrigerante faz espuma com Mentos explicado de forma simples; por que o refrigerante faz espuma com Mentos entenda como funciona; por que o refrigerante faz espuma com Mentos causas e explicação; por que o refrigerante faz espuma com Mentos perguntas e respostas; por que o refrigerante faz espuma com Mentos o que a ciência sabe; por que o refrigerante faz espuma com Mentos curiosidades e fatos; por que o refrigerante faz espuma com Mentos exemplos do dia a dia; por que o refrigerante faz espuma com Mentos mitos e verdades,por-que-o-refrigerante-faz-espuma-com-mentos,planejado,,pendente,,,,
CAL0834,05/08/2027,2027-08-05,Qui,2,ART2619,KW1619,por que adiamos o descanso,Por que adiamos o descanso?,Psicologia e comportamento,psicologia-e-comportamento,,,KW8889; KW8890; KW8891; KW8892; KW8893; KW8894; KW8895; KW8896,por que adiamos o descanso explicado de forma simples; por que adiamos o descanso entenda como funciona; por que adiamos o descanso causas e explicação; por que adiamos o descanso perguntas e respostas; por que adiamos o descanso o que a ciência sabe; por que adiamos o descanso curiosidades e fatos; por que adiamos o descanso exemplos do dia a dia; por que adiamos o descanso mitos e verdades,por-que-adiamos-o-descanso,planejado,,pendente,,,,
CAL0835,05/08/2027,2027-08-05,Qui,3,ART2768,KW1768,como funciona uma célula solar,Como funciona uma célula solar?,"Tecnologia, IA e ciência",tecnologia-ia-e-ciencia,,,KW8897; KW8898; KW8899; KW8900; KW8901; KW8902; KW8903; KW8904,como funciona uma célula solar explicado de forma simples; como funciona uma célula solar entenda como funciona; como funciona uma célula solar causas e explicação; como funciona uma célula solar perguntas e respostas; como funciona uma célula solar o que a ciência sabe; como funciona uma célula solar curiosidades e fatos; como funciona uma célula solar exemplos do dia a dia; como funciona uma célula solar mitos e verdades,como-funciona-uma-celula-solar,planejado,,pendente,,,,
CAL0836,06/08/2027,2027-08-06,Sex,1,ART2747,KW1747,como observar estrelas a olho nu,Como observar estrelas a olho nu?,Universo e espaço,universo-e-espaco,,,KW8905; KW8906; KW8907; KW8908; KW8909; KW8910; KW8911; KW8912,como observar estrelas a olho nu explicado de forma simples; como observar estrelas a olho nu entenda como funciona; como observar estrelas a olho nu causas e explicação; como observar estrelas a olho nu perguntas e respostas; como observar estrelas a olho nu o que a ciência sabe; como observar estrelas a olho nu curiosidades e fatos; como observar estrelas a olho nu exemplos do dia a dia; como observar estrelas a olho nu mitos e verdades,como-observar-estrelas-a-olho-nu,planejado,,pendente,,,,
CAL0837,06/08/2027,2027-08-06,Sex,2,ART2638,KW1638,por que o café dá energia,Por que o café dá energia?,Corpo humano,corpo-humano,,,KW8913; KW8914; KW8915; KW8916; KW8917; KW8918; KW8919; KW8920,por que o café dá energia explicado de forma simples; por que o café dá energia entenda como funciona; por que o café dá energia causas e explicação; por que o café dá energia perguntas e respostas; por que o café dá energia o que a ciência sabe; por que o café dá energia curiosidades e fatos; por que o café dá energia exemplos do dia a dia; por que o café dá energia mitos e verdades,por-que-o-cafe-da-energia,planejado,,pendente,,,,
CAL0838,06/08/2027,2027-08-06,Sex,3,ART2760,KW1760,como os mosquitos picam,Como os mosquitos picam?,Animais,animais,,,KW8921; KW8922; KW8923; KW8924; KW8925; KW8926; KW8927; KW8928,como os mosquitos picam explicado de forma simples; como os mosquitos picam entenda como funciona; como os mosquitos picam causas e explicação; como os mosquitos picam perguntas e respostas; como os mosquitos picam o que a ciência sabe; como os mosquitos picam curiosidades e fatos; como os mosquitos picam exemplos do dia a dia; como os mosquitos picam mitos e verdades,como-os-mosquitos-picam,planejado,,pendente,,,,
CAL0839,07/08/2027,2027-08-07,Sab,1,ART2779,KW1779,por que a chama é azul,Por que a chama é azul?,Ciência e fenômenos,ciencia-e-fenomenos,,,KW8929; KW8930; KW8931; KW8932; KW8933; KW8934; KW8935; KW8936,por que a chama é azul explicado de forma simples; por que a chama é azul entenda como funciona; por que a chama é azul causas e explicação; por que a chama é azul perguntas e respostas; por que a chama é azul o que a ciência sabe; por que a chama é azul curiosidades e fatos; por que a chama é azul exemplos do dia a dia; por que a chama é azul mitos e verdades,por-que-a-chama-e-azul,planejado,,pendente,,,,
CAL0840,07/08/2027,2027-08-07,Sab,2,ART2625,KW1625,por que temos pesadelos,Por que temos pesadelos?,Psicologia e comportamento,psicologia-e-comportamento,,,KW8937; KW8938; KW8939; KW8940; KW8941; KW8942; KW8943; KW8944,por que temos pesadelos explicado de forma simples; por que temos pesadelos entenda como funciona; por que temos pesadelos causas e explicação; por que temos pesadelos perguntas e respostas; por que temos pesadelos o que a ciência sabe; por que temos pesadelos curiosidades e fatos; por que temos pesadelos exemplos do dia a dia; por que temos pesadelos mitos e verdades,por-que-temos-pesadelos,planejado,,pendente,,,,
CAL0841,07/08/2027,2027-08-07,Sab,3,ART2774,KW1774,como funciona o hidrogênio verde,Como funciona o hidrogênio verde?,"Tecnologia, IA e ciência",tecnologia-ia-e-ciencia,,,KW8945; KW8946; KW8947; KW8948; KW8949; KW8950; KW8951; KW8952,como funciona o hidrogênio verde explicado de forma simples; como funciona o hidrogênio verde entenda como funciona; como funciona o hidrogênio verde causas e explicação; como funciona o hidrogênio verde perguntas e respostas; como funciona o hidrogênio verde o que a ciência sabe; como funciona o hidrogênio verde curiosidades e fatos; como funciona o hidrogênio verde exemplos do dia a dia; como funciona o hidrogênio verde mitos e verdades,como-funciona-o-hidrogenio-verde,planejado,,pendente,,,,
CAL0842,08/08/2027,2027-08-08,Dom,1,ART2753,KW1753,como funciona um binóculo astronômico,Como funciona um binóculo astronômico?,Universo e espaço,universo-e-espaco,,,KW8953; KW8954; KW8955; KW8956; KW8957; KW8958; KW8959; KW8960,como funciona um binóculo astronômico explicado de forma simples; como funciona um binóculo astronômico entenda como funciona; como funciona um binóculo astronômico causas e explicação; como funciona um binóculo astronômico perguntas e respostas; como funciona um binóculo astronômico o que a ciência sabe; como funciona um binóculo astronômico curiosidades e fatos; como funciona um binóculo astronômico exemplos do dia a dia; como funciona um binóculo astronômico mitos e verdades,como-funciona-um-binoculo-astronomico,planejado,,pendente,,,,
CAL0843,08/08/2027,2027-08-08,Dom,2,ART2644,KW1644,por que o açúcar vicia,Por que o açúcar vicia?,Corpo humano,corpo-humano,,,KW8961; KW8962; KW8963; KW8964; KW8965; KW8966; KW8967; KW8968,por que o açúcar vicia explicado de forma simples; por que o açúcar vicia entenda como funciona; por que o açúcar vicia causas e explicação; por que o açúcar vicia perguntas e respostas; por que o açúcar vicia o que a ciência sabe; por que o açúcar vicia curiosidades e fatos; por que o açúcar vicia exemplos do dia a dia; por que o açúcar vicia mitos e verdades,por-que-o-acucar-vicia,planejado,,pendente,,,,
CAL0844,08/08/2027,2027-08-08,Dom,3,ART2766,KW1766,por que as moscas esfregam as patas,Por que as moscas esfregam as patas?,Animais,animais,,,KW8969; KW8970; KW8971; KW8972; KW8973; KW8974; KW8975; KW8976,por que as moscas esfregam as patas explicado de forma simples; por que as moscas esfregam as patas entenda como funciona; por que as moscas esfregam as patas causas e explicação; por que as moscas esfregam as patas perguntas e respostas; por que as moscas esfregam as patas o que a ciência sabe; por que as moscas esfregam as patas curiosidades e fatos; por que as moscas esfregam as patas exemplos do dia a dia; por que as moscas esfregam as patas mitos e verdades,por-que-as-moscas-esfregam-as-patas,planejado,,pendente,,,,
CAL0845,09/08/2027,2027-08-09,Seg,1,ART2785,KW1785,por que algumas coisas brilham no escuro,Por que algumas coisas brilham no escuro?,Ciência e fenômenos,ciencia-e-fenomenos,,,KW8977; KW8978; KW8979; KW8980; KW8981; KW8982; KW8983; KW8984,por que algumas coisas brilham no escuro explicado de forma simples; por que algumas coisas brilham no escuro entenda como funciona; por que algumas coisas brilham no escuro causas e explicação; por que algumas coisas brilham no escuro perguntas e respostas; por que algumas coisas brilham no escuro o que a ciência sabe; por que algumas coisas brilham no escuro curiosidades e fatos; por que algumas coisas brilham no escuro exemplos do dia a dia; por que algumas coisas brilham no escuro mitos e verdades,por-que-algumas-coisas-brilham-no-escuro,planejado,,pendente,,,,
CAL0846,09/08/2027,2027-08-09,Seg,2,ART2631,KW1631,por que sonhamos que estamos caindo,Por que sonhamos que estamos caindo?,Psicologia e comportamento,psicologia-e-comportamento,,,KW8985; KW8986; KW8987; KW8988; KW8989; KW8990; KW8991; KW8992,por que sonhamos que estamos caindo explicado de forma simples; por que sonhamos que estamos caindo entenda como funciona; por que sonhamos que estamos caindo causas e explicação; por que sonhamos que estamos caindo perguntas e respostas; por que sonhamos que estamos caindo o que a ciência sabe; por que sonhamos que estamos caindo curiosidades e fatos; por que sonhamos que estamos caindo exemplos do dia a dia; por que sonhamos que estamos caindo mitos e verdades,por-que-sonhamos-que-estamos-caindo,planejado,,pendente,,,,
CAL0847,09/08/2027,2027-08-09,Seg,3,ART2780,KW1780,como funciona uma impressora a laser,Como funciona uma impressora a laser?,"Tecnologia, IA e ciência",tecnologia-ia-e-ciencia,,,KW8993; KW8994; KW8995; KW8996; KW8997; KW8998; KW8999; KW9000,como funciona uma impressora a laser explicado de forma simples; como funciona uma impressora a laser entenda como funciona; como funciona uma impressora a laser causas e explicação; como funciona uma impressora a laser perguntas e respostas; como funciona uma impressora a laser o que a ciência sabe; como funciona uma impressora a laser curiosidades e fatos; como funciona uma impressora a laser exemplos do dia a dia; como funciona uma impressora a laser mitos e verdades,como-funciona-uma-impressora-a-laser,planejado,,pendente,,,,
CAL0848,10/08/2027,2027-08-10,Ter,1,ART2759,KW1759,por que vemos as mesmas constelações todo ano,Por que vemos as mesmas constelações todo ano?,Universo e espaço,universo-e-espaco,,,KW9001; KW9002; KW9003; KW9004; KW9005; KW9006; KW9007; KW9008,por que vemos as mesmas constelações todo ano explicado de forma simples; por que vemos as mesmas constelações todo ano entenda como funciona; por que vemos as mesmas constelações todo ano causas e explicação; por que vemos as mesmas constelações todo ano perguntas e respostas; por que vemos as mesmas constelações todo ano o que a ciência sabe; por que vemos as mesmas constelações todo ano curiosidades e fatos; por que vemos as mesmas constelações todo ano exemplos do dia a dia; por que vemos as mesmas constelações todo ano mitos e verdades,por-que-vemos-as-mesmas-constelacoes-todo-ano,planejado,,pendente,,,,
CAL0849,10/08/2027,2027-08-10,Ter,2,ART2650,KW1650,por que temos vontade de comer doce,Por que temos vontade de comer doce?,Corpo humano,corpo-humano,,,KW9009; KW9010; KW9011; KW9012; KW9013; KW9014; KW9015; KW9016,por que temos vontade de comer doce explicado de forma simples; por que temos vontade de comer doce entenda como funciona; por que temos vontade de comer doce causas e explicação; por que temos vontade de comer doce perguntas e respostas; por que temos vontade de comer doce o que a ciência sabe; por que temos vontade de comer doce curiosidades e fatos; por que temos vontade de comer doce exemplos do dia a dia; por que temos vontade de comer doce mitos e verdades,por-que-temos-vontade-de-comer-doce,planejado,,pendente,,,,
CAL0850,10/08/2027,2027-08-10,Ter,3,ART2772,KW1772,por que as baratas resistem a tudo,Por que as baratas resistem a tudo?,Animais,animais,,,KW9017; KW9018; KW9019; KW9020; KW9021; KW9022; KW9023; KW9024,por que as baratas resistem a tudo explicado de forma simples; por que as baratas resistem a tudo entenda como funciona; por que as baratas resistem a tudo causas e explicação; por que as baratas resistem a tudo perguntas e respostas; por que as baratas resistem a tudo o que a ciência sabe; por que as baratas resistem a tudo curiosidades e fatos; por que as baratas resistem a tudo exemplos do dia a dia; por que as baratas resistem a tudo mitos e verdades,por-que-as-baratas-resistem-a-tudo,planejado,,pendente,,,,
CAL0851,11/08/2027,2027-08-11,Qua,1,ART2791,KW1791,como funcionam as luzes de neon,Como funcionam as luzes de neon?,Ciência e fenômenos,ciencia-e-fenomenos,,,KW9025; KW9026; KW9027; KW9028; KW9029; KW9030; KW9031; KW9032,como funcionam as luzes de neon explicado de forma simples; como funcionam as luzes de neon entenda como funciona; como funcionam as luzes de neon causas e explicação; como funcionam as luzes de neon perguntas e respostas; como funcionam as luzes de neon o que a ciência sabe; como funcionam as luzes de neon curiosidades e fatos; como funcionam as luzes de neon exemplos do dia a dia; como funcionam as luzes de neon mitos e verdades,como-funcionam-as-luzes-de-neon,planejado,,pendente,,,,
CAL0852,11/08/2027,2027-08-11,Qua,2,ART2637,KW1637,por que sonhamos com pessoas conhecidas,Por que sonhamos com pessoas conhecidas?,Psicologia e comportamento,psicologia-e-comportamento,,,KW9033; KW9034; KW9035; KW9036; KW9037; KW9038; KW9039; KW9040,por que sonhamos com pessoas conhecidas explicado de forma simples; por que sonhamos com pessoas conhecidas entenda como funciona; por que sonhamos com pessoas conhecidas causas e explicação; por que sonhamos com pessoas conhecidas perguntas e respostas; por que sonhamos com pessoas conhecidas o que a ciência sabe; por que sonhamos com pessoas conhecidas curiosidades e fatos; por que sonhamos com pessoas conhecidas exemplos do dia a dia; por que sonhamos com pessoas conhecidas mitos e verdades,por-que-sonhamos-com-pessoas-conhecidas,planejado,,pendente,,,,
CAL0853,11/08/2027,2027-08-11,Qua,3,ART2786,KW1786,como funciona a robótica,Como funciona a robótica?,"Tecnologia, IA e ciência",tecnologia-ia-e-ciencia,,,KW9041; KW9042; KW9043; KW9044; KW9045; KW9046; KW9047; KW9048,como funciona a robótica explicado de forma simples; como funciona a robótica entenda como funciona; como funciona a robótica causas e explicação; como funciona a robótica perguntas e respostas; como funciona a robótica o que a ciência sabe; como funciona a robótica curiosidades e fatos; como funciona a robótica exemplos do dia a dia; como funciona a robótica mitos e verdades,como-funciona-a-robotica,planejado,,pendente,,,,
CAL0854,12/08/2027,2027-08-12,Qui,1,ART2765,KW1765,por que as constelações mudam com as estações,Por que as constelações mudam com as estações?,Universo e espaço,universo-e-espaco,,,KW9049; KW9050; KW9051; KW9052; KW9053; KW9054; KW9055; KW9056,por que as constelações mudam com as estações explicado de forma simples; por que as constelações mudam com as estações entenda como funciona; por que as constelações mudam com as estações causas e explicação; por que as constelações mudam com as estações perguntas e respostas; por que as constelações mudam com as estações o que a ciência sabe; por que as constelações mudam com as estações curiosidades e fatos; por que as constelações mudam com as estações exemplos do dia a dia; por que as constelações mudam com as estações mitos e verdades,por-que-as-constelacoes-mudam-com-as-estacoes,planejado,,pendente,,,,
CAL0855,12/08/2027,2027-08-12,Qui,2,ART2656,KW1656,por que sentimos fome à noite,Por que sentimos fome à noite?,Corpo humano,corpo-humano,,,KW9057; KW9058; KW9059; KW9060; KW9061; KW9062; KW9063; KW9064,por que sentimos fome à noite explicado de forma simples; por que sentimos fome à noite entenda como funciona; por que sentimos fome à noite causas e explicação; por que sentimos fome à noite perguntas e respostas; por que sentimos fome à noite o que a ciência sabe; por que sentimos fome à noite curiosidades e fatos; por que sentimos fome à noite exemplos do dia a dia; por que sentimos fome à noite mitos e verdades,por-que-sentimos-fome-a-noite,planejado,,pendente,,,,
CAL0856,12/08/2027,2027-08-12,Qui,3,ART2778,KW1778,por que as joaninhas têm bolinhas,Por que as joaninhas têm bolinhas?,Animais,animais,,,KW9065; KW9066; KW9067; KW9068; KW9069; KW9070; KW9071; KW9072,por que as joaninhas têm bolinhas explicado de forma simples; por que as joaninhas têm bolinhas entenda como funciona; por que as joaninhas têm bolinhas causas e explicação; por que as joaninhas têm bolinhas perguntas e respostas; por que as joaninhas têm bolinhas o que a ciência sabe; por que as joaninhas têm bolinhas curiosidades e fatos; por que as joaninhas têm bolinhas exemplos do dia a dia; por que as joaninhas têm bolinhas mitos e verdades,por-que-as-joaninhas-tem-bolinhas,planejado,,pendente,,,,
CAL0857,13/08/2027,2027-08-13,Sex,1,ART2797,KW1797,como funciona uma lâmpada,Como funciona uma lâmpada?,Ciência e fenômenos,ciencia-e-fenomenos,,,KW9073; KW9074; KW9075; KW9076; KW9077; KW9078; KW9079; KW9080,como funciona uma lâmpada explicado de forma simples; como funciona uma lâmpada entenda como funciona; como funciona uma lâmpada causas e explicação; como funciona uma lâmpada perguntas e respostas; como funciona uma lâmpada o que a ciência sabe; como funciona uma lâmpada curiosidades e fatos; como funciona uma lâmpada exemplos do dia a dia; como funciona uma lâmpada mitos e verdades,como-funciona-uma-lampada,planejado,,pendente,,,,
CAL0858,13/08/2027,2027-08-13,Sex,2,ART2643,KW1643,por que lembramos de alguns sonhos e esquecemos outros,Por que lembramos de alguns sonhos e esquecemos outros?,Psicologia e comportamento,psicologia-e-comportamento,,,KW9081; KW9082; KW9083; KW9084; KW9085; KW9086; KW9087; KW9088,por que lembramos de alguns sonhos e esquecemos outros explicado de forma simples; por que lembramos de alguns sonhos e esquecemos outros entenda como funciona; por que lembramos de alguns sonhos e esquecemos outros causas e explicação; por que lembramos de alguns sonhos e esquecemos outros perguntas e respostas; por que lembramos de alguns sonhos e esquecemos outros o que a ciência sabe; por que lembramos de alguns sonhos e esquecemos outros curiosidades e fatos; por que lembramos de alguns sonhos e esquecemos outros exemplos do dia a dia; por que lembramos de alguns sonhos e esquecemos outros mitos e verdades,por-que-lembramos-de-alguns-sonhos-e-esquecemos-outros,planejado,,pendente,,,,
CAL0859,13/08/2027,2027-08-13,Sex,3,ART2792,KW1792,como funciona a biometria,Como funciona a biometria?,"Tecnologia, IA e ciência",tecnologia-ia-e-ciencia,,,KW9089; KW9090; KW9091; KW9092; KW9093; KW9094; KW9095; KW9096,como funciona a biometria explicado de forma simples; como funciona a biometria entenda como funciona; como funciona a biometria causas e explicação; como funciona a biometria perguntas e respostas; como funciona a biometria o que a ciência sabe; como funciona a biometria curiosidades e fatos; como funciona a biometria exemplos do dia a dia; como funciona a biometria mitos e verdades,como-funciona-a-biometria,planejado,,pendente,,,,
CAL0860,14/08/2027,2027-08-14,Sab,1,ART2771,KW1771,o que é o solstício,O que é o solstício?,Universo e espaço,universo-e-espaco,,,KW9097; KW9098; KW9099; KW9100; KW9101; KW9102; KW9103; KW9104,o que é o solstício explicado de forma simples; o que é o solstício entenda como funciona; o que é o solstício causas e explicação; o que é o solstício perguntas e respostas; o que é o solstício o que a ciência sabe; o que é o solstício curiosidades e fatos; o que é o solstício exemplos do dia a dia; o que é o solstício mitos e verdades,o-que-e-o-solsticio,planejado,,pendente,,,,
CAL0861,14/08/2027,2027-08-14,Sab,2,ART2662,KW1662,por que engordamos,Por que engordamos?,Corpo humano,corpo-humano,,,KW9105; KW9106; KW9107; KW9108; KW9109; KW9110; KW9111; KW9112,por que engordamos explicado de forma simples; por que engordamos entenda como funciona; por que engordamos causas e explicação; por que engordamos perguntas e respostas; por que engordamos o que a ciência sabe; por que engordamos curiosidades e fatos; por que engordamos exemplos do dia a dia; por que engordamos mitos e verdades,por-que-engordamos,planejado,,pendente,,,,
CAL0862,14/08/2027,2027-08-14,Sab,3,ART2784,KW1784,como as aranhas não ficam presas na própria teia,Como as aranhas não ficam presas na própria teia?,Animais,animais,,,KW9113; KW9114; KW9115; KW9116; KW9117; KW9118; KW9119; KW9120,como as aranhas não ficam presas na própria teia explicado de forma simples; como as aranhas não ficam presas na própria teia entenda como funciona; como as aranhas não ficam presas na própria teia causas e explicação; como as aranhas não ficam presas na própria teia perguntas e respostas; como as aranhas não ficam presas na própria teia o que a ciência sabe; como as aranhas não ficam presas na própria teia curiosidades e fatos; como as aranhas não ficam presas na própria teia exemplos do dia a dia; como as aranhas não ficam presas na própria teia mitos e verdades,como-as-aranhas-nao-ficam-presas-na-propria-teia,planejado,,pendente,,,,
CAL0863,15/08/2027,2027-08-15,Dom,1,ART2803,KW1803,como funciona um LED,Como funciona um LED?,Ciência e fenômenos,ciencia-e-fenomenos,,,KW9121; KW9122; KW9123; KW9124; KW9125; KW9126; KW9127; KW9128,como funciona um LED explicado de forma simples; como funciona um LED entenda como funciona; como funciona um LED causas e explicação; como funciona um LED perguntas e respostas; como funciona um LED o que a ciência sabe; como funciona um LED curiosidades e fatos; como funciona um LED exemplos do dia a dia; como funciona um LED mitos e verdades,como-funciona-um-led,planejado,,pendente,,,,
CAL0864,15/08/2027,2027-08-15,Dom,2,ART2649,KW1649,o que é sonho lúcido,O que é sonho lúcido?,Psicologia e comportamento,psicologia-e-comportamento,,,KW9129; KW9130; KW9131; KW9132; KW9133; KW9134; KW9135; KW9136,o que é sonho lúcido explicado de forma simples; o que é sonho lúcido entenda como funciona; o que é sonho lúcido causas e explicação; o que é sonho lúcido perguntas e respostas; o que é sonho lúcido o que a ciência sabe; o que é sonho lúcido curiosidades e fatos; o que é sonho lúcido exemplos do dia a dia; o que é sonho lúcido mitos e verdades,o-que-e-sonho-lucido,planejado,,pendente,,,,
CAL0865,15/08/2027,2027-08-15,Dom,3,ART2798,KW1798,como funciona um chip,Como funciona um chip?,"Tecnologia, IA e ciência",tecnologia-ia-e-ciencia,,,KW9137; KW9138; KW9139; KW9140; KW9141; KW9142; KW9143; KW9144,como funciona um chip explicado de forma simples; como funciona um chip entenda como funciona; como funciona um chip causas e explicação; como funciona um chip perguntas e respostas; como funciona um chip o que a ciência sabe; como funciona um chip curiosidades e fatos; como funciona um chip exemplos do dia a dia; como funciona um chip mitos e verdades,como-funciona-um-chip,planejado,,pendente,,,,
CAL0866,16/08/2027,2027-08-16,Seg,1,ART2777,KW1777,o que é o equinócio,O que é o equinócio?,Universo e espaço,universo-e-espaco,,,KW9145; KW9146; KW9147; KW9148; KW9149; KW9150; KW9151; KW9152,o que é o equinócio explicado de forma simples; o que é o equinócio entenda como funciona; o que é o equinócio causas e explicação; o que é o equinócio perguntas e respostas; o que é o equinócio o que a ciência sabe; o que é o equinócio curiosidades e fatos; o que é o equinócio exemplos do dia a dia; o que é o equinócio mitos e verdades,o-que-e-o-equinocio,planejado,,pendente,,,,
CAL0867,16/08/2027,2027-08-16,Seg,2,ART2668,KW1668,por que emagrecemos,Por que emagrecemos?,Corpo humano,corpo-humano,,,KW9153; KW9154; KW9155; KW9156; KW9157; KW9158; KW9159; KW9160,por que emagrecemos explicado de forma simples; por que emagrecemos entenda como funciona; por que emagrecemos causas e explicação; por que emagrecemos perguntas e respostas; por que emagrecemos o que a ciência sabe; por que emagrecemos curiosidades e fatos; por que emagrecemos exemplos do dia a dia; por que emagrecemos mitos e verdades,por-que-emagrecemos,planejado,,pendente,,,,
CAL0868,16/08/2027,2027-08-16,Seg,3,ART2790,KW1790,por que os escorpiões brilham sob luz ultravioleta,Por que os escorpiões brilham sob luz ultravioleta?,Animais,animais,,,KW9161; KW9162; KW9163; KW9164; KW9165; KW9166; KW9167; KW9168,por que os escorpiões brilham sob luz ultravioleta explicado de forma simples; por que os escorpiões brilham sob luz ultravioleta entenda como funciona; por que os escorpiões brilham sob luz ultravioleta causas e explicação; por que os escorpiões brilham sob luz ultravioleta perguntas e respostas; por que os escorpiões brilham sob luz ultravioleta o que a ciência sabe; por que os escorpiões brilham sob luz ultravioleta curiosidades e fatos; por que os escorpiões brilham sob luz ultravioleta exemplos do dia a dia; por que os escorpiões brilham sob luz ultravioleta mitos e verdades,por-que-os-escorpioes-brilham-sob-luz-ultravioleta,planejado,,pendente,,,,
CAL0869,17/08/2027,2027-08-17,Ter,1,ART2809,KW1809,como funciona um laser,Como funciona um laser?,Ciência e fenômenos,ciencia-e-fenomenos,,,KW9169; KW9170; KW9171; KW9172; KW9173; KW9174; KW9175; KW9176,como funciona um laser explicado de forma simples; como funciona um laser entenda como funciona; como funciona um laser causas e explicação; como funciona um laser perguntas e respostas; como funciona um laser o que a ciência sabe; como funciona um laser curiosidades e fatos; como funciona um laser exemplos do dia a dia; como funciona um laser mitos e verdades,como-funciona-um-laser,planejado,,pendente,,,,
CAL0870,17/08/2027,2027-08-17,Ter,2,ART2655,KW1655,o que é paralisia do sono,O que é paralisia do sono?,Psicologia e comportamento,psicologia-e-comportamento,,,KW9177; KW9178; KW9179; KW9180; KW9181; KW9182; KW9183; KW9184,o que é paralisia do sono explicado de forma simples; o que é paralisia do sono entenda como funciona; o que é paralisia do sono causas e explicação; o que é paralisia do sono perguntas e respostas; o que é paralisia do sono o que a ciência sabe; o que é paralisia do sono curiosidades e fatos; o que é paralisia do sono exemplos do dia a dia; o que é paralisia do sono mitos e verdades,o-que-e-paralisia-do-sono,planejado,,pendente,,,,
CAL0871,17/08/2027,2027-08-17,Ter,3,ART2804,KW1804,como funciona um transistor,Como funciona um transistor?,"Tecnologia, IA e ciência",tecnologia-ia-e-ciencia,,,KW9185; KW9186; KW9187; KW9188; KW9189; KW9190; KW9191; KW9192,como funciona um transistor explicado de forma simples; como funciona um transistor entenda como funciona; como funciona um transistor causas e explicação; como funciona um transistor perguntas e respostas; como funciona um transistor o que a ciência sabe; como funciona um transistor curiosidades e fatos; como funciona um transistor exemplos do dia a dia; como funciona um transistor mitos e verdades,como-funciona-um-transistor,planejado,,pendente,,,,
CAL0872,18/08/2027,2027-08-18,Qua,1,ART2783,KW1783,o que é o eclipse solar,O que é o eclipse solar?,Universo e espaço,universo-e-espaco,,,KW9193; KW9194; KW9195; KW9196; KW9197; KW9198; KW9199; KW9200,o que é o eclipse solar explicado de forma simples; o que é o eclipse solar entenda como funciona; o que é o eclipse solar causas e explicação; o que é o eclipse solar perguntas e respostas; o que é o eclipse solar o que a ciência sabe; o que é o eclipse solar curiosidades e fatos; o que é o eclipse solar exemplos do dia a dia; o que é o eclipse solar mitos e verdades,o-que-e-o-eclipse-solar,planejado,,pendente,,,,
CAL0873,18/08/2027,2027-08-18,Qua,2,ART2674,KW1674,o que é metabolismo,O que é metabolismo?,Corpo humano,corpo-humano,,,KW9201; KW9202; KW9203; KW9204; KW9205; KW9206; KW9207; KW9208,o que é metabolismo explicado de forma simples; o que é metabolismo entenda como funciona; o que é metabolismo causas e explicação; o que é metabolismo perguntas e respostas; o que é metabolismo o que a ciência sabe; o que é metabolismo curiosidades e fatos; o que é metabolismo exemplos do dia a dia; o que é metabolismo mitos e verdades,o-que-e-metabolismo,planejado,,pendente,,,,
CAL0874,18/08/2027,2027-08-18,Qua,3,ART2796,KW1796,por que os besouros têm casco,Por que os besouros têm casco?,Animais,animais,,,KW9209; KW9210; KW9211; KW9212; KW9213; KW9214; KW9215; KW9216,por que os besouros têm casco explicado de forma simples; por que os besouros têm casco entenda como funciona; por que os besouros têm casco causas e explicação; por que os besouros têm casco perguntas e respostas; por que os besouros têm casco o que a ciência sabe; por que os besouros têm casco curiosidades e fatos; por que os besouros têm casco exemplos do dia a dia; por que os besouros têm casco mitos e verdades,por-que-os-besouros-tem-casco,planejado,,pendente,,,,
CAL0875,19/08/2027,2027-08-19,Qui,1,ART2815,KW1815,como funciona um holograma,Como funciona um holograma?,Ciência e fenômenos,ciencia-e-fenomenos,,,KW9217; KW9218; KW9219; KW9220; KW9221; KW9222; KW9223; KW9224,como funciona um holograma explicado de forma simples; como funciona um holograma entenda como funciona; como funciona um holograma causas e explicação; como funciona um holograma perguntas e respostas; como funciona um holograma o que a ciência sabe; como funciona um holograma curiosidades e fatos; como funciona um holograma exemplos do dia a dia; como funciona um holograma mitos e verdades,como-funciona-um-holograma,planejado,,pendente,,,,
CAL0876,19/08/2027,2027-08-19,Qui,2,ART2667,KW1667,por que é tão difícil mudar hábitos,Por que é tão difícil mudar hábitos?,Psicologia e comportamento,psicologia-e-comportamento,,,KW9225; KW9226; KW9227; KW9228; KW9229; KW9230; KW9231; KW9232,por que é tão difícil mudar hábitos explicado de forma simples; por que é tão difícil mudar hábitos entenda como funciona; por que é tão difícil mudar hábitos causas e explicação; por que é tão difícil mudar hábitos perguntas e respostas; por que é tão difícil mudar hábitos o que a ciência sabe; por que é tão difícil mudar hábitos curiosidades e fatos; por que é tão difícil mudar hábitos exemplos do dia a dia; por que é tão difícil mudar hábitos mitos e verdades,por-que-e-tao-dificil-mudar-habitos,planejado,,pendente,,,,
CAL0877,19/08/2027,2027-08-19,Qui,3,ART2810,KW1810,como funciona uma criptomoeda,Como funciona uma criptomoeda?,"Tecnologia, IA e ciência",tecnologia-ia-e-ciencia,,,KW9233; KW9234; KW9235; KW9236; KW9237; KW9238; KW9239; KW9240,como funciona uma criptomoeda explicado de forma simples; como funciona uma criptomoeda entenda como funciona; como funciona uma criptomoeda causas e explicação; como funciona uma criptomoeda perguntas e respostas; como funciona uma criptomoeda o que a ciência sabe; como funciona uma criptomoeda curiosidades e fatos; como funciona uma criptomoeda exemplos do dia a dia; como funciona uma criptomoeda mitos e verdades,como-funciona-uma-criptomoeda,planejado,,pendente,,,,
CAL0878,20/08/2027,2027-08-20,Sex,1,ART2789,KW1789,o que é o eclipse lunar,O que é o eclipse lunar?,Universo e espaço,universo-e-espaco,,,KW9241; KW9242; KW9243; KW9244; KW9245; KW9246; KW9247; KW9248,o que é o eclipse lunar explicado de forma simples; o que é o eclipse lunar entenda como funciona; o que é o eclipse lunar causas e explicação; o que é o eclipse lunar perguntas e respostas; o que é o eclipse lunar o que a ciência sabe; o que é o eclipse lunar curiosidades e fatos; o que é o eclipse lunar exemplos do dia a dia; o que é o eclipse lunar mitos e verdades,o-que-e-o-eclipse-lunar,planejado,,pendente,,,,
CAL0879,20/08/2027,2027-08-20,Sex,2,ART2680,KW1680,o que são calorias,O que são calorias?,Corpo humano,corpo-humano,,,KW9249; KW9250; KW9251; KW9252; KW9253; KW9254; KW9255; KW9256,o que são calorias explicado de forma simples; o que são calorias entenda como funciona; o que são calorias causas e explicação; o que são calorias perguntas e respostas; o que são calorias o que a ciência sabe; o que são calorias curiosidades e fatos; o que são calorias exemplos do dia a dia; o que são calorias mitos e verdades,o-que-sao-calorias,planejado,,pendente,,,,
CAL0880,20/08/2027,2027-08-20,Sex,3,ART2802,KW1802,por que os louva-a-deus comem o parceiro,Por que os louva-a-deus comem o parceiro?,Animais,animais,,,KW9257; KW9258; KW9259; KW9260; KW9261; KW9262; KW9263; KW9264,por que os louva-a-deus comem o parceiro explicado de forma simples; por que os louva-a-deus comem o parceiro entenda como funciona; por que os louva-a-deus comem o parceiro causas e explicação; por que os louva-a-deus comem o parceiro perguntas e respostas; por que os louva-a-deus comem o parceiro o que a ciência sabe; por que os louva-a-deus comem o parceiro curiosidades e fatos; por que os louva-a-deus comem o parceiro exemplos do dia a dia; por que os louva-a-deus comem o parceiro mitos e verdades,por-que-os-louva-a-deus-comem-o-parceiro,planejado,,pendente,,,,
CAL0881,21/08/2027,2027-08-21,Sab,1,ART2821,KW1821,como funciona um espelho,Como funciona um espelho?,Ciência e fenômenos,ciencia-e-fenomenos,,,KW9265; KW9266; KW9267; KW9268; KW9269; KW9270; KW9271; KW9272,como funciona um espelho explicado de forma simples; como funciona um espelho entenda como funciona; como funciona um espelho causas e explicação; como funciona um espelho perguntas e respostas; como funciona um espelho o que a ciência sabe; como funciona um espelho curiosidades e fatos; como funciona um espelho exemplos do dia a dia; como funciona um espelho mitos e verdades,como-funciona-um-espelho,planejado,,pendente,,,,
CAL0882,21/08/2027,2027-08-21,Sab,2,ART2673,KW1673,por que desistimos das metas,Por que desistimos das metas?,Psicologia e comportamento,psicologia-e-comportamento,,,KW9273; KW9274; KW9275; KW9276; KW9277; KW9278; KW9279; KW9280,por que desistimos das metas explicado de forma simples; por que desistimos das metas entenda como funciona; por que desistimos das metas causas e explicação; por que desistimos das metas perguntas e respostas; por que desistimos das metas o que a ciência sabe; por que desistimos das metas curiosidades e fatos; por que desistimos das metas exemplos do dia a dia; por que desistimos das metas mitos e verdades,por-que-desistimos-das-metas,planejado,,pendente,,,,
CAL0883,21/08/2027,2027-08-21,Sab,3,ART2816,KW1816,como funciona o Bitcoin,Como funciona o Bitcoin?,"Tecnologia, IA e ciência",tecnologia-ia-e-ciencia,,,KW9281; KW9282; KW9283; KW9284; KW9285; KW9286; KW9287; KW9288,como funciona o Bitcoin explicado de forma simples; como funciona o Bitcoin entenda como funciona; como funciona o Bitcoin causas e explicação; como funciona o Bitcoin perguntas e respostas; como funciona o Bitcoin o que a ciência sabe; como funciona o Bitcoin curiosidades e fatos; como funciona o Bitcoin exemplos do dia a dia; como funciona o Bitcoin mitos e verdades,como-funciona-o-bitcoin,planejado,,pendente,,,,
CAL0884,22/08/2027,2027-08-22,Dom,1,ART2795,KW1795,o que é o trânsito de Vênus,O que é o trânsito de Vênus?,Universo e espaço,universo-e-espaco,,,KW9289; KW9290; KW9291; KW9292; KW9293; KW9294; KW9295; KW9296,o que é o trânsito de Vênus explicado de forma simples; o que é o trânsito de Vênus entenda como funciona; o que é o trânsito de Vênus causas e explicação; o que é o trânsito de Vênus perguntas e respostas; o que é o trânsito de Vênus o que a ciência sabe; o que é o trânsito de Vênus curiosidades e fatos; o que é o trânsito de Vênus exemplos do dia a dia; o que é o trânsito de Vênus mitos e verdades,o-que-e-o-transito-de-venus,planejado,,pendente,,,,
CAL0885,22/08/2027,2027-08-22,Dom,2,ART2686,KW1686,o que é colesterol,O que é colesterol?,Corpo humano,corpo-humano,,,KW9297; KW9298; KW9299; KW9300; KW9301; KW9302; KW9303; KW9304,o que é colesterol explicado de forma simples; o que é colesterol entenda como funciona; o que é colesterol causas e explicação; o que é colesterol perguntas e respostas; o que é colesterol o que a ciência sabe; o que é colesterol curiosidades e fatos; o que é colesterol exemplos do dia a dia; o que é colesterol mitos e verdades,o-que-e-colesterol,planejado,,pendente,,,,
CAL0886,22/08/2027,2027-08-22,Dom,3,ART2808,KW1808,como os animais sentem terremotos,Como os animais sentem terremotos?,Animais,animais,,,KW9305; KW9306; KW9307; KW9308; KW9309; KW9310; KW9311; KW9312,como os animais sentem terremotos explicado de forma simples; como os animais sentem terremotos entenda como funciona; como os animais sentem terremotos causas e explicação; como os animais sentem terremotos perguntas e respostas; como os animais sentem terremotos o que a ciência sabe; como os animais sentem terremotos curiosidades e fatos; como os animais sentem terremotos exemplos do dia a dia; como os animais sentem terremotos mitos e verdades,como-os-animais-sentem-terremotos,planejado,,pendente,,,,
CAL0887,23/08/2027,2027-08-23,Seg,1,ART2827,KW1827,por que o espelho inverte a imagem,Por que o espelho inverte a imagem?,Ciência e fenômenos,ciencia-e-fenomenos,,,KW9313; KW9314; KW9315; KW9316; KW9317; KW9318; KW9319; KW9320,por que o espelho inverte a imagem explicado de forma simples; por que o espelho inverte a imagem entenda como funciona; por que o espelho inverte a imagem causas e explicação; por que o espelho inverte a imagem perguntas e respostas; por que o espelho inverte a imagem o que a ciência sabe; por que o espelho inverte a imagem curiosidades e fatos; por que o espelho inverte a imagem exemplos do dia a dia; por que o espelho inverte a imagem mitos e verdades,por-que-o-espelho-inverte-a-imagem,planejado,,pendente,,,,
CAL0888,23/08/2027,2027-08-23,Seg,2,ART2685,KW1685,o que é disciplina,O que é disciplina?,Psicologia e comportamento,psicologia-e-comportamento,,,KW9321; KW9322; KW9323; KW9324; KW9325; KW9326; KW9327; KW9328,o que é disciplina explicado de forma simples; o que é disciplina entenda como funciona; o que é disciplina causas e explicação; o que é disciplina perguntas e respostas; o que é disciplina o que a ciência sabe; o que é disciplina curiosidades e fatos; o que é disciplina exemplos do dia a dia; o que é disciplina mitos e verdades,o-que-e-disciplina,planejado,,pendente,,,,
CAL0889,23/08/2027,2027-08-23,Seg,3,ART2822,KW1822,como funciona um contrato inteligente,Como funciona um contrato inteligente?,"Tecnologia, IA e ciência",tecnologia-ia-e-ciencia,,,KW9329; KW9330; KW9331; KW9332; KW9333; KW9334; KW9335; KW9336,como funciona um contrato inteligente explicado de forma simples; como funciona um contrato inteligente entenda como funciona; como funciona um contrato inteligente causas e explicação; como funciona um contrato inteligente perguntas e respostas; como funciona um contrato inteligente o que a ciência sabe; como funciona um contrato inteligente curiosidades e fatos; como funciona um contrato inteligente exemplos do dia a dia; como funciona um contrato inteligente mitos e verdades,como-funciona-um-contrato-inteligente,planejado,,pendente,,,,
CAL0890,24/08/2027,2027-08-24,Ter,1,ART2801,KW1801,o que é o alinhamento dos planetas,O que é o alinhamento dos planetas?,Universo e espaço,universo-e-espaco,,,KW9337; KW9338; KW9339; KW9340; KW9341; KW9342; KW9343; KW9344,o que é o alinhamento dos planetas explicado de forma simples; o que é o alinhamento dos planetas entenda como funciona; o que é o alinhamento dos planetas causas e explicação; o que é o alinhamento dos planetas perguntas e respostas; o que é o alinhamento dos planetas o que a ciência sabe; o que é o alinhamento dos planetas curiosidades e fatos; o que é o alinhamento dos planetas exemplos do dia a dia; o que é o alinhamento dos planetas mitos e verdades,o-que-e-o-alinhamento-dos-planetas,planejado,,pendente,,,,
CAL0891,24/08/2027,2027-08-24,Ter,2,ART2692,KW1692,o que é glicose,O que é glicose?,Corpo humano,corpo-humano,,,KW9345; KW9346; KW9347; KW9348; KW9349; KW9350; KW9351; KW9352,o que é glicose explicado de forma simples; o que é glicose entenda como funciona; o que é glicose causas e explicação; o que é glicose perguntas e respostas; o que é glicose o que a ciência sabe; o que é glicose curiosidades e fatos; o que é glicose exemplos do dia a dia; o que é glicose mitos e verdades,o-que-e-glicose,planejado,,pendente,,,,
CAL0892,24/08/2027,2027-08-24,Ter,3,ART2814,KW1814,como os animais se comunicam,Como os animais se comunicam?,Animais,animais,,,KW9353; KW9354; KW9355; KW9356; KW9357; KW9358; KW9359; KW9360,como os animais se comunicam explicado de forma simples; como os animais se comunicam entenda como funciona; como os animais se comunicam causas e explicação; como os animais se comunicam perguntas e respostas; como os animais se comunicam o que a ciência sabe; como os animais se comunicam curiosidades e fatos; como os animais se comunicam exemplos do dia a dia; como os animais se comunicam mitos e verdades,como-os-animais-se-comunicam,planejado,,pendente,,,,
CAL0893,25/08/2027,2027-08-25,Qua,1,ART2833,KW1833,por que a lupa aumenta as coisas,Por que a lupa aumenta as coisas?,Ciência e fenômenos,ciencia-e-fenomenos,,,KW9361; KW9362; KW9363; KW9364; KW9365; KW9366; KW9367; KW9368,por que a lupa aumenta as coisas explicado de forma simples; por que a lupa aumenta as coisas entenda como funciona; por que a lupa aumenta as coisas causas e explicação; por que a lupa aumenta as coisas perguntas e respostas; por que a lupa aumenta as coisas o que a ciência sabe; por que a lupa aumenta as coisas curiosidades e fatos; por que a lupa aumenta as coisas exemplos do dia a dia; por que a lupa aumenta as coisas mitos e verdades,por-que-a-lupa-aumenta-as-coisas,planejado,,pendente,,,,
CAL0894,25/08/2027,2027-08-25,Qua,2,ART2691,KW1691,por que a força de vontade é limitada,Por que a força de vontade é limitada?,Psicologia e comportamento,psicologia-e-comportamento,,,KW9369; KW9370; KW9371; KW9372; KW9373; KW9374; KW9375; KW9376,por que a força de vontade é limitada explicado de forma simples; por que a força de vontade é limitada entenda como funciona; por que a força de vontade é limitada causas e explicação; por que a força de vontade é limitada perguntas e respostas; por que a força de vontade é limitada o que a ciência sabe; por que a força de vontade é limitada curiosidades e fatos; por que a força de vontade é limitada exemplos do dia a dia; por que a força de vontade é limitada mitos e verdades,por-que-a-forca-de-vontade-e-limitada,planejado,,pendente,,,,
CAL0895,25/08/2027,2027-08-25,Qua,3,ART2828,KW1828,como funciona um NFT,Como funciona um NFT?,"Tecnologia, IA e ciência",tecnologia-ia-e-ciencia,,,KW9377; KW9378; KW9379; KW9380; KW9381; KW9382; KW9383; KW9384,como funciona um NFT explicado de forma simples; como funciona um NFT entenda como funciona; como funciona um NFT causas e explicação; como funciona um NFT perguntas e respostas; como funciona um NFT o que a ciência sabe; como funciona um NFT curiosidades e fatos; como funciona um NFT exemplos do dia a dia; como funciona um NFT mitos e verdades,como-funciona-um-nft,planejado,,pendente,,,,
CAL0896,26/08/2027,2027-08-26,Qui,1,ART2807,KW1807,o que é a órbita de um planeta,O que é a órbita de um planeta?,Universo e espaço,universo-e-espaco,,,KW9385; KW9386; KW9387; KW9388; KW9389; KW9390; KW9391; KW9392,o que é a órbita de um planeta explicado de forma simples; o que é a órbita de um planeta entenda como funciona; o que é a órbita de um planeta causas e explicação; o que é a órbita de um planeta perguntas e respostas; o que é a órbita de um planeta o que a ciência sabe; o que é a órbita de um planeta curiosidades e fatos; o que é a órbita de um planeta exemplos do dia a dia; o que é a órbita de um planeta mitos e verdades,o-que-e-a-orbita-de-um-planeta,planejado,,pendente,,,,
CAL0897,26/08/2027,2027-08-26,Qui,2,ART2698,KW1698,o que é insulina,O que é insulina?,Corpo humano,corpo-humano,,,KW9393; KW9394; KW9395; KW9396; KW9397; KW9398; KW9399; KW9400,o que é insulina explicado de forma simples; o que é insulina entenda como funciona; o que é insulina causas e explicação; o que é insulina perguntas e respostas; o que é insulina o que a ciência sabe; o que é insulina curiosidades e fatos; o que é insulina exemplos do dia a dia; o que é insulina mitos e verdades,o-que-e-insulina,planejado,,pendente,,,,
CAL0898,26/08/2027,2027-08-26,Qui,3,ART2820,KW1820,por que alguns animais são venenosos,Por que alguns animais são venenosos?,Animais,animais,,,KW9401; KW9402; KW9403; KW9404; KW9405; KW9406; KW9407; KW9408,por que alguns animais são venenosos explicado de forma simples; por que alguns animais são venenosos entenda como funciona; por que alguns animais são venenosos causas e explicação; por que alguns animais são venenosos perguntas e respostas; por que alguns animais são venenosos o que a ciência sabe; por que alguns animais são venenosos curiosidades e fatos; por que alguns animais são venenosos exemplos do dia a dia; por que alguns animais são venenosos mitos e verdades,por-que-alguns-animais-sao-venenosos,planejado,,pendente,,,,
CAL0899,27/08/2027,2027-08-27,Sex,1,ART2839,KW1839,como funciona um microscópio,Como funciona um microscópio?,Ciência e fenômenos,ciencia-e-fenomenos,,,KW9409; KW9410; KW9411; KW9412; KW9413; KW9414; KW9415; KW9416,como funciona um microscópio explicado de forma simples; como funciona um microscópio entenda como funciona; como funciona um microscópio causas e explicação; como funciona um microscópio perguntas e respostas; como funciona um microscópio o que a ciência sabe; como funciona um microscópio curiosidades e fatos; como funciona um microscópio exemplos do dia a dia; como funciona um microscópio mitos e verdades,como-funciona-um-microscopio,planejado,,pendente,,,,
CAL0900,27/08/2027,2027-08-27,Sex,2,ART2697,KW1697,o que é estado de fluxo,O que é estado de fluxo?,Psicologia e comportamento,psicologia-e-comportamento,,,KW9417; KW9418; KW9419; KW9420; KW9421; KW9422; KW9423; KW9424,o que é estado de fluxo explicado de forma simples; o que é estado de fluxo entenda como funciona; o que é estado de fluxo causas e explicação; o que é estado de fluxo perguntas e respostas; o que é estado de fluxo o que a ciência sabe; o que é estado de fluxo curiosidades e fatos; o que é estado de fluxo exemplos do dia a dia; o que é estado de fluxo mitos e verdades,o-que-e-estado-de-fluxo,planejado,,pendente,,,,
CAL0901,27/08/2027,2027-08-27,Sex,3,ART2834,KW1834,como funciona a automação residencial,Como funciona a automação residencial?,"Tecnologia, IA e ciência",tecnologia-ia-e-ciencia,,,KW9425; KW9426; KW9427; KW9428; KW9429; KW9430; KW9431; KW9432,como funciona a automação residencial explicado de forma simples; como funciona a automação residencial entenda como funciona; como funciona a automação residencial causas e explicação; como funciona a automação residencial perguntas e respostas; como funciona a automação residencial o que a ciência sabe; como funciona a automação residencial curiosidades e fatos; como funciona a automação residencial exemplos do dia a dia; como funciona a automação residencial mitos e verdades,como-funciona-a-automacao-residencial,planejado,,pendente,,,,
CAL0902,28/08/2027,2027-08-28,Sab,1,ART2813,KW1813,por que os planetas são redondos,Por que os planetas são redondos?,Universo e espaço,universo-e-espaco,,,KW9433; KW9434; KW9435; KW9436; KW9437; KW9438; KW9439; KW9440,por que os planetas são redondos explicado de forma simples; por que os planetas são redondos entenda como funciona; por que os planetas são redondos causas e explicação; por que os planetas são redondos perguntas e respostas; por que os planetas são redondos o que a ciência sabe; por que os planetas são redondos curiosidades e fatos; por que os planetas são redondos exemplos do dia a dia; por que os planetas são redondos mitos e verdades,por-que-os-planetas-sao-redondos,planejado,,pendente,,,,
CAL0903,28/08/2027,2027-08-28,Sab,2,ART2704,KW1704,o que são vitaminas,O que são vitaminas?,Corpo humano,corpo-humano,,,KW9441; KW9442; KW9443; KW9444; KW9445; KW9446; KW9447; KW9448,o que são vitaminas explicado de forma simples; o que são vitaminas entenda como funciona; o que são vitaminas causas e explicação; o que são vitaminas perguntas e respostas; o que são vitaminas o que a ciência sabe; o que são vitaminas curiosidades e fatos; o que são vitaminas exemplos do dia a dia; o que são vitaminas mitos e verdades,o-que-sao-vitaminas,planejado,,pendente,,,,
CAL0904,28/08/2027,2027-08-28,Sab,3,ART2826,KW1826,como funciona o camuflagem dos animais,Como funciona o camuflagem dos animais?,Animais,animais,,,KW9449; KW9450; KW9451; KW9452; KW9453; KW9454; KW9455; KW9456,como funciona o camuflagem dos animais explicado de forma simples; como funciona o camuflagem dos animais entenda como funciona; como funciona o camuflagem dos animais causas e explicação; como funciona o camuflagem dos animais perguntas e respostas; como funciona o camuflagem dos animais o que a ciência sabe; como funciona o camuflagem dos animais curiosidades e fatos; como funciona o camuflagem dos animais exemplos do dia a dia; como funciona o camuflagem dos animais mitos e verdades,como-funciona-o-camuflagem-dos-animais,planejado,,pendente,,,,
CAL0905,29/08/2027,2027-08-29,Dom,1,ART2845,KW1845,por que o arco-íris é curvo,Por que o arco-íris é curvo?,Ciência e fenômenos,ciencia-e-fenomenos,,,KW9457; KW9458; KW9459; KW9460; KW9461; KW9462; KW9463; KW9464,por que o arco-íris é curvo explicado de forma simples; por que o arco-íris é curvo entenda como funciona; por que o arco-íris é curvo causas e explicação; por que o arco-íris é curvo perguntas e respostas; por que o arco-íris é curvo o que a ciência sabe; por que o arco-íris é curvo curiosidades e fatos; por que o arco-íris é curvo exemplos do dia a dia; por que o arco-íris é curvo mitos e verdades,por-que-o-arco-iris-e-curvo,planejado,,pendente,,,,
CAL0906,29/08/2027,2027-08-29,Dom,2,ART2703,KW1703,por que o tempo passa rápido quando nos divertimos,Por que o tempo passa rápido quando nos divertimos?,Psicologia e comportamento,psicologia-e-comportamento,,,KW9465; KW9466; KW9467; KW9468; KW9469; KW9470; KW9471; KW9472,por que o tempo passa rápido quando nos divertimos explicado de forma simples; por que o tempo passa rápido quando nos divertimos entenda como funciona; por que o tempo passa rápido quando nos divertimos causas e explicação; por que o tempo passa rápido quando nos divertimos perguntas e respostas; por que o tempo passa rápido quando nos divertimos o que a ciência sabe; por que o tempo passa rápido quando nos divertimos curiosidades e fatos; por que o tempo passa rápido quando nos divertimos exemplos do dia a dia; por que o tempo passa rápido quando nos divertimos mitos e verdades,por-que-o-tempo-passa-rapido-quando-nos-divertimos,planejado,,pendente,,,,
CAL0907,29/08/2027,2027-08-29,Dom,3,ART2840,KW1840,como funciona a tecnologia 5G,Como funciona a tecnologia 5G?,"Tecnologia, IA e ciência",tecnologia-ia-e-ciencia,,,KW9473; KW9474; KW9475; KW9476; KW9477; KW9478; KW9479; KW9480,como funciona a tecnologia 5G explicado de forma simples; como funciona a tecnologia 5G entenda como funciona; como funciona a tecnologia 5G causas e explicação; como funciona a tecnologia 5G perguntas e respostas; como funciona a tecnologia 5G o que a ciência sabe; como funciona a tecnologia 5G curiosidades e fatos; como funciona a tecnologia 5G exemplos do dia a dia; como funciona a tecnologia 5G mitos e verdades,como-funciona-a-tecnologia-5g,planejado,,pendente,,,,
CAL0908,30/08/2027,2027-08-30,Seg,1,ART2819,KW1819,por que o céu à noite é escuro,Por que o céu à noite é escuro?,Universo e espaço,universo-e-espaco,,,KW9481; KW9482; KW9483; KW9484; KW9485; KW9486; KW9487; KW9488,por que o céu à noite é escuro explicado de forma simples; por que o céu à noite é escuro entenda como funciona; por que o céu à noite é escuro causas e explicação; por que o céu à noite é escuro perguntas e respostas; por que o céu à noite é escuro o que a ciência sabe; por que o céu à noite é escuro curiosidades e fatos; por que o céu à noite é escuro exemplos do dia a dia; por que o céu à noite é escuro mitos e verdades,por-que-o-ceu-a-noite-e-escuro,planejado,,pendente,,,,
CAL0909,30/08/2027,2027-08-30,Seg,2,ART2710,KW1710,o que são proteínas,O que são proteínas?,Corpo humano,corpo-humano,,,KW9489; KW9490; KW9491; KW9492; KW9493; KW9494; KW9495; KW9496,o que são proteínas explicado de forma simples; o que são proteínas entenda como funciona; o que são proteínas causas e explicação; o que são proteínas perguntas e respostas; o que são proteínas o que a ciência sabe; o que são proteínas curiosidades e fatos; o que são proteínas exemplos do dia a dia; o que são proteínas mitos e verdades,o-que-sao-proteinas,planejado,,pendente,,,,
CAL0910,30/08/2027,2027-08-30,Seg,3,ART2832,KW1832,por que os animais têm cores diferentes,Por que os animais têm cores diferentes?,Animais,animais,,,KW9497; KW9498; KW9499; KW9500; KW9501; KW9502; KW9503; KW9504,por que os animais têm cores diferentes explicado de forma simples; por que os animais têm cores diferentes entenda como funciona; por que os animais têm cores diferentes causas e explicação; por que os animais têm cores diferentes perguntas e respostas; por que os animais têm cores diferentes o que a ciência sabe; por que os animais têm cores diferentes curiosidades e fatos; por que os animais têm cores diferentes exemplos do dia a dia; por que os animais têm cores diferentes mitos e verdades,por-que-os-animais-tem-cores-diferentes,planejado,,pendente,,,,
CAL0911,31/08/2027,2027-08-31,Ter,1,ART2851,KW1851,por que vemos cores,Por que vemos cores?,Ciência e fenômenos,ciencia-e-fenomenos,,,KW9505; KW9506; KW9507; KW9508; KW9509; KW9510; KW9511; KW9512,por que vemos cores explicado de forma simples; por que vemos cores entenda como funciona; por que vemos cores causas e explicação; por que vemos cores perguntas e respostas; por que vemos cores o que a ciência sabe; por que vemos cores curiosidades e fatos; por que vemos cores exemplos do dia a dia; por que vemos cores mitos e verdades,por-que-vemos-cores,planejado,,pendente,,,,
CAL0912,31/08/2027,2027-08-31,Ter,2,ART2709,KW1709,por que o tempo parece passar devagar,Por que o tempo parece passar devagar?,Psicologia e comportamento,psicologia-e-comportamento,,,KW9513; KW9514; KW9515; KW9516; KW9517; KW9518; KW9519; KW9520,por que o tempo parece passar devagar explicado de forma simples; por que o tempo parece passar devagar entenda como funciona; por que o tempo parece passar devagar causas e explicação; por que o tempo parece passar devagar perguntas e respostas; por que o tempo parece passar devagar o que a ciência sabe; por que o tempo parece passar devagar curiosidades e fatos; por que o tempo parece passar devagar exemplos do dia a dia; por que o tempo parece passar devagar mitos e verdades,por-que-o-tempo-parece-passar-devagar,planejado,,pendente,,,,
CAL0913,31/08/2027,2027-08-31,Ter,3,ART2846,KW1846,como funciona um servidor de jogos online,Como funciona um servidor de jogos online?,"Tecnologia, IA e ciência",tecnologia-ia-e-ciencia,,,KW9521; KW9522; KW9523; KW9524; KW9525; KW9526; KW9527; KW9528,como funciona um servidor de jogos online explicado de forma simples; como funciona um servidor de jogos online entenda como funciona; como funciona um servidor de jogos online causas e explicação; como funciona um servidor de jogos online perguntas e respostas; como funciona um servidor de jogos online o que a ciência sabe; como funciona um servidor de jogos online curiosidades e fatos; como funciona um servidor de jogos online exemplos do dia a dia; como funciona um servidor de jogos online mitos e verdades,como-funciona-um-servidor-de-jogos-online,planejado,,pendente,,,,
CAL0914,01/09/2027,2027-09-01,Qua,1,ART2825,KW1825,o que é a luz zodiacal,O que é a luz zodiacal?,Universo e espaço,universo-e-espaco,,,KW9529; KW9530; KW9531; KW9532; KW9533; KW9534; KW9535; KW9536,o que é a luz zodiacal explicado de forma simples; o que é a luz zodiacal entenda como funciona; o que é a luz zodiacal causas e explicação; o que é a luz zodiacal perguntas e respostas; o que é a luz zodiacal o que a ciência sabe; o que é a luz zodiacal curiosidades e fatos; o que é a luz zodiacal exemplos do dia a dia; o que é a luz zodiacal mitos e verdades,o-que-e-a-luz-zodiacal,planejado,,pendente,,,,
CAL0915,01/09/2027,2027-09-01,Qua,2,ART2716,KW1716,por que precisamos de água,Por que precisamos de água?,Corpo humano,corpo-humano,,,KW9537; KW9538; KW9539; KW9540; KW9541; KW9542; KW9543; KW9544,por que precisamos de água explicado de forma simples; por que precisamos de água entenda como funciona; por que precisamos de água causas e explicação; por que precisamos de água perguntas e respostas; por que precisamos de água o que a ciência sabe; por que precisamos de água curiosidades e fatos; por que precisamos de água exemplos do dia a dia; por que precisamos de água mitos e verdades,por-que-precisamos-de-agua,planejado,,pendente,,,,
CAL0916,01/09/2027,2027-09-01,Qua,3,ART2850,KW1850,por que os dinossauros foram extintos,Por que os dinossauros foram extintos?,Animais,animais,,,KW9545; KW9546; KW9547; KW9548; KW9549; KW9550; KW9551; KW9552,por que os dinossauros foram extintos explicado de forma simples; por que os dinossauros foram extintos entenda como funciona; por que os dinossauros foram extintos causas e explicação; por que os dinossauros foram extintos perguntas e respostas; por que os dinossauros foram extintos o que a ciência sabe; por que os dinossauros foram extintos curiosidades e fatos; por que os dinossauros foram extintos exemplos do dia a dia; por que os dinossauros foram extintos mitos e verdades,por-que-os-dinossauros-foram-extintos,planejado,,pendente,,,,
CAL0917,02/09/2027,2027-09-02,Qui,1,ART2857,KW1857,por que o preto esquenta mais que o branco,Por que o preto esquenta mais que o branco?,Ciência e fenômenos,ciencia-e-fenomenos,,,KW9553; KW9554; KW9555; KW9556; KW9557; KW9558; KW9559; KW9560,por que o preto esquenta mais que o branco explicado de forma simples; por que o preto esquenta mais que o branco entenda como funciona; por que o preto esquenta mais que o branco causas e explicação; por que o preto esquenta mais que o branco perguntas e respostas; por que o preto esquenta mais que o branco o que a ciência sabe; por que o preto esquenta mais que o branco curiosidades e fatos; por que o preto esquenta mais que o branco exemplos do dia a dia; por que o preto esquenta mais que o branco mitos e verdades,por-que-o-preto-esquenta-mais-que-o-branco,planejado,,pendente,,,,
CAL0918,02/09/2027,2027-09-02,Qui,2,ART2715,KW1715,por que o tempo parece acelerar com a idade,Por que o tempo parece acelerar com a idade?,Psicologia e comportamento,psicologia-e-comportamento,,,KW9561; KW9562; KW9563; KW9564; KW9565; KW9566; KW9567; KW9568,por que o tempo parece acelerar com a idade explicado de forma simples; por que o tempo parece acelerar com a idade entenda como funciona; por que o tempo parece acelerar com a idade causas e explicação; por que o tempo parece acelerar com a idade perguntas e respostas; por que o tempo parece acelerar com a idade o que a ciência sabe; por que o tempo parece acelerar com a idade curiosidades e fatos; por que o tempo parece acelerar com a idade exemplos do dia a dia; por que o tempo parece acelerar com a idade mitos e verdades,por-que-o-tempo-parece-acelerar-com-a-idade,planejado,,pendente,,,,
CAL0919,02/09/2027,2027-09-02,Qui,3,ART2852,KW1852,como funciona um banco de dados,Como funciona um banco de dados?,"Tecnologia, IA e ciência",tecnologia-ia-e-ciencia,,,KW9569; KW9570; KW9571; KW9572; KW9573; KW9574; KW9575; KW9576,como funciona um banco de dados explicado de forma simples; como funciona um banco de dados entenda como funciona; como funciona um banco de dados causas e explicação; como funciona um banco de dados perguntas e respostas; como funciona um banco de dados o que a ciência sabe; como funciona um banco de dados curiosidades e fatos; como funciona um banco de dados exemplos do dia a dia; como funciona um banco de dados mitos e verdades,como-funciona-um-banco-de-dados,planejado,,pendente,,,,
CAL0920,03/09/2027,2027-09-03,Sex,1,ART2837,KW1837,o que é a nuvem de Oort,O que é a nuvem de Oort?,Universo e espaço,universo-e-espaco,,,KW9577; KW9578; KW9579; KW9580; KW9581; KW9582; KW9583; KW9584,o que é a nuvem de Oort explicado de forma simples; o que é a nuvem de Oort entenda como funciona; o que é a nuvem de Oort causas e explicação; o que é a nuvem de Oort perguntas e respostas; o que é a nuvem de Oort o que a ciência sabe; o que é a nuvem de Oort curiosidades e fatos; o que é a nuvem de Oort exemplos do dia a dia; o que é a nuvem de Oort mitos e verdades,o-que-e-a-nuvem-de-oort,planejado,,pendente,,,,
CAL0921,03/09/2027,2027-09-03,Sex,2,ART2722,KW1722,por que o corpo precisa de sal,Por que o corpo precisa de sal?,Corpo humano,corpo-humano,,,KW9585; KW9586; KW9587; KW9588; KW9589; KW9590; KW9591; KW9592,por que o corpo precisa de sal explicado de forma simples; por que o corpo precisa de sal entenda como funciona; por que o corpo precisa de sal causas e explicação; por que o corpo precisa de sal perguntas e respostas; por que o corpo precisa de sal o que a ciência sabe; por que o corpo precisa de sal curiosidades e fatos; por que o corpo precisa de sal exemplos do dia a dia; por que o corpo precisa de sal mitos e verdades,por-que-o-corpo-precisa-de-sal,planejado,,pendente,,,,
CAL0922,03/09/2027,2027-09-03,Sex,3,ART2856,KW1856,como nasceram os dinossauros,Como nasceram os dinossauros?,Animais,animais,,,KW9593; KW9594; KW9595; KW9596; KW9597; KW9598; KW9599; KW9600,como nasceram os dinossauros explicado de forma simples; como nasceram os dinossauros entenda como funciona; como nasceram os dinossauros causas e explicação; como nasceram os dinossauros perguntas e respostas; como nasceram os dinossauros o que a ciência sabe; como nasceram os dinossauros curiosidades e fatos; como nasceram os dinossauros exemplos do dia a dia; como nasceram os dinossauros mitos e verdades,como-nasceram-os-dinossauros,planejado,,pendente,,,,
CAL0923,04/09/2027,2027-09-04,Sab,1,ART2863,KW1863,por que as bolhas de sabão têm cores,Por que as bolhas de sabão têm cores?,Ciência e fenômenos,ciencia-e-fenomenos,,,KW9601; KW9602; KW9603; KW9604; KW9605; KW9606; KW9607; KW9608,por que as bolhas de sabão têm cores explicado de forma simples; por que as bolhas de sabão têm cores entenda como funciona; por que as bolhas de sabão têm cores causas e explicação; por que as bolhas de sabão têm cores perguntas e respostas; por que as bolhas de sabão têm cores o que a ciência sabe; por que as bolhas de sabão têm cores curiosidades e fatos; por que as bolhas de sabão têm cores exemplos do dia a dia; por que as bolhas de sabão têm cores mitos e verdades,por-que-as-bolhas-de-sabao-tem-cores,planejado,,pendente,,,,
CAL0924,04/09/2027,2027-09-04,Sab,2,ART2721,KW1721,por que temos curiosidade,Por que temos curiosidade?,Psicologia e comportamento,psicologia-e-comportamento,,,KW9609; KW9610; KW9611; KW9612; KW9613; KW9614; KW9615; KW9616,por que temos curiosidade explicado de forma simples; por que temos curiosidade entenda como funciona; por que temos curiosidade causas e explicação; por que temos curiosidade perguntas e respostas; por que temos curiosidade o que a ciência sabe; por que temos curiosidade curiosidades e fatos; por que temos curiosidade exemplos do dia a dia; por que temos curiosidade mitos e verdades,por-que-temos-curiosidade,planejado,,pendente,,,,
CAL0925,04/09/2027,2027-09-04,Sab,3,ART2858,KW1858,como funciona um código de programação,Como funciona um código de programação?,"Tecnologia, IA e ciência",tecnologia-ia-e-ciencia,,,KW9617; KW9618; KW9619; KW9620; KW9621; KW9622; KW9623; KW9624,como funciona um código de programação explicado de forma simples; como funciona um código de programação entenda como funciona; como funciona um código de programação causas e explicação; como funciona um código de programação perguntas e respostas; como funciona um código de programação o que a ciência sabe; como funciona um código de programação curiosidades e fatos; como funciona um código de programação exemplos do dia a dia; como funciona um código de programação mitos e verdades,como-funciona-um-codigo-de-programacao,planejado,,pendente,,,,
CAL0926,05/09/2027,2027-09-05,Dom,1,ART2843,KW1843,o que é a heliosfera,O que é a heliosfera?,Universo e espaço,universo-e-espaco,,,KW9625; KW9626; KW9627; KW9628; KW9629; KW9630; KW9631; KW9632,o que é a heliosfera explicado de forma simples; o que é a heliosfera entenda como funciona; o que é a heliosfera causas e explicação; o que é a heliosfera perguntas e respostas; o que é a heliosfera o que a ciência sabe; o que é a heliosfera curiosidades e fatos; o que é a heliosfera exemplos do dia a dia; o que é a heliosfera mitos e verdades,o-que-e-a-heliosfera,planejado,,pendente,,,,
CAL0927,05/09/2027,2027-09-05,Dom,2,ART2728,KW1728,por que precisamos de oxigênio,Por que precisamos de oxigênio?,Corpo humano,corpo-humano,,,KW9633; KW9634; KW9635; KW9636; KW9637; KW9638; KW9639; KW9640,por que precisamos de oxigênio explicado de forma simples; por que precisamos de oxigênio entenda como funciona; por que precisamos de oxigênio causas e explicação; por que precisamos de oxigênio perguntas e respostas; por que precisamos de oxigênio o que a ciência sabe; por que precisamos de oxigênio curiosidades e fatos; por que precisamos de oxigênio exemplos do dia a dia; por que precisamos de oxigênio mitos e verdades,por-que-precisamos-de-oxigenio,planejado,,pendente,,,,
CAL0928,05/09/2027,2027-09-05,Dom,3,ART2862,KW1862,por que os animais migram,Por que os animais migram?,Animais,animais,,,KW9641; KW9642; KW9643; KW9644; KW9645; KW9646; KW9647; KW9648,por que os animais migram explicado de forma simples; por que os animais migram entenda como funciona; por que os animais migram causas e explicação; por que os animais migram perguntas e respostas; por que os animais migram o que a ciência sabe; por que os animais migram curiosidades e fatos; por que os animais migram exemplos do dia a dia; por que os animais migram mitos e verdades,por-que-os-animais-migram,planejado,,pendente,,,,
CAL0929,06/09/2027,2027-09-06,Seg,1,ART2869,KW1869,por que a água do mar é salgada e a dos rios não,Por que a água do mar é salgada e a dos rios não?,Ciência e fenômenos,ciencia-e-fenomenos,,,KW9649; KW9650; KW9651; KW9652; KW9653; KW9654; KW9655; KW9656,por que a água do mar é salgada e a dos rios não explicado de forma simples; por que a água do mar é salgada e a dos rios não entenda como funciona; por que a água do mar é salgada e a dos rios não causas e explicação; por que a água do mar é salgada e a dos rios não perguntas e respostas; por que a água do mar é salgada e a dos rios não o que a ciência sabe; por que a água do mar é salgada e a dos rios não curiosidades e fatos; por que a água do mar é salgada e a dos rios não exemplos do dia a dia; por que a água do mar é salgada e a dos rios não mitos e verdades,por-que-a-agua-do-mar-e-salgada-e-a-dos-rios-nao,planejado,,pendente,,,,
CAL0930,06/09/2027,2027-09-06,Seg,2,ART2727,KW1727,por que gostamos de novidades,Por que gostamos de novidades?,Psicologia e comportamento,psicologia-e-comportamento,,,KW9657; KW9658; KW9659; KW9660; KW9661; KW9662; KW9663; KW9664,por que gostamos de novidades explicado de forma simples; por que gostamos de novidades entenda como funciona; por que gostamos de novidades causas e explicação; por que gostamos de novidades perguntas e respostas; por que gostamos de novidades o que a ciência sabe; por que gostamos de novidades curiosidades e fatos; por que gostamos de novidades exemplos do dia a dia; por que gostamos de novidades mitos e verdades,por-que-gostamos-de-novidades,planejado,,pendente,,,,
CAL0931,06/09/2027,2027-09-06,Seg,3,ART2864,KW1864,como funciona o machine learning no dia a dia,Como funciona o machine learning no dia a dia?,"Tecnologia, IA e ciência",tecnologia-ia-e-ciencia,,,KW9665; KW9666; KW9667; KW9668; KW9669; KW9670; KW9671; KW9672,como funciona o machine learning no dia a dia explicado de forma simples; como funciona o machine learning no dia a dia entenda como funciona; como funciona o machine learning no dia a dia causas e explicação; como funciona o machine learning no dia a dia perguntas e respostas; como funciona o machine learning no dia a dia o que a ciência sabe; como funciona o machine learning no dia a dia curiosidades e fatos; como funciona o machine learning no dia a dia exemplos do dia a dia; como funciona o machine learning no dia a dia mitos e verdades,como-funciona-o-machine-learning-no-dia-a-dia,planejado,,pendente,,,,
CAL0932,07/09/2027,2027-09-07,Ter,1,ART2849,KW1849,o que é a magnetosfera,O que é a magnetosfera?,Universo e espaço,universo-e-espaco,,,KW9673; KW9674; KW9675; KW9676; KW9677; KW9678; KW9679; KW9680,o que é a magnetosfera explicado de forma simples; o que é a magnetosfera entenda como funciona; o que é a magnetosfera causas e explicação; o que é a magnetosfera perguntas e respostas; o que é a magnetosfera o que a ciência sabe; o que é a magnetosfera curiosidades e fatos; o que é a magnetosfera exemplos do dia a dia; o que é a magnetosfera mitos e verdades,o-que-e-a-magnetosfera,planejado,,pendente,,,,
CAL0933,07/09/2027,2027-09-07,Ter,2,ART2734,KW1734,por que precisamos de ferro,Por que precisamos de ferro?,Corpo humano,corpo-humano,,,KW9681; KW9682; KW9683; KW9684; KW9685; KW9686; KW9687; KW9688,por que precisamos de ferro explicado de forma simples; por que precisamos de ferro entenda como funciona; por que precisamos de ferro causas e explicação; por que precisamos de ferro perguntas e respostas; por que precisamos de ferro o que a ciência sabe; por que precisamos de ferro curiosidades e fatos; por que precisamos de ferro exemplos do dia a dia; por que precisamos de ferro mitos e verdades,por-que-precisamos-de-ferro,planejado,,pendente,,,,
CAL0934,07/09/2027,2027-09-07,Ter,3,ART2868,KW1868,como os animais sabem o caminho de casa,Como os animais sabem o caminho de casa?,Animais,animais,,,KW9689; KW9690; KW9691; KW9692; KW9693; KW9694; KW9695; KW9696,como os animais sabem o caminho de casa explicado de forma simples; como os animais sabem o caminho de casa entenda como funciona; como os animais sabem o caminho de casa causas e explicação; como os animais sabem o caminho de casa perguntas e respostas; como os animais sabem o caminho de casa o que a ciência sabe; como os animais sabem o caminho de casa curiosidades e fatos; como os animais sabem o caminho de casa exemplos do dia a dia; como os animais sabem o caminho de casa mitos e verdades,como-os-animais-sabem-o-caminho-de-casa,planejado,,pendente,,,,
CAL0935,08/09/2027,2027-09-08,Qua,1,ART2875,KW1875,por que o gelo seco solta fumaça,Por que o gelo seco solta fumaça?,Ciência e fenômenos,ciencia-e-fenomenos,,,KW9697; KW9698; KW9699; KW9700; KW9701; KW9702; KW9703; KW9704,por que o gelo seco solta fumaça explicado de forma simples; por que o gelo seco solta fumaça entenda como funciona; por que o gelo seco solta fumaça causas e explicação; por que o gelo seco solta fumaça perguntas e respostas; por que o gelo seco solta fumaça o que a ciência sabe; por que o gelo seco solta fumaça curiosidades e fatos; por que o gelo seco solta fumaça exemplos do dia a dia; por que o gelo seco solta fumaça mitos e verdades,por-que-o-gelo-seco-solta-fumaca,planejado,,pendente,,,,
CAL0936,08/09/2027,2027-09-08,Qua,2,ART2733,KW1733,por que gostamos de suspense,Por que gostamos de suspense?,Psicologia e comportamento,psicologia-e-comportamento,,,KW9705; KW9706; KW9707; KW9708; KW9709; KW9710; KW9711; KW9712,por que gostamos de suspense explicado de forma simples; por que gostamos de suspense entenda como funciona; por que gostamos de suspense causas e explicação; por que gostamos de suspense perguntas e respostas; por que gostamos de suspense o que a ciência sabe; por que gostamos de suspense curiosidades e fatos; por que gostamos de suspense exemplos do dia a dia; por que gostamos de suspense mitos e verdades,por-que-gostamos-de-suspense,planejado,,pendente,,,,
CAL0937,08/09/2027,2027-09-08,Qua,3,ART2870,KW1870,o que é deepfake,O que é deepfake?,"Tecnologia, IA e ciência",tecnologia-ia-e-ciencia,,,KW9713; KW9714; KW9715; KW9716; KW9717; KW9718; KW9719; KW9720,o que é deepfake explicado de forma simples; o que é deepfake entenda como funciona; o que é deepfake causas e explicação; o que é deepfake perguntas e respostas; o que é deepfake o que a ciência sabe; o que é deepfake curiosidades e fatos; o que é deepfake exemplos do dia a dia; o que é deepfake mitos e verdades,o-que-e-deepfake,planejado,,pendente,,,,
CAL0938,09/09/2027,2027-09-09,Qui,1,ART2855,KW1855,o que é um magnetar,O que é um magnetar?,Universo e espaço,universo-e-espaco,,,KW9721; KW9722; KW9723; KW9724; KW9725; KW9726; KW9727; KW9728,o que é um magnetar explicado de forma simples; o que é um magnetar entenda como funciona; o que é um magnetar causas e explicação; o que é um magnetar perguntas e respostas; o que é um magnetar o que a ciência sabe; o que é um magnetar curiosidades e fatos; o que é um magnetar exemplos do dia a dia; o que é um magnetar mitos e verdades,o-que-e-um-magnetar,planejado,,pendente,,,,
CAL0939,09/09/2027,2027-09-09,Qui,2,ART2740,KW1740,por que os músculos crescem,Por que os músculos crescem?,Corpo humano,corpo-humano,,,KW9729; KW9730; KW9731; KW9732; KW9733; KW9734; KW9735; KW9736,por que os músculos crescem explicado de forma simples; por que os músculos crescem entenda como funciona; por que os músculos crescem causas e explicação; por que os músculos crescem perguntas e respostas; por que os músculos crescem o que a ciência sabe; por que os músculos crescem curiosidades e fatos; por que os músculos crescem exemplos do dia a dia; por que os músculos crescem mitos e verdades,por-que-os-musculos-crescem,planejado,,pendente,,,,
CAL0940,09/09/2027,2027-09-09,Qui,3,ART2880,KW1880,por que os animais domesticados mudaram,Por que os animais domesticados mudaram?,Animais,animais,,,KW9737; KW9738; KW9739; KW9740; KW9741; KW9742; KW9743; KW9744,por que os animais domesticados mudaram explicado de forma simples; por que os animais domesticados mudaram entenda como funciona; por que os animais domesticados mudaram causas e explicação; por que os animais domesticados mudaram perguntas e respostas; por que os animais domesticados mudaram o que a ciência sabe; por que os animais domesticados mudaram curiosidades e fatos; por que os animais domesticados mudaram exemplos do dia a dia; por que os animais domesticados mudaram mitos e verdades,por-que-os-animais-domesticados-mudaram,planejado,,pendente,,,,
CAL0941,10/09/2027,2027-09-10,Sex,1,ART2881,KW1881,por que a água do chuveiro fica fria quando alguém dá descarga,Por que a água do chuveiro fica fria quando alguém dá descarga?,Ciência e fenômenos,ciencia-e-fenomenos,,,KW9745; KW9746; KW9747; KW9748; KW9749; KW9750; KW9751; KW9752,por que a água do chuveiro fica fria quando alguém dá descarga explicado de forma simples; por que a água do chuveiro fica fria quando alguém dá descarga entenda como funciona; por que a água do chuveiro fica fria quando alguém dá descarga causas e explicação; por que a água do chuveiro fica fria quando alguém dá descarga perguntas e respostas; por que a água do chuveiro fica fria quando alguém dá descarga o que a ciência sabe; por que a água do chuveiro fica fria quando alguém dá descarga curiosidades e fatos; por que a água do chuveiro fica fria quando alguém dá descarga exemplos do dia a dia; por que a água do chuveiro fica fria quando alguém dá descarga mitos e verdades,por-que-a-agua-do-chuveiro-fica-fria-quando-alguem-da-descarga,planejado,,pendente,,,,
CAL0942,10/09/2027,2027-09-10,Sex,2,ART2739,KW1739,por que choramos em filmes,Por que choramos em filmes?,Psicologia e comportamento,psicologia-e-comportamento,,,KW9753; KW9754; KW9755; KW9756; KW9757; KW9758; KW9759; KW9760,por que choramos em filmes explicado de forma simples; por que choramos em filmes entenda como funciona; por que choramos em filmes causas e explicação; por que choramos em filmes perguntas e respostas; por que choramos em filmes o que a ciência sabe; por que choramos em filmes curiosidades e fatos; por que choramos em filmes exemplos do dia a dia; por que choramos em filmes mitos e verdades,por-que-choramos-em-filmes,planejado,,pendente,,,,
CAL0943,10/09/2027,2027-09-10,Sex,3,ART2876,KW1876,o que é um metaverso,O que é um metaverso?,"Tecnologia, IA e ciência",tecnologia-ia-e-ciencia,,,KW9761; KW9762; KW9763; KW9764; KW9765; KW9766; KW9767; KW9768,o que é um metaverso explicado de forma simples; o que é um metaverso entenda como funciona; o que é um metaverso causas e explicação; o que é um metaverso perguntas e respostas; o que é um metaverso o que a ciência sabe; o que é um metaverso curiosidades e fatos; o que é um metaverso exemplos do dia a dia; o que é um metaverso mitos e verdades,o-que-e-um-metaverso,planejado,,pendente,,,,
CAL0944,11/09/2027,2027-09-11,Sab,1,ART2861,KW1861,o que é uma kilonova,O que é uma kilonova?,Universo e espaço,universo-e-espaco,,,KW9769; KW9770; KW9771; KW9772; KW9773; KW9774; KW9775; KW9776,o que é uma kilonova explicado de forma simples; o que é uma kilonova entenda como funciona; o que é uma kilonova causas e explicação; o que é uma kilonova perguntas e respostas; o que é uma kilonova o que a ciência sabe; o que é uma kilonova curiosidades e fatos; o que é uma kilonova exemplos do dia a dia; o que é uma kilonova mitos e verdades,o-que-e-uma-kilonova,planejado,,pendente,,,,
CAL0945,11/09/2027,2027-09-11,Sab,2,ART2746,KW1746,por que o corpo se cansa,Por que o corpo se cansa?,Corpo humano,corpo-humano,,,KW9777; KW9778; KW9779; KW9780; KW9781; KW9782; KW9783; KW9784,por que o corpo se cansa explicado de forma simples; por que o corpo se cansa entenda como funciona; por que o corpo se cansa causas e explicação; por que o corpo se cansa perguntas e respostas; por que o corpo se cansa o que a ciência sabe; por que o corpo se cansa curiosidades e fatos; por que o corpo se cansa exemplos do dia a dia; por que o corpo se cansa mitos e verdades,por-que-o-corpo-se-cansa,planejado,,pendente,,,,
CAL0946,11/09/2027,2027-09-11,Sab,3,ART2886,KW1886,por que os animais dormem de formas diferentes,Por que os animais dormem de formas diferentes?,Animais,animais,,,KW9785; KW9786; KW9787; KW9788; KW9789; KW9790; KW9791; KW9792,por que os animais dormem de formas diferentes explicado de forma simples; por que os animais dormem de formas diferentes entenda como funciona; por que os animais dormem de formas diferentes causas e explicação; por que os animais dormem de formas diferentes perguntas e respostas; por que os animais dormem de formas diferentes o que a ciência sabe; por que os animais dormem de formas diferentes curiosidades e fatos; por que os animais dormem de formas diferentes exemplos do dia a dia; por que os animais dormem de formas diferentes mitos e verdades,por-que-os-animais-dormem-de-formas-diferentes,planejado,,pendente,,,,
CAL0947,12/09/2027,2027-09-12,Dom,1,ART2887,KW1887,por que o ovo cozido muda de textura,Por que o ovo cozido muda de textura?,Ciência e fenômenos,ciencia-e-fenomenos,,,KW9793; KW9794; KW9795; KW9796; KW9797; KW9798; KW9799; KW9800,por que o ovo cozido muda de textura explicado de forma simples; por que o ovo cozido muda de textura entenda como funciona; por que o ovo cozido muda de textura causas e explicação; por que o ovo cozido muda de textura perguntas e respostas; por que o ovo cozido muda de textura o que a ciência sabe; por que o ovo cozido muda de textura curiosidades e fatos; por que o ovo cozido muda de textura exemplos do dia a dia; por que o ovo cozido muda de textura mitos e verdades,por-que-o-ovo-cozido-muda-de-textura,planejado,,pendente,,,,
CAL0948,12/09/2027,2027-09-12,Dom,2,ART2745,KW1745,por que gostamos de músicas tristes,Por que gostamos de músicas tristes?,Psicologia e comportamento,psicologia-e-comportamento,,,KW9801; KW9802; KW9803; KW9804; KW9805; KW9806; KW9807; KW9808,por que gostamos de músicas tristes explicado de forma simples; por que gostamos de músicas tristes entenda como funciona; por que gostamos de músicas tristes causas e explicação; por que gostamos de músicas tristes perguntas e respostas; por que gostamos de músicas tristes o que a ciência sabe; por que gostamos de músicas tristes curiosidades e fatos; por que gostamos de músicas tristes exemplos do dia a dia; por que gostamos de músicas tristes mitos e verdades,por-que-gostamos-de-musicas-tristes,planejado,,pendente,,,,
CAL0949,12/09/2027,2027-09-12,Dom,3,ART2882,KW1882,o que é a web 3,O que é a web 3?,"Tecnologia, IA e ciência",tecnologia-ia-e-ciencia,,,KW9809; KW9810; KW9811; KW9812; KW9813; KW9814; KW9815; KW9816,o que é a web 3 explicado de forma simples; o que é a web 3 entenda como funciona; o que é a web 3 causas e explicação; o que é a web 3 perguntas e respostas; o que é a web 3 o que a ciência sabe; o que é a web 3 curiosidades e fatos; o que é a web 3 exemplos do dia a dia; o que é a web 3 mitos e verdades,o-que-e-a-web-3,planejado,,pendente,,,,
CAL0950,13/09/2027,2027-09-13,Seg,1,ART2867,KW1867,o que é uma hipernova,O que é uma hipernova?,Universo e espaço,universo-e-espaco,,,KW9817; KW9818; KW9819; KW9820; KW9821; KW9822; KW9823; KW9824,o que é uma hipernova explicado de forma simples; o que é uma hipernova entenda como funciona; o que é uma hipernova causas e explicação; o que é uma hipernova perguntas e respostas; o que é uma hipernova o que a ciência sabe; o que é uma hipernova curiosidades e fatos; o que é uma hipernova exemplos do dia a dia; o que é uma hipernova mitos e verdades,o-que-e-uma-hipernova,planejado,,pendente,,,,
CAL0951,13/09/2027,2027-09-13,Seg,2,ART2752,KW1752,por que perdemos o fôlego,Por que perdemos o fôlego?,Corpo humano,corpo-humano,,,KW9825; KW9826; KW9827; KW9828; KW9829; KW9830; KW9831; KW9832,por que perdemos o fôlego explicado de forma simples; por que perdemos o fôlego entenda como funciona; por que perdemos o fôlego causas e explicação; por que perdemos o fôlego perguntas e respostas; por que perdemos o fôlego o que a ciência sabe; por que perdemos o fôlego curiosidades e fatos; por que perdemos o fôlego exemplos do dia a dia; por que perdemos o fôlego mitos e verdades,por-que-perdemos-o-folego,planejado,,pendente,,,,
CAL0952,13/09/2027,2027-09-13,Seg,3,ART2892,KW1892,por que os hipopótamos suam vermelho,Por que os hipopótamos suam vermelho?,Animais,animais,,,KW9833; KW9834; KW9835; KW9836; KW9837; KW9838; KW9839; KW9840,por que os hipopótamos suam vermelho explicado de forma simples; por que os hipopótamos suam vermelho entenda como funciona; por que os hipopótamos suam vermelho causas e explicação; por que os hipopótamos suam vermelho perguntas e respostas; por que os hipopótamos suam vermelho o que a ciência sabe; por que os hipopótamos suam vermelho curiosidades e fatos; por que os hipopótamos suam vermelho exemplos do dia a dia; por que os hipopótamos suam vermelho mitos e verdades,por-que-os-hipopotamos-suam-vermelho,planejado,,pendente,,,,
CAL0953,14/09/2027,2027-09-14,Ter,1,ART2893,KW1893,por que o mercúrio é líquido,Por que o mercúrio é líquido?,Ciência e fenômenos,ciencia-e-fenomenos,,,KW9841; KW9842; KW9843; KW9844; KW9845; KW9846; KW9847; KW9848,por que o mercúrio é líquido explicado de forma simples; por que o mercúrio é líquido entenda como funciona; por que o mercúrio é líquido causas e explicação; por que o mercúrio é líquido perguntas e respostas; por que o mercúrio é líquido o que a ciência sabe; por que o mercúrio é líquido curiosidades e fatos; por que o mercúrio é líquido exemplos do dia a dia; por que o mercúrio é líquido mitos e verdades,por-que-o-mercurio-e-liquido,planejado,,pendente,,,,
CAL0954,14/09/2027,2027-09-14,Ter,2,ART2751,KW1751,por que gostamos de repetir a mesma música,Por que gostamos de repetir a mesma música?,Psicologia e comportamento,psicologia-e-comportamento,,,KW9849; KW9850; KW9851; KW9852; KW9853; KW9854; KW9855; KW9856,por que gostamos de repetir a mesma música explicado de forma simples; por que gostamos de repetir a mesma música entenda como funciona; por que gostamos de repetir a mesma música causas e explicação; por que gostamos de repetir a mesma música perguntas e respostas; por que gostamos de repetir a mesma música o que a ciência sabe; por que gostamos de repetir a mesma música curiosidades e fatos; por que gostamos de repetir a mesma música exemplos do dia a dia; por que gostamos de repetir a mesma música mitos e verdades,por-que-gostamos-de-repetir-a-mesma-musica,planejado,,pendente,,,,
CAL0955,14/09/2027,2027-09-14,Ter,3,ART2888,KW1888,o que é o código aberto,O que é o código aberto?,"Tecnologia, IA e ciência",tecnologia-ia-e-ciencia,,,KW9857; KW9858; KW9859; KW9860; KW9861; KW9862; KW9863; KW9864,o que é o código aberto explicado de forma simples; o que é o código aberto entenda como funciona; o que é o código aberto causas e explicação; o que é o código aberto perguntas e respostas; o que é o código aberto o que a ciência sabe; o que é o código aberto curiosidades e fatos; o que é o código aberto exemplos do dia a dia; o que é o código aberto mitos e verdades,o-que-e-o-codigo-aberto,planejado,,pendente,,,,
CAL0956,15/09/2027,2027-09-15,Qua,1,ART2873,KW1873,o que é uma nuvem molecular,O que é uma nuvem molecular?,Universo e espaço,universo-e-espaco,,,KW9865; KW9866; KW9867; KW9868; KW9869; KW9870; KW9871; KW9872,o que é uma nuvem molecular explicado de forma simples; o que é uma nuvem molecular entenda como funciona; o que é uma nuvem molecular causas e explicação; o que é uma nuvem molecular perguntas e respostas; o que é uma nuvem molecular o que a ciência sabe; o que é uma nuvem molecular curiosidades e fatos; o que é uma nuvem molecular exemplos do dia a dia; o que é uma nuvem molecular mitos e verdades,o-que-e-uma-nuvem-molecular,planejado,,pendente,,,,
CAL0957,15/09/2027,2027-09-15,Qua,2,ART2758,KW1758,por que sentimos ponta no lado ao correr,Por que sentimos ponta no lado ao correr?,Corpo humano,corpo-humano,,,KW9873; KW9874; KW9875; KW9876; KW9877; KW9878; KW9879; KW9880,por que sentimos ponta no lado ao correr explicado de forma simples; por que sentimos ponta no lado ao correr entenda como funciona; por que sentimos ponta no lado ao correr causas e explicação; por que sentimos ponta no lado ao correr perguntas e respostas; por que sentimos ponta no lado ao correr o que a ciência sabe; por que sentimos ponta no lado ao correr curiosidades e fatos; por que sentimos ponta no lado ao correr exemplos do dia a dia; por que sentimos ponta no lado ao correr mitos e verdades,por-que-sentimos-ponta-no-lado-ao-correr,planejado,,pendente,,,,
CAL0958,15/09/2027,2027-09-15,Qua,3,ART2898,KW1898,por que os rinocerontes têm chifre,Por que os rinocerontes têm chifre?,Animais,animais,,,KW9881; KW9882; KW9883; KW9884; KW9885; KW9886; KW9887; KW9888,por que os rinocerontes têm chifre explicado de forma simples; por que os rinocerontes têm chifre entenda como funciona; por que os rinocerontes têm chifre causas e explicação; por que os rinocerontes têm chifre perguntas e respostas; por que os rinocerontes têm chifre o que a ciência sabe; por que os rinocerontes têm chifre curiosidades e fatos; por que os rinocerontes têm chifre exemplos do dia a dia; por que os rinocerontes têm chifre mitos e verdades,por-que-os-rinocerontes-tem-chifre,planejado,,pendente,,,,
CAL0959,16/09/2027,2027-09-16,Qui,1,ART2899,KW1899,por que o ouro não enferruja,Por que o ouro não enferruja?,Ciência e fenômenos,ciencia-e-fenomenos,,,KW9889; KW9890; KW9891; KW9892; KW9893; KW9894; KW9895; KW9896,por que o ouro não enferruja explicado de forma simples; por que o ouro não enferruja entenda como funciona; por que o ouro não enferruja causas e explicação; por que o ouro não enferruja perguntas e respostas; por que o ouro não enferruja o que a ciência sabe; por que o ouro não enferruja curiosidades e fatos; por que o ouro não enferruja exemplos do dia a dia; por que o ouro não enferruja mitos e verdades,por-que-o-ouro-nao-enferruja,planejado,,pendente,,,,
CAL0960,16/09/2027,2027-09-16,Qui,2,ART2757,KW1757,por que músicas ficam grudadas na cabeça,Por que músicas ficam grudadas na cabeça?,Psicologia e comportamento,psicologia-e-comportamento,,,KW9897; KW9898; KW9899; KW9900; KW9901; KW9902; KW9903; KW9904,por que músicas ficam grudadas na cabeça explicado de forma simples; por que músicas ficam grudadas na cabeça entenda como funciona; por que músicas ficam grudadas na cabeça causas e explicação; por que músicas ficam grudadas na cabeça perguntas e respostas; por que músicas ficam grudadas na cabeça o que a ciência sabe; por que músicas ficam grudadas na cabeça curiosidades e fatos; por que músicas ficam grudadas na cabeça exemplos do dia a dia; por que músicas ficam grudadas na cabeça mitos e verdades,por-que-musicas-ficam-grudadas-na-cabeca,planejado,,pendente,,,,
CAL0961,16/09/2027,2027-09-16,Qui,3,ART2894,KW1894,o que é um bug de software,O que é um bug de software?,"Tecnologia, IA e ciência",tecnologia-ia-e-ciencia,,,KW9905; KW9906; KW9907; KW9908; KW9909; KW9910; KW9911; KW9912,o que é um bug de software explicado de forma simples; o que é um bug de software entenda como funciona; o que é um bug de software causas e explicação; o que é um bug de software perguntas e respostas; o que é um bug de software o que a ciência sabe; o que é um bug de software curiosidades e fatos; o que é um bug de software exemplos do dia a dia; o que é um bug de software mitos e verdades,o-que-e-um-bug-de-software,planejado,,pendente,,,,
CAL0962,17/09/2027,2027-09-17,Sex,1,ART2879,KW1879,o que é um disco protoplanetário,O que é um disco protoplanetário?,Universo e espaço,universo-e-espaco,,,KW9913; KW9914; KW9915; KW9916; KW9917; KW9918; KW9919; KW9920,o que é um disco protoplanetário explicado de forma simples; o que é um disco protoplanetário entenda como funciona; o que é um disco protoplanetário causas e explicação; o que é um disco protoplanetário perguntas e respostas; o que é um disco protoplanetário o que a ciência sabe; o que é um disco protoplanetário curiosidades e fatos; o que é um disco protoplanetário exemplos do dia a dia; o que é um disco protoplanetário mitos e verdades,o-que-e-um-disco-protoplanetario,planejado,,pendente,,,,
CAL0963,17/09/2027,2027-09-17,Sex,2,ART2764,KW1764,por que o coração dispara,Por que o coração dispara?,Corpo humano,corpo-humano,,,KW9921; KW9922; KW9923; KW9924; KW9925; KW9926; KW9927; KW9928,por que o coração dispara explicado de forma simples; por que o coração dispara entenda como funciona; por que o coração dispara causas e explicação; por que o coração dispara perguntas e respostas; por que o coração dispara o que a ciência sabe; por que o coração dispara curiosidades e fatos; por que o coração dispara exemplos do dia a dia; por que o coração dispara mitos e verdades,por-que-o-coracao-dispara,planejado,,pendente,,,,
CAL0964,17/09/2027,2027-09-17,Sex,3,ART2904,KW1904,por que os tucanos têm bico grande,Por que os tucanos têm bico grande?,Animais,animais,,,KW9929; KW9930; KW9931; KW9932; KW9933; KW9934; KW9935; KW9936,por que os tucanos têm bico grande explicado de forma simples; por que os tucanos têm bico grande entenda como funciona; por que os tucanos têm bico grande causas e explicação; por que os tucanos têm bico grande perguntas e respostas; por que os tucanos têm bico grande o que a ciência sabe; por que os tucanos têm bico grande curiosidades e fatos; por que os tucanos têm bico grande exemplos do dia a dia; por que os tucanos têm bico grande mitos e verdades,por-que-os-tucanos-tem-bico-grande,planejado,,pendente,,,,
CAL0965,18/09/2027,2027-09-18,Sab,1,ART2905,KW1905,por que o alumínio não enferruja,Por que o alumínio não enferruja?,Ciência e fenômenos,ciencia-e-fenomenos,,,KW9937; KW9938; KW9939; KW9940; KW9941; KW9942; KW9943; KW9944,por que o alumínio não enferruja explicado de forma simples; por que o alumínio não enferruja entenda como funciona; por que o alumínio não enferruja causas e explicação; por que o alumínio não enferruja perguntas e respostas; por que o alumínio não enferruja o que a ciência sabe; por que o alumínio não enferruja curiosidades e fatos; por que o alumínio não enferruja exemplos do dia a dia; por que o alumínio não enferruja mitos e verdades,por-que-o-aluminio-nao-enferruja,planejado,,pendente,,,,
CAL0966,18/09/2027,2027-09-18,Sab,2,ART2763,KW1763,por que temos manias de organização,Por que temos manias de organização?,Psicologia e comportamento,psicologia-e-comportamento,,,KW9945; KW9946; KW9947; KW9948; KW9949; KW9950; KW9951; KW9952,por que temos manias de organização explicado de forma simples; por que temos manias de organização entenda como funciona; por que temos manias de organização causas e explicação; por que temos manias de organização perguntas e respostas; por que temos manias de organização o que a ciência sabe; por que temos manias de organização curiosidades e fatos; por que temos manias de organização exemplos do dia a dia; por que temos manias de organização mitos e verdades,por-que-temos-manias-de-organizacao,planejado,,pendente,,,,
CAL0967,18/09/2027,2027-09-18,Sab,3,ART2900,KW1900,o que é um pixel,O que é um pixel?,"Tecnologia, IA e ciência",tecnologia-ia-e-ciencia,,,KW9953; KW9954; KW9955; KW9956; KW9957; KW9958; KW9959; KW9960,o que é um pixel explicado de forma simples; o que é um pixel entenda como funciona; o que é um pixel causas e explicação; o que é um pixel perguntas e respostas; o que é um pixel o que a ciência sabe; o que é um pixel curiosidades e fatos; o que é um pixel exemplos do dia a dia; o que é um pixel mitos e verdades,o-que-e-um-pixel,planejado,,pendente,,,,
CAL0968,19/09/2027,2027-09-19,Dom,1,ART2885,KW1885,o que é a zona de Goldilocks,O que é a zona de Goldilocks?,Universo e espaço,universo-e-espaco,,,KW9961; KW9962; KW9963; KW9964; KW9965; KW9966; KW9967; KW9968,o que é a zona de Goldilocks explicado de forma simples; o que é a zona de Goldilocks entenda como funciona; o que é a zona de Goldilocks causas e explicação; o que é a zona de Goldilocks perguntas e respostas; o que é a zona de Goldilocks o que a ciência sabe; o que é a zona de Goldilocks curiosidades e fatos; o que é a zona de Goldilocks exemplos do dia a dia; o que é a zona de Goldilocks mitos e verdades,o-que-e-a-zona-de-goldilocks,planejado,,pendente,,,,
CAL0969,19/09/2027,2027-09-19,Dom,2,ART2770,KW1770,por que ficamos com o corpo quente no exercício,Por que ficamos com o corpo quente no exercício?,Corpo humano,corpo-humano,,,KW9969; KW9970; KW9971; KW9972; KW9973; KW9974; KW9975; KW9976,por que ficamos com o corpo quente no exercício explicado de forma simples; por que ficamos com o corpo quente no exercício entenda como funciona; por que ficamos com o corpo quente no exercício causas e explicação; por que ficamos com o corpo quente no exercício perguntas e respostas; por que ficamos com o corpo quente no exercício o que a ciência sabe; por que ficamos com o corpo quente no exercício curiosidades e fatos; por que ficamos com o corpo quente no exercício exemplos do dia a dia; por que ficamos com o corpo quente no exercício mitos e verdades,por-que-ficamos-com-o-corpo-quente-no-exercicio,planejado,,pendente,,,,
CAL0970,19/09/2027,2027-09-19,Dom,3,ART2910,KW1910,por que os camaleões têm a língua tão longa,Por que os camaleões têm a língua tão longa?,Animais,animais,,,KW9977; KW9978; KW9979; KW9980; KW9981; KW9982; KW9983; KW9984,por que os camaleões têm a língua tão longa explicado de forma simples; por que os camaleões têm a língua tão longa entenda como funciona; por que os camaleões têm a língua tão longa causas e explicação; por que os camaleões têm a língua tão longa perguntas e respostas; por que os camaleões têm a língua tão longa o que a ciência sabe; por que os camaleões têm a língua tão longa curiosidades e fatos; por que os camaleões têm a língua tão longa exemplos do dia a dia; por que os camaleões têm a língua tão longa mitos e verdades,por-que-os-camaleoes-tem-a-lingua-tao-longa,planejado,,pendente,,,,
CAL0971,20/09/2027,2027-09-20,Seg,1,ART2911,KW1911,por que o vidro é transparente,Por que o vidro é transparente?,Ciência e fenômenos,ciencia-e-fenomenos,,,KW9985; KW9986; KW9987; KW9988; KW9989; KW9990; KW9991; KW9992,por que o vidro é transparente explicado de forma simples; por que o vidro é transparente entenda como funciona; por que o vidro é transparente causas e explicação; por que o vidro é transparente perguntas e respostas; por que o vidro é transparente o que a ciência sabe; por que o vidro é transparente curiosidades e fatos; por que o vidro é transparente exemplos do dia a dia; por que o vidro é transparente mitos e verdades,por-que-o-vidro-e-transparente,planejado,,pendente,,,,
CAL0972,20/09/2027,2027-09-20,Seg,2,ART2769,KW1769,por que gostamos de colecionar coisas,Por que gostamos de colecionar coisas?,Psicologia e comportamento,psicologia-e-comportamento,,,KW9993; KW9994; KW9995; KW9996; KW9997; KW9998; KW9999; KW10000,por que gostamos de colecionar coisas explicado de forma simples; por que gostamos de colecionar coisas entenda como funciona; por que gostamos de colecionar coisas causas e explicação; por que gostamos de colecionar coisas perguntas e respostas; por que gostamos de colecionar coisas o que a ciência sabe; por que gostamos de colecionar coisas curiosidades e fatos; por que gostamos de colecionar coisas exemplos do dia a dia; por que gostamos de colecionar coisas mitos e verdades,por-que-gostamos-de-colecionar-coisas,planejado,,pendente,,,,
CAL0973,20/09/2027,2027-09-20,Seg,3,ART2906,KW1906,o que é resolução de tela,O que é resolução de tela?,"Tecnologia, IA e ciência",tecnologia-ia-e-ciencia,,,KW10001; KW10002; KW10003; KW10004; KW10005; KW10006; KW10007; KW10008,o que é resolução de tela explicado de forma simples; o que é resolução de tela entenda como funciona; o que é resolução de tela causas e explicação; o que é resolução de tela perguntas e respostas; o que é resolução de tela o que a ciência sabe; o que é resolução de tela curiosidades e fatos; o que é resolução de tela exemplos do dia a dia; o que é resolução de tela mitos e verdades,o-que-e-resolucao-de-tela,planejado,,pendente,,,,
CAL0974,21/09/2027,2027-09-21,Ter,1,ART2891,KW1891,por que Plutão tem um coração,Por que Plutão tem um coração?,Universo e espaço,universo-e-espaco,,,KW10009; KW10010; KW10011; KW10012; KW10013; KW10014; KW10015; KW10016,por que Plutão tem um coração explicado de forma simples; por que Plutão tem um coração entenda como funciona; por que Plutão tem um coração causas e explicação; por que Plutão tem um coração perguntas e respostas; por que Plutão tem um coração o que a ciência sabe; por que Plutão tem um coração curiosidades e fatos; por que Plutão tem um coração exemplos do dia a dia; por que Plutão tem um coração mitos e verdades,por-que-plutao-tem-um-coracao,planejado,,pendente,,,,
CAL0975,21/09/2027,2027-09-21,Ter,2,ART2776,KW1776,por que crescemos,Por que crescemos?,Corpo humano,corpo-humano,,,KW10017; KW10018; KW10019; KW10020; KW10021; KW10022; KW10023; KW10024,por que crescemos explicado de forma simples; por que crescemos entenda como funciona; por que crescemos causas e explicação; por que crescemos perguntas e respostas; por que crescemos o que a ciência sabe; por que crescemos curiosidades e fatos; por que crescemos exemplos do dia a dia; por que crescemos mitos e verdades,por-que-crescemos,planejado,,pendente,,,,
CAL0976,21/09/2027,2027-09-21,Ter,3,ART2916,KW1916,por que os axolotes regeneram partes do corpo,Por que os axolotes regeneram partes do corpo?,Animais,animais,,,KW10025; KW10026; KW10027; KW10028; KW10029; KW10030; KW10031; KW10032,por que os axolotes regeneram partes do corpo explicado de forma simples; por que os axolotes regeneram partes do corpo entenda como funciona; por que os axolotes regeneram partes do corpo causas e explicação; por que os axolotes regeneram partes do corpo perguntas e respostas; por que os axolotes regeneram partes do corpo o que a ciência sabe; por que os axolotes regeneram partes do corpo curiosidades e fatos; por que os axolotes regeneram partes do corpo exemplos do dia a dia; por que os axolotes regeneram partes do corpo mitos e verdades,por-que-os-axolotes-regeneram-partes-do-corpo,planejado,,pendente,,,,
CAL0977,22/09/2027,2027-09-22,Qua,1,ART2917,KW1917,como se faz o vidro,Como se faz o vidro?,Ciência e fenômenos,ciencia-e-fenomenos,,,KW10033; KW10034; KW10035; KW10036; KW10037; KW10038; KW10039; KW10040,como se faz o vidro explicado de forma simples; como se faz o vidro entenda como funciona; como se faz o vidro causas e explicação; como se faz o vidro perguntas e respostas; como se faz o vidro o que a ciência sabe; como se faz o vidro curiosidades e fatos; como se faz o vidro exemplos do dia a dia; como se faz o vidro mitos e verdades,como-se-faz-o-vidro,planejado,,pendente,,,,
CAL0978,22/09/2027,2027-09-22,Qua,2,ART2775,KW1775,por que temos apego a objetos,Por que temos apego a objetos?,Psicologia e comportamento,psicologia-e-comportamento,,,KW10041; KW10042; KW10043; KW10044; KW10045; KW10046; KW10047; KW10048,por que temos apego a objetos explicado de forma simples; por que temos apego a objetos entenda como funciona; por que temos apego a objetos causas e explicação; por que temos apego a objetos perguntas e respostas; por que temos apego a objetos o que a ciência sabe; por que temos apego a objetos curiosidades e fatos; por que temos apego a objetos exemplos do dia a dia; por que temos apego a objetos mitos e verdades,por-que-temos-apego-a-objetos,planejado,,pendente,,,,
CAL0979,22/09/2027,2027-09-22,Qua,3,ART2912,KW1912,o que é a taxa de atualização,O que é a taxa de atualização?,"Tecnologia, IA e ciência",tecnologia-ia-e-ciencia,,,KW10049; KW10050; KW10051; KW10052; KW10053; KW10054; KW10055; KW10056,o que é a taxa de atualização explicado de forma simples; o que é a taxa de atualização entenda como funciona; o que é a taxa de atualização causas e explicação; o que é a taxa de atualização perguntas e respostas; o que é a taxa de atualização o que a ciência sabe; o que é a taxa de atualização curiosidades e fatos; o que é a taxa de atualização exemplos do dia a dia; o que é a taxa de atualização mitos e verdades,o-que-e-a-taxa-de-atualizacao,planejado,,pendente,,,,
CAL0980,23/09/2027,2027-09-23,Qui,1,ART2897,KW1897,o que é Caronte a lua de Plutão,O que é Caronte a lua de Plutão?,Universo e espaço,universo-e-espaco,,,KW10057; KW10058; KW10059; KW10060; KW10061; KW10062; KW10063; KW10064,o que é Caronte a lua de Plutão explicado de forma simples; o que é Caronte a lua de Plutão entenda como funciona; o que é Caronte a lua de Plutão causas e explicação; o que é Caronte a lua de Plutão perguntas e respostas; o que é Caronte a lua de Plutão o que a ciência sabe; o que é Caronte a lua de Plutão curiosidades e fatos; o que é Caronte a lua de Plutão exemplos do dia a dia; o que é Caronte a lua de Plutão mitos e verdades,o-que-e-caronte-a-lua-de-plutao,planejado,,pendente,,,,
CAL0981,23/09/2027,2027-09-23,Qui,2,ART2782,KW1782,por que paramos de crescer,Por que paramos de crescer?,Corpo humano,corpo-humano,,,KW10065; KW10066; KW10067; KW10068; KW10069; KW10070; KW10071; KW10072,por que paramos de crescer explicado de forma simples; por que paramos de crescer entenda como funciona; por que paramos de crescer causas e explicação; por que paramos de crescer perguntas e respostas; por que paramos de crescer o que a ciência sabe; por que paramos de crescer curiosidades e fatos; por que paramos de crescer exemplos do dia a dia; por que paramos de crescer mitos e verdades,por-que-paramos-de-crescer,planejado,,pendente,,,,
CAL0982,23/09/2027,2027-09-23,Qui,3,ART2922,KW1922,por que os ornitorrincos põem ovos,Por que os ornitorrincos põem ovos?,Animais,animais,,,KW10073; KW10074; KW10075; KW10076; KW10077; KW10078; KW10079; KW10080,por que os ornitorrincos põem ovos explicado de forma simples; por que os ornitorrincos põem ovos entenda como funciona; por que os ornitorrincos põem ovos causas e explicação; por que os ornitorrincos põem ovos perguntas e respostas; por que os ornitorrincos põem ovos o que a ciência sabe; por que os ornitorrincos põem ovos curiosidades e fatos; por que os ornitorrincos põem ovos exemplos do dia a dia; por que os ornitorrincos põem ovos mitos e verdades,por-que-os-ornitorrincos-poem-ovos,planejado,,pendente,,,,
CAL0983,24/09/2027,2027-09-24,Sex,1,ART2923,KW1923,como se faz o papel,Como se faz o papel?,Ciência e fenômenos,ciencia-e-fenomenos,,,KW10081; KW10082; KW10083; KW10084; KW10085; KW10086; KW10087; KW10088,como se faz o papel explicado de forma simples; como se faz o papel entenda como funciona; como se faz o papel causas e explicação; como se faz o papel perguntas e respostas; como se faz o papel o que a ciência sabe; como se faz o papel curiosidades e fatos; como se faz o papel exemplos do dia a dia; como se faz o papel mitos e verdades,como-se-faz-o-papel,planejado,,pendente,,,,
CAL0984,24/09/2027,2027-09-24,Sex,2,ART2781,KW1781,por que gostamos de fazer listas,Por que gostamos de fazer listas?,Psicologia e comportamento,psicologia-e-comportamento,,,KW10089; KW10090; KW10091; KW10092; KW10093; KW10094; KW10095; KW10096,por que gostamos de fazer listas explicado de forma simples; por que gostamos de fazer listas entenda como funciona; por que gostamos de fazer listas causas e explicação; por que gostamos de fazer listas perguntas e respostas; por que gostamos de fazer listas o que a ciência sabe; por que gostamos de fazer listas curiosidades e fatos; por que gostamos de fazer listas exemplos do dia a dia; por que gostamos de fazer listas mitos e verdades,por-que-gostamos-de-fazer-listas,planejado,,pendente,,,,
CAL0985,24/09/2027,2027-09-24,Sex,3,ART2918,KW1918,o que é o efeito da luz azul das telas,O que é o efeito da luz azul das telas?,"Tecnologia, IA e ciência",tecnologia-ia-e-ciencia,,,KW10097; KW10098; KW10099; KW10100; KW10101; KW10102; KW10103; KW10104,o que é o efeito da luz azul das telas explicado de forma simples; o que é o efeito da luz azul das telas entenda como funciona; o que é o efeito da luz azul das telas causas e explicação; o que é o efeito da luz azul das telas perguntas e respostas; o que é o efeito da luz azul das telas o que a ciência sabe; o que é o efeito da luz azul das telas curiosidades e fatos; o que é o efeito da luz azul das telas exemplos do dia a dia; o que é o efeito da luz azul das telas mitos e verdades,o-que-e-o-efeito-da-luz-azul-das-telas,planejado,,pendente,,,,
CAL0986,25/09/2027,2027-09-25,Sab,1,ART2915,KW1915,por que Marte tem as maiores montanhas,Por que Marte tem as maiores montanhas?,Universo e espaço,universo-e-espaco,,,KW10105; KW10106; KW10107; KW10108; KW10109; KW10110; KW10111; KW10112,por que Marte tem as maiores montanhas explicado de forma simples; por que Marte tem as maiores montanhas entenda como funciona; por que Marte tem as maiores montanhas causas e explicação; por que Marte tem as maiores montanhas perguntas e respostas; por que Marte tem as maiores montanhas o que a ciência sabe; por que Marte tem as maiores montanhas curiosidades e fatos; por que Marte tem as maiores montanhas exemplos do dia a dia; por que Marte tem as maiores montanhas mitos e verdades,por-que-marte-tem-as-maiores-montanhas,planejado,,pendente,,,,
CAL0987,25/09/2027,2027-09-25,Sab,2,ART2788,KW1788,por que temos puberdade,Por que temos puberdade?,Corpo humano,corpo-humano,,,KW10113; KW10114; KW10115; KW10116; KW10117; KW10118; KW10119; KW10120,por que temos puberdade explicado de forma simples; por que temos puberdade entenda como funciona; por que temos puberdade causas e explicação; por que temos puberdade perguntas e respostas; por que temos puberdade o que a ciência sabe; por que temos puberdade curiosidades e fatos; por que temos puberdade exemplos do dia a dia; por que temos puberdade mitos e verdades,por-que-temos-puberdade,planejado,,pendente,,,,
CAL0988,25/09/2027,2027-09-25,Sab,3,ART2928,KW1928,por que as lontras dão as mãos,Por que as lontras dão as mãos?,Animais,animais,,,KW10121; KW10122; KW10123; KW10124; KW10125; KW10126; KW10127; KW10128,por que as lontras dão as mãos explicado de forma simples; por que as lontras dão as mãos entenda como funciona; por que as lontras dão as mãos causas e explicação; por que as lontras dão as mãos perguntas e respostas; por que as lontras dão as mãos o que a ciência sabe; por que as lontras dão as mãos curiosidades e fatos; por que as lontras dão as mãos exemplos do dia a dia; por que as lontras dão as mãos mitos e verdades,por-que-as-lontras-dao-as-maos,planejado,,pendente,,,,
CAL0989,26/09/2027,2027-09-26,Dom,1,ART2929,KW1929,como se faz o aço,Como se faz o aço?,Ciência e fenômenos,ciencia-e-fenomenos,,,KW10129; KW10130; KW10131; KW10132; KW10133; KW10134; KW10135; KW10136,como se faz o aço explicado de forma simples; como se faz o aço entenda como funciona; como se faz o aço causas e explicação; como se faz o aço perguntas e respostas; como se faz o aço o que a ciência sabe; como se faz o aço curiosidades e fatos; como se faz o aço exemplos do dia a dia; como se faz o aço mitos e verdades,como-se-faz-o-aco,planejado,,pendente,,,,
CAL0990,26/09/2027,2027-09-26,Dom,2,ART2787,KW1787,por que ficamos com raiva no trânsito,Por que ficamos com raiva no trânsito?,Psicologia e comportamento,psicologia-e-comportamento,,,KW10137; KW10138; KW10139; KW10140; KW10141; KW10142; KW10143; KW10144,por que ficamos com raiva no trânsito explicado de forma simples; por que ficamos com raiva no trânsito entenda como funciona; por que ficamos com raiva no trânsito causas e explicação; por que ficamos com raiva no trânsito perguntas e respostas; por que ficamos com raiva no trânsito o que a ciência sabe; por que ficamos com raiva no trânsito curiosidades e fatos; por que ficamos com raiva no trânsito exemplos do dia a dia; por que ficamos com raiva no trânsito mitos e verdades,por-que-ficamos-com-raiva-no-transito,planejado,,pendente,,,,
CAL0991,26/09/2027,2027-09-26,Dom,3,ART2924,KW1924,como funciona um elevador,Como funciona um elevador?,"Tecnologia, IA e ciência",tecnologia-ia-e-ciencia,,,KW10145; KW10146; KW10147; KW10148; KW10149; KW10150; KW10151; KW10152,como funciona um elevador explicado de forma simples; como funciona um elevador entenda como funciona; como funciona um elevador causas e explicação; como funciona um elevador perguntas e respostas; como funciona um elevador o que a ciência sabe; como funciona um elevador curiosidades e fatos; como funciona um elevador exemplos do dia a dia; como funciona um elevador mitos e verdades,como-funciona-um-elevador,planejado,,pendente,,,,
CAL0992,27/09/2027,2027-09-27,Seg,1,ART2921,KW1921,o que é o Monte Olimpo,O que é o Monte Olimpo?,Universo e espaço,universo-e-espaco,,,KW10153; KW10154; KW10155; KW10156; KW10157; KW10158; KW10159; KW10160,o que é o Monte Olimpo explicado de forma simples; o que é o Monte Olimpo entenda como funciona; o que é o Monte Olimpo causas e explicação; o que é o Monte Olimpo perguntas e respostas; o que é o Monte Olimpo o que a ciência sabe; o que é o Monte Olimpo curiosidades e fatos; o que é o Monte Olimpo exemplos do dia a dia; o que é o Monte Olimpo mitos e verdades,o-que-e-o-monte-olimpo,planejado,,pendente,,,,
CAL0993,27/09/2027,2027-09-27,Seg,2,ART2794,KW1794,por que a voz muda na adolescência,Por que a voz muda na adolescência?,Corpo humano,corpo-humano,,,KW10161; KW10162; KW10163; KW10164; KW10165; KW10166; KW10167; KW10168,por que a voz muda na adolescência explicado de forma simples; por que a voz muda na adolescência entenda como funciona; por que a voz muda na adolescência causas e explicação; por que a voz muda na adolescência perguntas e respostas; por que a voz muda na adolescência o que a ciência sabe; por que a voz muda na adolescência curiosidades e fatos; por que a voz muda na adolescência exemplos do dia a dia; por que a voz muda na adolescência mitos e verdades,por-que-a-voz-muda-na-adolescencia,planejado,,pendente,,,,
CAL0994,27/09/2027,2027-09-27,Seg,3,ART2934,KW1934,por que as águas-vivas não têm cérebro,Por que as águas-vivas não têm cérebro?,Animais,animais,,,KW10169; KW10170; KW10171; KW10172; KW10173; KW10174; KW10175; KW10176,por que as águas-vivas não têm cérebro explicado de forma simples; por que as águas-vivas não têm cérebro entenda como funciona; por que as águas-vivas não têm cérebro causas e explicação; por que as águas-vivas não têm cérebro perguntas e respostas; por que as águas-vivas não têm cérebro o que a ciência sabe; por que as águas-vivas não têm cérebro curiosidades e fatos; por que as águas-vivas não têm cérebro exemplos do dia a dia; por que as águas-vivas não têm cérebro mitos e verdades,por-que-as-aguas-vivas-nao-tem-cerebro,planejado,,pendente,,,,
CAL0995,28/09/2027,2027-09-28,Ter,1,ART2935,KW1935,como se faz o plástico,Como se faz o plástico?,Ciência e fenômenos,ciencia-e-fenomenos,,,KW10177; KW10178; KW10179; KW10180; KW10181; KW10182; KW10183; KW10184,como se faz o plástico explicado de forma simples; como se faz o plástico entenda como funciona; como se faz o plástico causas e explicação; como se faz o plástico perguntas e respostas; como se faz o plástico o que a ciência sabe; como se faz o plástico curiosidades e fatos; como se faz o plástico exemplos do dia a dia; como se faz o plástico mitos e verdades,como-se-faz-o-plastico,planejado,,pendente,,,,
CAL0996,28/09/2027,2027-09-28,Ter,2,ART2793,KW1793,por que temos mau humor pela manhã,Por que temos mau humor pela manhã?,Psicologia e comportamento,psicologia-e-comportamento,,,KW10185; KW10186; KW10187; KW10188; KW10189; KW10190; KW10191; KW10192,por que temos mau humor pela manhã explicado de forma simples; por que temos mau humor pela manhã entenda como funciona; por que temos mau humor pela manhã causas e explicação; por que temos mau humor pela manhã perguntas e respostas; por que temos mau humor pela manhã o que a ciência sabe; por que temos mau humor pela manhã curiosidades e fatos; por que temos mau humor pela manhã exemplos do dia a dia; por que temos mau humor pela manhã mitos e verdades,por-que-temos-mau-humor-pela-manha,planejado,,pendente,,,,
CAL0997,28/09/2027,2027-09-28,Ter,3,ART2930,KW1930,como funciona uma escada rolante,Como funciona uma escada rolante?,"Tecnologia, IA e ciência",tecnologia-ia-e-ciencia,,,KW10193; KW10194; KW10195; KW10196; KW10197; KW10198; KW10199; KW10200,como funciona uma escada rolante explicado de forma simples; como funciona uma escada rolante entenda como funciona; como funciona uma escada rolante causas e explicação; como funciona uma escada rolante perguntas e respostas; como funciona uma escada rolante o que a ciência sabe; como funciona uma escada rolante curiosidades e fatos; como funciona uma escada rolante exemplos do dia a dia; como funciona uma escada rolante mitos e verdades,como-funciona-uma-escada-rolante,planejado,,pendente,,,,
CAL0998,29/09/2027,2027-09-29,Qua,1,ART2927,KW1927,por que Mercúrio tem temperaturas extremas,Por que Mercúrio tem temperaturas extremas?,Universo e espaço,universo-e-espaco,,,KW10201; KW10202; KW10203; KW10204; KW10205; KW10206; KW10207; KW10208,por que Mercúrio tem temperaturas extremas explicado de forma simples; por que Mercúrio tem temperaturas extremas entenda como funciona; por que Mercúrio tem temperaturas extremas causas e explicação; por que Mercúrio tem temperaturas extremas perguntas e respostas; por que Mercúrio tem temperaturas extremas o que a ciência sabe; por que Mercúrio tem temperaturas extremas curiosidades e fatos; por que Mercúrio tem temperaturas extremas exemplos do dia a dia; por que Mercúrio tem temperaturas extremas mitos e verdades,por-que-mercurio-tem-temperaturas-extremas,planejado,,pendente,,,,
CAL0999,29/09/2027,2027-09-29,Qua,2,ART2800,KW1800,por que temos dentes de leite,Por que temos dentes de leite?,Corpo humano,corpo-humano,,,KW10209; KW10210; KW10211; KW10212; KW10213; KW10214; KW10215; KW10216,por que temos dentes de leite explicado de forma simples; por que temos dentes de leite entenda como funciona; por que temos dentes de leite causas e explicação; por que temos dentes de leite perguntas e respostas; por que temos dentes de leite o que a ciência sabe; por que temos dentes de leite curiosidades e fatos; por que temos dentes de leite exemplos do dia a dia; por que temos dentes de leite mitos e verdades,por-que-temos-dentes-de-leite,planejado,,pendente,,,,
CAL1000,29/09/2027,2027-09-29,Qua,3,ART2940,KW1940,por que os corvos são inteligentes,Por que os corvos são inteligentes?,Animais,animais,,,KW10217; KW10218; KW10219; KW10220; KW10221; KW10222; KW10223; KW10224,por que os corvos são inteligentes explicado de forma simples; por que os corvos são inteligentes entenda como funciona; por que os corvos são inteligentes causas e explicação; por que os corvos são inteligentes perguntas e respostas; por que os corvos são inteligentes o que a ciência sabe; por que os corvos são inteligentes curiosidades e fatos; por que os corvos são inteligentes exemplos do dia a dia; por que os corvos são inteligentes mitos e verdades,por-que-os-corvos-sao-inteligentes,planejado,,pendente,,,,
CAL1001,30/09/2027,2027-09-30,Qui,1,ART2941,KW1941,como se faz o sabão,Como se faz o sabão?,Ciência e fenômenos,ciencia-e-fenomenos,,,KW10225; KW10226; KW10227; KW10228; KW10229; KW10230; KW10231; KW10232,como se faz o sabão explicado de forma simples; como se faz o sabão entenda como funciona; como se faz o sabão causas e explicação; como se faz o sabão perguntas e respostas; como se faz o sabão o que a ciência sabe; como se faz o sabão curiosidades e fatos; como se faz o sabão exemplos do dia a dia; como se faz o sabão mitos e verdades,como-se-faz-o-sabao,planejado,,pendente,,,,
CAL1002,30/09/2027,2027-09-30,Qui,2,ART2799,KW1799,por que temos variações de humor,Por que temos variações de humor?,Psicologia e comportamento,psicologia-e-comportamento,,,KW10233; KW10234; KW10235; KW10236; KW10237; KW10238; KW10239; KW10240,por que temos variações de humor explicado de forma simples; por que temos variações de humor entenda como funciona; por que temos variações de humor causas e explicação; por que temos variações de humor perguntas e respostas; por que temos variações de humor o que a ciência sabe; por que temos variações de humor curiosidades e fatos; por que temos variações de humor exemplos do dia a dia; por que temos variações de humor mitos e verdades,por-que-temos-variacoes-de-humor,planejado,,pendente,,,,
CAL1003,30/09/2027,2027-09-30,Qui,3,ART2936,KW1936,como funciona uma ponte,Como funciona uma ponte?,"Tecnologia, IA e ciência",tecnologia-ia-e-ciencia,,,KW10241; KW10242; KW10243; KW10244; KW10245; KW10246; KW10247; KW10248,como funciona uma ponte explicado de forma simples; como funciona uma ponte entenda como funciona; como funciona uma ponte causas e explicação; como funciona uma ponte perguntas e respostas; como funciona uma ponte o que a ciência sabe; como funciona uma ponte curiosidades e fatos; como funciona uma ponte exemplos do dia a dia; como funciona uma ponte mitos e verdades,como-funciona-uma-ponte,planejado,,pendente,,,,
